/**
 * Generated automatically by buildroot/share/fonts/uxggenpages.sh
 * Contents will be REPLACED by future processing!
 * Use genallfont.sh to generate font data for updated languages.
 */
#pragma once

#include "langdata.h"

const u8g_fntpgm_uint8_t fontpage_69_191_191[45] U8G_FONT_SECTION("fontpage_69_191_191") = {
  0x00,0x10,0x13,0x00,0xFC,0x00,0x00,0x00,0x00,0x00,0xBF,0xBF,0x00,0x0C,0x00,0x00,
  0x00,0x0B,0x0B,0x16,0x10,0x03,0x01,0x00,0x20,0x00,0x60,0x00,0xA0,0x01,0x20,0x02,
  0x20,0x04,0x20,0x08,0x20,0x10,0x20,0x20,0x20,0x40,0x20,0xFF,0xE0};
const u8g_fntpgm_uint8_t fontpage_96_130_130[27] U8G_FONT_SECTION("fontpage_96_130_130") = {
  0x00,0x10,0x13,0x00,0xFC,0x00,0x00,0x00,0x00,0x00,0x82,0x82,0x00,0x04,0x00,0x00,
  0x00,0x04,0x04,0x04,0x10,0x03,0x00,0x60,0x90,0x90,0x60};
const u8g_fntpgm_uint8_t fontpage_156_128_128[25] U8G_FONT_SECTION("fontpage_156_128_128") = {
  0x00,0x10,0x13,0x00,0xFC,0x00,0x00,0x00,0x00,0x00,0x80,0x80,0x00,0x07,0x00,0x00,
  0x00,0x0F,0x01,0x02,0x10,0x00,0x06,0xFF,0xFE};
const u8g_fntpgm_uint8_t fontpage_156_137_139[119] U8G_FONT_SECTION("fontpage_156_137_139") = {
  0x00,0x10,0x13,0x00,0xFC,0x00,0x00,0x00,0x00,0x00,0x89,0x8B,0x00,0x0E,0xFE,0x00,
  0x00,0x0F,0x0C,0x18,0x10,0x00,0x00,0x7F,0xFC,0x00,0x00,0x00,0x00,0x00,0x00,0x00,
  0x00,0x3F,0xF8,0x00,0x00,0x00,0x00,0x00,0x00,0x00,0x00,0x00,0x00,0xFF,0xFE,0x0F,
  0x0F,0x1E,0x10,0x00,0xFF,0x02,0x00,0x02,0x00,0x02,0x00,0x02,0x00,0x02,0x00,0x02,
  0x00,0x03,0xF8,0x02,0x00,0x02,0x00,0x02,0x00,0x02,0x00,0x02,0x00,0x02,0x00,0x02,
  0x00,0xFF,0xFE,0x0F,0x0F,0x1E,0x10,0x00,0xFE,0xFF,0xFE,0x02,0x00,0x02,0x00,0x02,
  0x00,0x02,0x00,0x02,0x40,0x02,0x20,0x02,0x10,0x02,0x08,0x02,0x08,0x02,0x00,0x02,
  0x00,0x02,0x00,0x02,0x00,0x02,0x00};
const u8g_fntpgm_uint8_t fontpage_156_141_141[53] U8G_FONT_SECTION("fontpage_156_141_141") = {
  0x00,0x10,0x13,0x00,0xFC,0x00,0x00,0x00,0x00,0x00,0x8D,0x8D,0x00,0x0D,0xFE,0x00,
  0x00,0x0E,0x0F,0x1E,0x10,0x00,0xFE,0x7F,0xFC,0x00,0x80,0x00,0x80,0x01,0x00,0x01,
  0x00,0x03,0x40,0x05,0x20,0x09,0x10,0x11,0x08,0x21,0x04,0x41,0x04,0x81,0x00,0x01,
  0x00,0x01,0x00,0x01,0x00};
const u8g_fntpgm_uint8_t fontpage_156_147_148[89] U8G_FONT_SECTION("fontpage_156_147_148") = {
  0x00,0x10,0x13,0x00,0xFC,0x00,0x00,0x00,0x00,0x00,0x93,0x94,0x00,0x0E,0xFE,0x00,
  0x00,0x0F,0x10,0x20,0x10,0x00,0xFE,0x01,0x00,0x01,0x00,0x01,0x00,0x3F,0xF8,0x02,
  0x00,0x02,0x00,0xFF,0xFE,0x04,0x00,0x08,0x00,0x0F,0xF0,0x00,0x10,0x00,0x20,0x06,
  0x40,0x01,0x80,0x00,0x40,0x00,0x20,0x0F,0x0E,0x1C,0x10,0x00,0xFF,0x1F,0xF0,0x10,
  0x10,0x10,0x10,0x10,0x10,0x1F,0xF0,0x10,0x10,0x10,0x10,0x10,0x10,0x1F,0xF0,0x10,
  0x10,0x10,0x10,0x10,0x10,0x10,0x10,0xFF,0xFE};
const u8g_fntpgm_uint8_t fontpage_156_157_157[53] U8G_FONT_SECTION("fontpage_156_157_157") = {
  0x00,0x10,0x13,0x00,0xFC,0x00,0x00,0x00,0x00,0x00,0x9D,0x9D,0x00,0x0E,0xFF,0x00,
  0x00,0x0F,0x0F,0x1E,0x10,0x00,0xFF,0x08,0x10,0x08,0x10,0x10,0x20,0x10,0x20,0x22,
  0x44,0x42,0x84,0x7C,0xF8,0x04,0x08,0x08,0x10,0x10,0x20,0x20,0x40,0x7E,0xFC,0x00,
  0x00,0x00,0x00,0xFF,0xFE};
const u8g_fntpgm_uint8_t fontpage_156_170_170[55] U8G_FONT_SECTION("fontpage_156_170_170") = {
  0x00,0x10,0x13,0x00,0xFC,0x00,0x00,0x00,0x00,0x00,0xAA,0xAA,0x00,0x0E,0xFE,0x00,
  0x00,0x0F,0x10,0x20,0x10,0x00,0xFE,0x01,0x00,0x01,0x00,0x02,0x80,0x04,0x40,0x08,
  0x20,0x10,0x10,0x21,0x08,0xC1,0x06,0x01,0x00,0x01,0x00,0x01,0x00,0x01,0x00,0x01,
  0x00,0x01,0x00,0x01,0x00,0x01,0x00};
const u8g_fntpgm_uint8_t fontpage_156_173_173[55] U8G_FONT_SECTION("fontpage_156_173_173") = {
  0x00,0x10,0x13,0x00,0xFC,0x00,0x00,0x00,0x00,0x00,0xAD,0xAD,0x00,0x0E,0xFE,0x00,
  0x00,0x0B,0x10,0x20,0x10,0x02,0xFE,0x04,0x00,0x04,0x00,0x04,0x00,0x04,0x00,0xFF,
  0xE0,0x84,0x20,0x84,0x20,0x84,0x20,0x84,0x20,0x84,0x20,0xFF,0xE0,0x84,0x20,0x04,
  0x00,0x04,0x00,0x04,0x00,0x04,0x00};
const u8g_fntpgm_uint8_t fontpage_156_186_187[91] U8G_FONT_SECTION("fontpage_156_186_187") = {
  0x00,0x10,0x13,0x00,0xFC,0x00,0x00,0x00,0x00,0x00,0xBA,0xBB,0x00,0x0E,0xFE,0x00,
  0x00,0x0D,0x10,0x20,0x10,0x00,0xFE,0x01,0x00,0x21,0x00,0x11,0x00,0x11,0x00,0x01,
  0x00,0x7F,0xF8,0x02,0x08,0x02,0x08,0x02,0x88,0x04,0x48,0x04,0x48,0x08,0x08,0x10,
  0x08,0x20,0x08,0x40,0x50,0x80,0x20,0x0F,0x0F,0x1E,0x10,0x00,0xFF,0x02,0x00,0x01,
  0x00,0x00,0x00,0x7F,0xFC,0x01,0x00,0x01,0x00,0x01,0x00,0x01,0x00,0x3F,0xF8,0x01,
  0x00,0x01,0x00,0x01,0x00,0x01,0x00,0x01,0x00,0xFF,0xFE};
const u8g_fntpgm_uint8_t fontpage_156_201_201[55] U8G_FONT_SECTION("fontpage_156_201_201") = {
  0x00,0x10,0x13,0x00,0xFC,0x00,0x00,0x00,0x00,0x00,0xC9,0xC9,0x00,0x0E,0xFE,0x00,
  0x00,0x0F,0x10,0x20,0x10,0x00,0xFE,0x02,0x00,0x01,0x10,0x21,0x10,0x20,0x10,0x10,
  0x20,0x10,0x20,0x08,0x20,0x08,0x40,0x04,0x40,0x02,0x80,0x01,0x00,0x02,0x80,0x04,
  0x40,0x08,0x20,0x30,0x18,0xC0,0x06};
const u8g_fntpgm_uint8_t fontpage_156_203_203[53] U8G_FONT_SECTION("fontpage_156_203_203") = {
  0x00,0x10,0x13,0x00,0xFC,0x00,0x00,0x00,0x00,0x00,0xCB,0xCB,0x00,0x0E,0xFF,0x00,
  0x00,0x0E,0x0F,0x1E,0x10,0x01,0xFF,0x04,0x00,0x02,0x00,0x02,0x00,0x00,0x00,0xFF,
  0xF0,0x00,0x20,0x00,0x40,0x00,0x80,0x01,0x00,0x02,0x00,0x04,0x00,0x08,0x00,0x30,
  0x00,0x48,0x00,0x87,0xFC};
const u8g_fntpgm_uint8_t fontpage_157_134_134[53] U8G_FONT_SECTION("fontpage_157_134_134") = {
  0x00,0x10,0x13,0x00,0xFC,0x00,0x00,0x00,0x00,0x00,0x86,0x86,0x00,0x0D,0xFE,0x00,
  0x00,0x0C,0x0F,0x1E,0x10,0x01,0xFE,0xFF,0xF0,0x00,0x20,0x00,0x40,0x00,0x80,0x03,
  0x00,0x02,0x00,0x02,0x00,0x02,0x00,0x02,0x00,0x02,0x00,0x02,0x00,0x02,0x00,0x02,
  0x00,0x0A,0x00,0x04,0x00};
const u8g_fntpgm_uint8_t fontpage_157_140_140[43] U8G_FONT_SECTION("fontpage_157_140_140") = {
  0x00,0x10,0x13,0x00,0xFC,0x00,0x00,0x00,0x00,0x00,0x8C,0x8C,0x00,0x0B,0x00,0x00,
  0x00,0x0F,0x0A,0x14,0x10,0x00,0x01,0x3F,0xF8,0x00,0x00,0x00,0x00,0x00,0x00,0x00,
  0x00,0x00,0x00,0x00,0x00,0x00,0x00,0x00,0x00,0xFF,0xFE};
const u8g_fntpgm_uint8_t fontpage_157_142_142[53] U8G_FONT_SECTION("fontpage_157_142_142") = {
  0x00,0x10,0x13,0x00,0xFC,0x00,0x00,0x00,0x00,0x00,0x8E,0x8E,0x00,0x0D,0xFE,0x00,
  0x00,0x0F,0x0F,0x1E,0x10,0x00,0xFE,0x3F,0xF8,0x01,0x00,0x01,0x00,0x01,0x00,0x01,
  0x00,0xFF,0xFE,0x01,0x00,0x01,0x00,0x01,0x00,0x01,0x00,0x01,0x00,0x01,0x00,0x01,
  0x00,0x05,0x00,0x02,0x00};
const u8g_fntpgm_uint8_t fontpage_157_164_164[55] U8G_FONT_SECTION("fontpage_157_164_164") = {
  0x00,0x10,0x13,0x00,0xFC,0x00,0x00,0x00,0x00,0x00,0xA4,0xA4,0x00,0x0E,0xFE,0x00,
  0x00,0x0F,0x10,0x20,0x10,0x00,0xFE,0x02,0x00,0x01,0x00,0x01,0x00,0xFF,0xFE,0x00,
  0x00,0x10,0x10,0x10,0x08,0x20,0x24,0x48,0x24,0x04,0x40,0x02,0x80,0x01,0x00,0x02,
  0x80,0x0C,0x40,0x30,0x30,0xC0,0x0E};
const u8g_fntpgm_uint8_t fontpage_157_174_174[55] U8G_FONT_SECTION("fontpage_157_174_174") = {
  0x00,0x10,0x13,0x00,0xFC,0x00,0x00,0x00,0x00,0x00,0xAE,0xAE,0x00,0x0E,0xFE,0x00,
  0x00,0x0F,0x10,0x20,0x10,0x00,0xFE,0x02,0x00,0x01,0x00,0x7F,0xFC,0x00,0x00,0x1F,
  0xF0,0x10,0x10,0x1F,0xF0,0x00,0x00,0x7F,0xFE,0x40,0x02,0x8F,0xE4,0x08,0x20,0x08,
  0x20,0x10,0x22,0x20,0x22,0xC0,0x1E};
const u8g_fntpgm_uint8_t fontpage_157_203_203[55] U8G_FONT_SECTION("fontpage_157_203_203") = {
  0x00,0x10,0x13,0x00,0xFC,0x00,0x00,0x00,0x00,0x00,0xCB,0xCB,0x00,0x0E,0xFE,0x00,
  0x00,0x0F,0x10,0x20,0x10,0x00,0xFE,0x01,0x00,0x01,0x00,0x02,0x80,0x04,0x40,0x08,
  0x20,0x10,0x10,0x20,0x08,0xC8,0x26,0x08,0x20,0x08,0x20,0x08,0x20,0x08,0x20,0x10,
  0x20,0x10,0x20,0x20,0x20,0x40,0x20};
const u8g_fntpgm_uint8_t fontpage_157_206_206[55] U8G_FONT_SECTION("fontpage_157_206_206") = {
  0x00,0x10,0x13,0x00,0xFC,0x00,0x00,0x00,0x00,0x00,0xCE,0xCE,0x00,0x0E,0xFE,0x00,
  0x00,0x0F,0x10,0x20,0x10,0x00,0xFE,0x08,0x20,0x08,0x20,0x08,0x20,0x08,0x20,0x08,
  0x20,0x08,0x20,0x08,0x20,0x08,0x20,0x08,0x50,0x14,0x50,0x12,0x50,0x12,0x88,0x20,
  0x88,0x21,0x04,0x42,0x04,0x84,0x02};
const u8g_fntpgm_uint8_t fontpage_157_227_229[131] U8G_FONT_SECTION("fontpage_157_227_229") = {
  0x00,0x10,0x13,0x00,0xFC,0x00,0x00,0x00,0x00,0x00,0xE3,0xE5,0x00,0x0E,0xFE,0x00,
  0x00,0x0F,0x10,0x20,0x10,0x00,0xFE,0x08,0x90,0x08,0x88,0x08,0x88,0x10,0x80,0x10,
  0xBE,0x37,0xC0,0x30,0x80,0x50,0x40,0x90,0x40,0x10,0x40,0x10,0x20,0x10,0x22,0x10,
  0x12,0x10,0x0A,0x10,0x06,0x10,0x02,0x0F,0x10,0x20,0x10,0x00,0xFE,0x01,0x00,0x01,
  0x00,0x02,0x80,0x04,0x40,0x0A,0x20,0x11,0x10,0x21,0x08,0xC0,0x06,0x1F,0xF0,0x00,
  0x10,0x00,0x20,0x04,0x40,0x02,0x80,0x01,0x00,0x00,0x80,0x00,0x80,0x0D,0x10,0x20,
  0x10,0x02,0xFE,0x00,0x40,0x10,0x40,0x88,0x40,0x84,0x40,0x84,0x40,0x80,0x40,0x80,
  0x40,0x80,0x80,0x80,0x80,0x80,0x80,0x91,0x00,0xA1,0x40,0xC2,0x20,0x84,0x10,0x08,
  0x08,0x10,0x08};
const u8g_fntpgm_uint8_t fontpage_157_246_246[55] U8G_FONT_SECTION("fontpage_157_246_246") = {
  0x00,0x10,0x13,0x00,0xFC,0x00,0x00,0x00,0x00,0x00,0xF6,0xF6,0x00,0x0E,0xFE,0x00,
  0x00,0x0F,0x10,0x20,0x10,0x00,0xFE,0x08,0x20,0x08,0x20,0x09,0x20,0x11,0x20,0x11,
  0xFC,0x32,0x20,0x32,0x20,0x54,0x20,0x90,0x20,0x17,0xFE,0x10,0x20,0x10,0x20,0x10,
  0x20,0x10,0x20,0x10,0x20,0x10,0x20};
const u8g_fntpgm_uint8_t fontpage_157_251_251[55] U8G_FONT_SECTION("fontpage_157_251_251") = {
  0x00,0x10,0x13,0x00,0xFC,0x00,0x00,0x00,0x00,0x00,0xFB,0xFB,0x00,0x0E,0xFE,0x00,
  0x00,0x0F,0x10,0x20,0x10,0x00,0xFE,0x08,0x10,0x08,0x78,0x0B,0xC0,0x10,0x40,0x10,
  0x40,0x30,0x40,0x30,0x40,0x5F,0xFE,0x90,0x40,0x10,0x40,0x10,0x40,0x10,0x40,0x10,
  0x40,0x10,0x40,0x17,0xFC,0x10,0x00};
const u8g_fntpgm_uint8_t fontpage_157_253_253[55] U8G_FONT_SECTION("fontpage_157_253_253") = {
  0x00,0x10,0x13,0x00,0xFC,0x00,0x00,0x00,0x00,0x00,0xFD,0xFD,0x00,0x0E,0xFE,0x00,
  0x00,0x0F,0x10,0x20,0x10,0x00,0xFE,0x08,0x10,0x08,0x90,0x08,0x90,0x10,0x88,0x11,
  0x08,0x31,0x04,0x32,0x04,0x55,0xFA,0x90,0x88,0x10,0x88,0x10,0x88,0x10,0x88,0x11,
  0x08,0x11,0x08,0x12,0x28,0x14,0x10};
const u8g_fntpgm_uint8_t fontpage_158_145_145[55] U8G_FONT_SECTION("fontpage_158_145_145") = {
  0x00,0x10,0x13,0x00,0xFC,0x00,0x00,0x00,0x00,0x00,0x91,0x91,0x00,0x0E,0xFE,0x00,
  0x00,0x0F,0x10,0x20,0x10,0x00,0xFE,0x08,0x40,0x08,0x40,0x08,0x40,0x10,0x40,0x17,
  0xFE,0x30,0x40,0x30,0xE0,0x50,0xE0,0x91,0x50,0x11,0x50,0x12,0x48,0x14,0x44,0x18,
  0x42,0x10,0x40,0x10,0x40,0x10,0x40};
const u8g_fntpgm_uint8_t fontpage_158_160_160[55] U8G_FONT_SECTION("fontpage_158_160_160") = {
  0x00,0x10,0x13,0x00,0xFC,0x00,0x00,0x00,0x00,0x00,0xA0,0xA0,0x00,0x0E,0xFE,0x00,
  0x00,0x0F,0x10,0x20,0x10,0x00,0xFE,0x08,0x40,0x08,0x40,0x08,0x40,0x13,0xF8,0x10,
  0x40,0x30,0x80,0x37,0xFE,0x50,0x80,0x91,0x00,0x13,0xF8,0x10,0x08,0x11,0x10,0x10,
  0xA0,0x10,0x40,0x10,0x20,0x10,0x20};
const u8g_fntpgm_uint8_t fontpage_158_205_207[131] U8G_FONT_SECTION("fontpage_158_205_207") = {
  0x00,0x10,0x13,0x00,0xFC,0x00,0x00,0x00,0x00,0x00,0xCD,0xCF,0x00,0x0E,0xFE,0x00,
  0x00,0x0F,0x10,0x20,0x10,0x00,0xFE,0x08,0x80,0x08,0x40,0x08,0x40,0x10,0x00,0x17,
  0xFC,0x30,0x00,0x30,0x08,0x52,0x08,0x92,0x08,0x11,0x10,0x11,0x10,0x11,0x10,0x11,
  0x20,0x10,0x20,0x1F,0xFE,0x10,0x00,0x0F,0x10,0x20,0x10,0x00,0xFE,0x08,0x08,0x08,
  0x3C,0x0B,0xE0,0x12,0x20,0x12,0x20,0x32,0x20,0x32,0x20,0x53,0xFE,0x92,0x20,0x12,
  0x10,0x12,0x10,0x12,0x12,0x12,0x0A,0x12,0x8A,0x13,0x26,0x12,0x12,0x0F,0x10,0x20,
  0x10,0x00,0xFE,0x08,0x80,0x08,0x40,0x08,0x00,0x17,0xFC,0x10,0x40,0x30,0x40,0x30,
  0x40,0x50,0x40,0x97,0xFC,0x10,0x40,0x10,0x40,0x10,0x40,0x10,0x40,0x10,0x40,0x1F,
  0xFE,0x10,0x00};
const u8g_fntpgm_uint8_t fontpage_158_211_211[55] U8G_FONT_SECTION("fontpage_158_211_211") = {
  0x00,0x10,0x13,0x00,0xFC,0x00,0x00,0x00,0x00,0x00,0xD3,0xD3,0x00,0x0E,0xFE,0x00,
  0x00,0x0F,0x10,0x20,0x10,0x00,0xFE,0x08,0x40,0x08,0x40,0x08,0x40,0x10,0x40,0x17,
  0xFC,0x30,0x40,0x30,0xE0,0x50,0xE0,0x91,0x50,0x11,0x50,0x12,0x48,0x15,0xF4,0x18,
  0x42,0x10,0x40,0x10,0x40,0x10,0x40};
const u8g_fntpgm_uint8_t fontpage_158_217_217[55] U8G_FONT_SECTION("fontpage_158_217_217") = {
  0x00,0x10,0x13,0x00,0xFC,0x00,0x00,0x00,0x00,0x00,0xD9,0xD9,0x00,0x0E,0xFE,0x00,
  0x00,0x0F,0x10,0x20,0x10,0x00,0xFE,0x01,0x00,0x01,0x00,0x02,0x80,0x04,0x40,0x08,
  0x20,0x10,0x10,0x2F,0xE8,0xC1,0x06,0x01,0x00,0x3F,0xF8,0x01,0x00,0x11,0x10,0x11,
  0x08,0x21,0x04,0x45,0x04,0x02,0x00};
const u8g_fntpgm_uint8_t fontpage_158_220_220[55] U8G_FONT_SECTION("fontpage_158_220_220") = {
  0x00,0x10,0x13,0x00,0xFC,0x00,0x00,0x00,0x00,0x00,0xDC,0xDC,0x00,0x0E,0xFE,0x00,
  0x00,0x0F,0x10,0x20,0x10,0x00,0xFE,0x09,0x00,0x09,0x00,0x09,0x00,0x11,0xFE,0x12,
  0x80,0x32,0x80,0x34,0x80,0x50,0xF8,0x90,0x80,0x10,0x80,0x10,0x80,0x10,0xFC,0x10,
  0x80,0x10,0x80,0x10,0x80,0x10,0x80};
const u8g_fntpgm_uint8_t fontpage_158_255_255[55] U8G_FONT_SECTION("fontpage_158_255_255") = {
  0x00,0x10,0x13,0x00,0xFC,0x00,0x00,0x00,0x00,0x00,0xFF,0xFF,0x00,0x0E,0xFE,0x00,
  0x00,0x0F,0x10,0x20,0x10,0x00,0xFE,0x10,0x40,0x10,0x40,0x1F,0xFE,0x20,0x40,0x20,
  0x40,0x67,0xFC,0x64,0x44,0xA4,0x44,0x27,0xFC,0x20,0x40,0x22,0x40,0x21,0x40,0x20,
  0x80,0x21,0x40,0x22,0x30,0x2C,0x0E};
const u8g_fntpgm_uint8_t fontpage_159_155_155[55] U8G_FONT_SECTION("fontpage_159_155_155") = {
  0x00,0x10,0x13,0x00,0xFC,0x00,0x00,0x00,0x00,0x00,0x9B,0x9B,0x00,0x0E,0xFE,0x00,
  0x00,0x0F,0x10,0x20,0x10,0x00,0xFE,0x09,0x10,0x09,0x10,0x09,0x10,0x11,0x10,0x13,
  0xFC,0x31,0x10,0x31,0x10,0x51,0x10,0x91,0x10,0x17,0xFE,0x10,0x00,0x11,0x10,0x11,
  0x08,0x12,0x08,0x14,0x04,0x18,0x04};
const u8g_fntpgm_uint8_t fontpage_159_181_181[55] U8G_FONT_SECTION("fontpage_159_181_181") = {
  0x00,0x10,0x13,0x00,0xFC,0x00,0x00,0x00,0x00,0x00,0xB5,0xB5,0x00,0x0E,0xFE,0x00,
  0x00,0x0F,0x10,0x20,0x10,0x00,0xFE,0x08,0x00,0x0B,0xF8,0x08,0x08,0x11,0xF8,0x10,
  0x08,0x33,0xF8,0x30,0x00,0x57,0xFC,0x94,0x04,0x13,0xF0,0x11,0x10,0x11,0x10,0x10,
  0xA0,0x10,0x40,0x11,0xB0,0x16,0x0E};
const u8g_fntpgm_uint8_t fontpage_159_221_221[55] U8G_FONT_SECTION("fontpage_159_221_221") = {
  0x00,0x10,0x13,0x00,0xFC,0x00,0x00,0x00,0x00,0x00,0xDD,0xDD,0x00,0x0E,0xFE,0x00,
  0x00,0x0F,0x10,0x20,0x10,0x00,0xFE,0x08,0x00,0x0B,0xF8,0x0A,0x08,0x12,0x08,0x12,
  0x08,0x33,0xF8,0x30,0x40,0x50,0x40,0x97,0xFC,0x10,0xE0,0x11,0x50,0x12,0x48,0x14,
  0x44,0x18,0x42,0x10,0x40,0x10,0x40};
const u8g_fntpgm_uint8_t fontpage_159_225_225[55] U8G_FONT_SECTION("fontpage_159_225_225") = {
  0x00,0x10,0x13,0x00,0xFC,0x00,0x00,0x00,0x00,0x00,0xE1,0xE1,0x00,0x0E,0xFE,0x00,
  0x00,0x0F,0x10,0x20,0x10,0x00,0xFE,0x08,0x40,0x08,0x20,0x0B,0xFE,0x10,0x00,0x10,
  0x00,0x31,0xFC,0x30,0x00,0x50,0x00,0x91,0xFC,0x10,0x00,0x10,0x00,0x11,0xFC,0x11,
  0x04,0x11,0x04,0x11,0xFC,0x11,0x04};
const u8g_fntpgm_uint8_t fontpage_159_238_238[55] U8G_FONT_SECTION("fontpage_159_238_238") = {
  0x00,0x10,0x13,0x00,0xFC,0x00,0x00,0x00,0x00,0x00,0xEE,0xEE,0x00,0x0E,0xFE,0x00,
  0x00,0x0F,0x10,0x20,0x10,0x00,0xFE,0x10,0x80,0x10,0x80,0x11,0xF8,0x21,0x08,0x2A,
  0x90,0x6C,0x60,0xA9,0x98,0x2E,0x26,0x28,0xC0,0x2B,0x10,0x28,0x20,0x28,0xC8,0x2B,
  0x10,0x20,0x60,0x21,0x80,0x26,0x00};
const u8g_fntpgm_uint8_t fontpage_160_188_188[55] U8G_FONT_SECTION("fontpage_160_188_188") = {
  0x00,0x10,0x13,0x00,0xFC,0x00,0x00,0x00,0x00,0x00,0xBC,0xBC,0x00,0x0E,0xFE,0x00,
  0x00,0x0F,0x10,0x20,0x10,0x00,0xFE,0x08,0x40,0x08,0x40,0x0F,0xFC,0x10,0x40,0x10,
  0x40,0x33,0xF8,0x32,0x08,0x53,0xF8,0x92,0x08,0x13,0xF8,0x12,0x08,0x13,0xF8,0x12,
  0x08,0x12,0x08,0x1F,0xFE,0x10,0x00};
const u8g_fntpgm_uint8_t fontpage_160_190_190[55] U8G_FONT_SECTION("fontpage_160_190_190") = {
  0x00,0x10,0x13,0x00,0xFC,0x00,0x00,0x00,0x00,0x00,0xBE,0xBE,0x00,0x0E,0xFE,0x00,
  0x00,0x0F,0x10,0x20,0x10,0x00,0xFE,0x10,0x00,0x10,0xFE,0x14,0x10,0x24,0x20,0x24,
  0x7C,0x64,0x44,0x67,0x54,0xA4,0x54,0x24,0x54,0x24,0x54,0x25,0x54,0x26,0x54,0x24,
  0x20,0x20,0x28,0x20,0x44,0x20,0x82};
const u8g_fntpgm_uint8_t fontpage_160_207_207[55] U8G_FONT_SECTION("fontpage_160_207_207") = {
  0x00,0x10,0x13,0x00,0xFC,0x00,0x00,0x00,0x00,0x00,0xCF,0xCF,0x00,0x0E,0xFE,0x00,
  0x00,0x0E,0x10,0x20,0x10,0x00,0xFE,0x10,0x80,0x10,0x40,0x17,0xFC,0x24,0x04,0x24,
  0x04,0x67,0xFC,0x64,0x00,0xA4,0x00,0x27,0xFC,0x26,0xA4,0x2A,0xA4,0x2B,0xFC,0x2A,
  0xA4,0x2A,0xA4,0x32,0xA4,0x22,0x0C};
const u8g_fntpgm_uint8_t fontpage_160_220_220[55] U8G_FONT_SECTION("fontpage_160_220_220") = {
  0x00,0x10,0x13,0x00,0xFC,0x00,0x00,0x00,0x00,0x00,0xDC,0xDC,0x00,0x0E,0xFE,0x00,
  0x00,0x0F,0x10,0x20,0x10,0x00,0xFE,0x10,0x80,0x10,0x40,0x17,0xFC,0x20,0x00,0x23,
  0xF8,0x62,0x08,0x63,0xF8,0xA0,0x00,0x2F,0xFE,0x28,0x02,0x23,0xF8,0x20,0x40,0x20,
  0x40,0x20,0x40,0x21,0x40,0x20,0x80};
const u8g_fntpgm_uint8_t fontpage_160_255_255[55] U8G_FONT_SECTION("fontpage_160_255_255") = {
  0x00,0x10,0x13,0x00,0xFC,0x00,0x00,0x00,0x00,0x00,0xFF,0xFF,0x00,0x0E,0xFE,0x00,
  0x00,0x0F,0x10,0x20,0x10,0x00,0xFE,0x08,0x40,0x0A,0x48,0x09,0x50,0x10,0x40,0x17,
  0xFE,0x34,0x02,0x38,0x04,0x51,0xF0,0x90,0x00,0x10,0x00,0x17,0xFC,0x10,0x80,0x11,
  0x10,0x12,0x08,0x17,0xFC,0x12,0x04};
const u8g_fntpgm_uint8_t fontpage_161_168_168[55] U8G_FONT_SECTION("fontpage_161_168_168") = {
  0x00,0x10,0x13,0x00,0xFC,0x00,0x00,0x00,0x00,0x00,0xA8,0xA8,0x00,0x0E,0xFE,0x00,
  0x00,0x0F,0x10,0x20,0x10,0x00,0xFE,0x10,0x20,0x10,0x20,0x18,0xFA,0x24,0x24,0x24,
  0x28,0x61,0xFE,0x60,0x20,0xBC,0x40,0x24,0xFC,0x25,0x44,0x26,0x44,0x24,0x7C,0x25,
  0x44,0x26,0x44,0x24,0x7C,0x20,0x44};
const u8g_fntpgm_uint8_t fontpage_161_207_207[55] U8G_FONT_SECTION("fontpage_161_207_207") = {
  0x00,0x10,0x13,0x00,0xFC,0x00,0x00,0x00,0x00,0x00,0xCF,0xCF,0x00,0x0E,0xFE,0x00,
  0x00,0x0F,0x10,0x20,0x10,0x00,0xFE,0x09,0x00,0x09,0xF0,0x0A,0x10,0x17,0xFC,0x1A,
  0x24,0x32,0x44,0x33,0xFC,0x50,0x80,0x91,0x44,0x16,0xA8,0x11,0x30,0x16,0x68,0x10,
  0xA8,0x11,0x24,0x16,0xA2,0x10,0x40};
const u8g_fntpgm_uint8_t fontpage_162_193_193[55] U8G_FONT_SECTION("fontpage_162_193_193") = {
  0x00,0x10,0x13,0x00,0xFC,0x00,0x00,0x00,0x00,0x00,0xC1,0xC1,0x00,0x0E,0xFE,0x00,
  0x00,0x0F,0x10,0x20,0x10,0x00,0xFE,0x01,0x00,0x01,0x00,0x02,0x00,0x04,0x40,0x08,
  0x20,0x10,0x10,0x3F,0xF8,0x04,0x48,0x04,0x40,0x04,0x40,0x04,0x40,0x08,0x40,0x08,
  0x42,0x10,0x42,0x20,0x42,0xC0,0x3E};
const u8g_fntpgm_uint8_t fontpage_162_197_197[55] U8G_FONT_SECTION("fontpage_162_197_197") = {
  0x00,0x10,0x13,0x00,0xFC,0x00,0x00,0x00,0x00,0x00,0xC5,0xC5,0x00,0x0E,0xFE,0x00,
  0x00,0x0F,0x10,0x20,0x10,0x00,0xFE,0x02,0x00,0x01,0x00,0xFF,0xFE,0x04,0x00,0x04,
  0x00,0x08,0x20,0x10,0x10,0x3F,0xF8,0x04,0x48,0x04,0x40,0x04,0x40,0x04,0x40,0x08,
  0x44,0x08,0x44,0x10,0x44,0x60,0x3C};
const u8g_fntpgm_uint8_t fontpage_162_200_201[93] U8G_FONT_SECTION("fontpage_162_200_201") = {
  0x00,0x10,0x13,0x00,0xFC,0x00,0x00,0x00,0x00,0x00,0xC8,0xC9,0x00,0x0E,0xFE,0x00,
  0x00,0x0F,0x10,0x20,0x10,0x00,0xFE,0x01,0x00,0x11,0x00,0x11,0x00,0x1F,0xF8,0x21,
  0x00,0x41,0x00,0x01,0x00,0xFF,0xFE,0x04,0x40,0x04,0x40,0x04,0x40,0x08,0x40,0x08,
  0x42,0x10,0x42,0x20,0x3E,0xC0,0x00,0x0F,0x10,0x20,0x10,0x00,0xFE,0x01,0x00,0x21,
  0x08,0x11,0x08,0x09,0x10,0x09,0x20,0x01,0x00,0xFF,0xFE,0x04,0x40,0x04,0x40,0x04,
  0x40,0x04,0x40,0x08,0x42,0x08,0x42,0x10,0x42,0x20,0x3E,0xC0,0x00};
const u8g_fntpgm_uint8_t fontpage_162_205_205[55] U8G_FONT_SECTION("fontpage_162_205_205") = {
  0x00,0x10,0x13,0x00,0xFC,0x00,0x00,0x00,0x00,0x00,0xCD,0xCD,0x00,0x0E,0xFE,0x00,
  0x00,0x0F,0x10,0x20,0x10,0x00,0xFE,0x08,0x00,0x08,0x00,0x0F,0xE0,0x10,0x20,0x20,
  0x40,0x7F,0xF8,0xA1,0x08,0x21,0x08,0x21,0x08,0x3F,0xF8,0x22,0x88,0x04,0x80,0x08,
  0x80,0x10,0x82,0x20,0x82,0xC0,0x7E};
const u8g_fntpgm_uint8_t fontpage_162_229_229[55] U8G_FONT_SECTION("fontpage_162_229_229") = {
  0x00,0x10,0x13,0x00,0xFC,0x00,0x00,0x00,0x00,0x00,0xE5,0xE5,0x00,0x0E,0xFE,0x00,
  0x00,0x0F,0x10,0x20,0x10,0x00,0xFE,0x04,0x00,0x02,0x00,0x01,0x00,0x01,0x00,0x01,
  0x00,0x02,0x80,0x02,0x80,0x02,0x80,0x04,0x40,0x04,0x40,0x08,0x20,0x08,0x20,0x10,
  0x10,0x20,0x10,0x40,0x08,0x80,0x06};
const u8g_fntpgm_uint8_t fontpage_162_232_232[53] U8G_FONT_SECTION("fontpage_162_232_232") = {
  0x00,0x10,0x13,0x00,0xFC,0x00,0x00,0x00,0x00,0x00,0xE8,0xE8,0x00,0x0E,0xFF,0x00,
  0x00,0x0F,0x0F,0x1E,0x10,0x00,0xFF,0x01,0x00,0x01,0x00,0x02,0x80,0x04,0x40,0x08,
  0x20,0x10,0x10,0x2F,0xE8,0xC1,0x06,0x01,0x00,0x01,0x00,0x1F,0xF0,0x01,0x00,0x01,
  0x00,0x01,0x00,0x7F,0xFC};
const u8g_fntpgm_uint8_t fontpage_162_236_236[53] U8G_FONT_SECTION("fontpage_162_236_236") = {
  0x00,0x10,0x13,0x00,0xFC,0x00,0x00,0x00,0x00,0x00,0xEC,0xEC,0x00,0x0E,0xFF,0x00,
  0x00,0x0F,0x0F,0x1E,0x10,0x00,0xFF,0x00,0x80,0x04,0x80,0x04,0x80,0x08,0x40,0x08,
  0x40,0x10,0x20,0x20,0x10,0x42,0x08,0x82,0x06,0x04,0x00,0x04,0x40,0x08,0x20,0x10,
  0x20,0x3F,0xF0,0x10,0x10};
const u8g_fntpgm_uint8_t fontpage_162_241_241[55] U8G_FONT_SECTION("fontpage_162_241_241") = {
  0x00,0x10,0x13,0x00,0xFC,0x00,0x00,0x00,0x00,0x00,0xF1,0xF1,0x00,0x0E,0xFE,0x00,
  0x00,0x0E,0x10,0x20,0x10,0x01,0xFE,0x08,0x40,0x08,0x40,0x08,0x40,0x08,0x40,0x7F,
  0xF8,0x08,0x40,0x08,0x40,0x08,0x40,0x08,0x40,0x08,0x40,0xFF,0xFC,0x00,0x00,0x08,
  0x40,0x10,0x20,0x20,0x10,0x40,0x08};
const u8g_fntpgm_uint8_t fontpage_162_243_243[55] U8G_FONT_SECTION("fontpage_162_243_243") = {
  0x00,0x10,0x13,0x00,0xFC,0x00,0x00,0x00,0x00,0x00,0xF3,0xF3,0x00,0x0E,0xFE,0x00,
  0x00,0x0F,0x10,0x20,0x10,0x00,0xFE,0x10,0x10,0x08,0x10,0x08,0x20,0x00,0x00,0x3F,
  0xF8,0x01,0x00,0x01,0x00,0x01,0x00,0xFF,0xFE,0x01,0x00,0x02,0x80,0x02,0x80,0x04,
  0x40,0x08,0x20,0x30,0x18,0xC0,0x06};
const u8g_fntpgm_uint8_t fontpage_162_246_247[91] U8G_FONT_SECTION("fontpage_162_246_247") = {
  0x00,0x10,0x13,0x00,0xFC,0x00,0x00,0x00,0x00,0x00,0xF6,0xF7,0x00,0x0E,0xFE,0x00,
  0x00,0x0F,0x10,0x20,0x10,0x00,0xFE,0x08,0x20,0x08,0x20,0x7F,0xFC,0x08,0x20,0x08,
  0x20,0x0F,0xE0,0x08,0x20,0x08,0x20,0x0F,0xE0,0x08,0x20,0x08,0x20,0xFF,0xFE,0x00,
  0x00,0x08,0x20,0x10,0x10,0x20,0x08,0x0F,0x0F,0x1E,0x10,0x00,0xFE,0x1F,0xF0,0x10,
  0x10,0x10,0x10,0x1F,0xF0,0x10,0x10,0x1F,0xF0,0x10,0x10,0x1F,0xF0,0x10,0x10,0x10,
  0x10,0xFF,0xFE,0x04,0x40,0x08,0x20,0x10,0x10,0x20,0x08};
const u8g_fntpgm_uint8_t fontpage_163_133_133[55] U8G_FONT_SECTION("fontpage_163_133_133") = {
  0x00,0x10,0x13,0x00,0xFC,0x00,0x00,0x00,0x00,0x00,0x85,0x85,0x00,0x0E,0xFE,0x00,
  0x00,0x0D,0x10,0x20,0x10,0x01,0xFE,0x02,0x00,0x02,0x00,0x02,0x00,0xFF,0xF8,0x82,
  0x08,0x82,0x08,0x82,0x08,0x85,0x08,0x84,0x88,0x88,0x48,0x90,0x28,0xA0,0x28,0x80,
  0x08,0x80,0x08,0x80,0x28,0x80,0x10};
const u8g_fntpgm_uint8_t fontpage_163_141_141[53] U8G_FONT_SECTION("fontpage_163_141_141") = {
  0x00,0x10,0x13,0x00,0xFC,0x00,0x00,0x00,0x00,0x00,0x8D,0x8D,0x00,0x0D,0xFE,0x00,
  0x00,0x0F,0x0F,0x1E,0x10,0x00,0xFE,0xFF,0xFE,0x01,0x00,0x01,0x00,0x3F,0xF8,0x21,
  0x08,0x21,0x08,0x3F,0xF8,0x21,0x08,0x21,0x08,0xFF,0xFE,0x20,0x08,0x20,0x08,0x20,
  0x08,0x20,0x28,0x20,0x10};
const u8g_fntpgm_uint8_t fontpage_163_151_151[51] U8G_FONT_SECTION("fontpage_163_151_151") = {
  0x00,0x10,0x13,0x00,0xFC,0x00,0x00,0x00,0x00,0x00,0x97,0x97,0x00,0x0C,0xFE,0x00,
  0x00,0x0F,0x0E,0x1C,0x10,0x00,0xFE,0x7F,0xFE,0x40,0x02,0x80,0x04,0x00,0x00,0x0F,
  0xC0,0x08,0x40,0x08,0x40,0x08,0x40,0x08,0x40,0x10,0x42,0x10,0x42,0x20,0x42,0x40,
  0x3E,0x80,0x00};
const u8g_fntpgm_uint8_t fontpage_163_153_153[53] U8G_FONT_SECTION("fontpage_163_153_153") = {
  0x00,0x10,0x13,0x00,0xFC,0x00,0x00,0x00,0x00,0x00,0x99,0x99,0x00,0x0D,0xFE,0x00,
  0x00,0x0F,0x0F,0x1E,0x10,0x00,0xFE,0x7F,0xFE,0x40,0x02,0x90,0x04,0x10,0x00,0x1F,
  0xF8,0x10,0x00,0x20,0x00,0x3F,0xF8,0x00,0x08,0x00,0x08,0xFF,0xC8,0x00,0x08,0x00,
  0x08,0x00,0x50,0x00,0x20};
const u8g_fntpgm_uint8_t fontpage_163_178_178[55] U8G_FONT_SECTION("fontpage_163_178_178") = {
  0x00,0x10,0x13,0x00,0xFC,0x00,0x00,0x00,0x00,0x00,0xB2,0xB2,0x00,0x0E,0xFE,0x00,
  0x00,0x0E,0x10,0x20,0x10,0x00,0xFE,0x00,0x40,0x40,0x40,0x20,0x40,0x20,0x40,0x07,
  0xFC,0x04,0x44,0x14,0x44,0x14,0x44,0x24,0x44,0xE4,0x44,0x27,0xFC,0x24,0x44,0x20,
  0x40,0x20,0x40,0x20,0x40,0x00,0x40};
const u8g_fntpgm_uint8_t fontpage_163_183_183[55] U8G_FONT_SECTION("fontpage_163_183_183") = {
  0x00,0x10,0x13,0x00,0xFC,0x00,0x00,0x00,0x00,0x00,0xB7,0xB7,0x00,0x0E,0xFE,0x00,
  0x00,0x0F,0x10,0x20,0x10,0x00,0xFE,0x00,0x40,0x40,0x40,0x20,0xA0,0x20,0xA0,0x01,
  0x10,0x02,0x48,0x14,0x26,0x10,0x20,0x23,0xF8,0xE0,0x08,0x20,0x10,0x21,0x10,0x20,
  0xA0,0x20,0x40,0x20,0x20,0x00,0x20};
const u8g_fntpgm_uint8_t fontpage_163_198_198[55] U8G_FONT_SECTION("fontpage_163_198_198") = {
  0x00,0x10,0x13,0x00,0xFC,0x00,0x00,0x00,0x00,0x00,0xC6,0xC6,0x00,0x0E,0xFE,0x00,
  0x00,0x0F,0x10,0x20,0x10,0x00,0xFE,0x01,0x40,0x41,0x20,0x21,0x20,0x23,0xFE,0x02,
  0x20,0x16,0x20,0x1B,0xFC,0x12,0x20,0x22,0x20,0x23,0xFC,0xE2,0x20,0x22,0x20,0x22,
  0x20,0x23,0xFE,0x22,0x00,0x02,0x00};
const u8g_fntpgm_uint8_t fontpage_163_250_251[93] U8G_FONT_SECTION("fontpage_163_250_251") = {
  0x00,0x10,0x13,0x00,0xFC,0x00,0x00,0x00,0x00,0x00,0xFA,0xFB,0x00,0x0E,0xFE,0x00,
  0x00,0x0D,0x10,0x20,0x10,0x01,0xFE,0x02,0x00,0x02,0x00,0x42,0x10,0x42,0x10,0x42,
  0x10,0x42,0x10,0x7F,0xF0,0x02,0x10,0x02,0x00,0x02,0x00,0x82,0x08,0x82,0x08,0x82,
  0x08,0x82,0x08,0xFF,0xF8,0x00,0x08,0x0F,0x10,0x20,0x10,0x00,0xFE,0x01,0x00,0x01,
  0x00,0x01,0x00,0x3F,0xF8,0x01,0x00,0x01,0x00,0x01,0x00,0xFF,0xFE,0x01,0x00,0x01,
  0x00,0x21,0x08,0x21,0x08,0x21,0x08,0x21,0x08,0x3F,0xF8,0x00,0x08};
const u8g_fntpgm_uint8_t fontpage_164_128_128[51] U8G_FONT_SECTION("fontpage_164_128_128") = {
  0x00,0x10,0x13,0x00,0xFC,0x00,0x00,0x00,0x00,0x00,0x80,0x80,0x00,0x0C,0xFE,0x00,
  0x00,0x0C,0x0E,0x1C,0x10,0x01,0xFE,0x7F,0xF0,0x04,0x10,0x04,0x10,0x04,0x10,0x04,
  0x10,0x04,0x10,0x04,0x10,0x08,0x10,0x08,0x10,0x10,0x10,0x10,0x10,0x20,0x10,0x40,
  0xA0,0x80,0x40};
const u8g_fntpgm_uint8_t fontpage_164_134_135[93] U8G_FONT_SECTION("fontpage_164_134_135") = {
  0x00,0x10,0x13,0x00,0xFC,0x00,0x00,0x00,0x00,0x00,0x86,0x87,0x00,0x0E,0xFE,0x00,
  0x00,0x0F,0x10,0x20,0x10,0x00,0xFE,0x00,0x40,0x04,0x40,0x04,0x20,0x08,0x20,0x10,
  0x10,0x20,0x08,0x40,0x04,0x9F,0xE2,0x04,0x20,0x04,0x20,0x04,0x20,0x08,0x20,0x08,
  0x20,0x10,0x20,0x21,0x40,0x40,0x80,0x0E,0x10,0x20,0x10,0x00,0xFE,0x10,0x00,0x10,
  0x00,0x11,0xFC,0x10,0x44,0x10,0x44,0x1E,0x44,0xF0,0x44,0x10,0x44,0x10,0x44,0x12,
  0x44,0x14,0x44,0x18,0x84,0x10,0x84,0x01,0x04,0x02,0x28,0x04,0x10};
const u8g_fntpgm_uint8_t fontpage_164_151_151[55] U8G_FONT_SECTION("fontpage_164_151_151") = {
  0x00,0x10,0x13,0x00,0xFC,0x00,0x00,0x00,0x00,0x00,0x97,0x97,0x00,0x0E,0xFE,0x00,
  0x00,0x0E,0x10,0x20,0x10,0x00,0xFE,0x00,0x04,0x7F,0x84,0x08,0x04,0x08,0x24,0x1F,
  0x24,0x11,0x24,0x21,0x24,0x21,0x24,0x52,0x24,0x8A,0x24,0x04,0x24,0x04,0x24,0x08,
  0x04,0x10,0x04,0x20,0x14,0x40,0x08};
const u8g_fntpgm_uint8_t fontpage_164_155_155[55] U8G_FONT_SECTION("fontpage_164_155_155") = {
  0x00,0x10,0x13,0x00,0xFC,0x00,0x00,0x00,0x00,0x00,0x9B,0x9B,0x00,0x0E,0xFE,0x00,
  0x00,0x0E,0x10,0x20,0x10,0x00,0xFE,0x08,0x04,0x08,0x04,0x14,0x04,0x12,0x24,0x21,
  0x24,0x40,0xA4,0xBE,0x24,0x22,0x24,0x22,0x24,0x22,0x24,0x2A,0x24,0x24,0x24,0x20,
  0x84,0x20,0x84,0x1F,0x94,0x00,0x08};
const u8g_fntpgm_uint8_t fontpage_164_157_157[55] U8G_FONT_SECTION("fontpage_164_157_157") = {
  0x00,0x10,0x13,0x00,0xFC,0x00,0x00,0x00,0x00,0x00,0x9D,0x9D,0x00,0x0E,0xFE,0x00,
  0x00,0x0E,0x10,0x20,0x10,0x00,0xFE,0x20,0x00,0x10,0x00,0x01,0xFC,0xFC,0x44,0x08,
  0x44,0x10,0x44,0x10,0x44,0x34,0x44,0x58,0x44,0x94,0x44,0x14,0x44,0x10,0x84,0x10,
  0x84,0x11,0x04,0x12,0x28,0x14,0x10};
const u8g_fntpgm_uint8_t fontpage_164_160_160[55] U8G_FONT_SECTION("fontpage_164_160_160") = {
  0x00,0x10,0x13,0x00,0xFC,0x00,0x00,0x00,0x00,0x00,0xA0,0xA0,0x00,0x0E,0xFE,0x00,
  0x00,0x0F,0x10,0x20,0x10,0x00,0xFE,0x00,0x02,0x7B,0xC2,0x4A,0x42,0x4A,0x4A,0x4A,
  0x4A,0x4A,0x4A,0x4A,0x4A,0xFF,0xEA,0x4A,0x4A,0x4A,0x4A,0x4A,0x4A,0x4A,0x4A,0x4A,
  0x42,0x5A,0x42,0x85,0x4A,0x08,0x84};
const u8g_fntpgm_uint8_t fontpage_164_171_171[55] U8G_FONT_SECTION("fontpage_164_171_171") = {
  0x00,0x10,0x13,0x00,0xFC,0x00,0x00,0x00,0x00,0x00,0xAB,0xAB,0x00,0x0E,0xFE,0x00,
  0x00,0x0E,0x10,0x20,0x10,0x00,0xFE,0x00,0x04,0x7F,0x04,0x41,0x04,0x41,0x24,0x41,
  0x24,0x7F,0x24,0x10,0x24,0x10,0x24,0xFF,0x24,0x11,0x24,0x11,0x24,0x11,0x24,0x21,
  0x04,0x21,0x04,0x4A,0x14,0x84,0x08};
const u8g_fntpgm_uint8_t fontpage_164_176_176[55] U8G_FONT_SECTION("fontpage_164_176_176") = {
  0x00,0x10,0x13,0x00,0xFC,0x00,0x00,0x00,0x00,0x00,0xB0,0xB0,0x00,0x0E,0xFE,0x00,
  0x00,0x0E,0x10,0x20,0x10,0x00,0xFE,0x00,0x04,0xFF,0x84,0x08,0x04,0x10,0x24,0x22,
  0x24,0x41,0x24,0xFF,0xA4,0x08,0xA4,0x08,0x24,0x08,0x24,0x7F,0x24,0x08,0x24,0x08,
  0x04,0x0F,0x84,0xF8,0x14,0x40,0x08};
const u8g_fntpgm_uint8_t fontpage_164_182_183[93] U8G_FONT_SECTION("fontpage_164_182_183") = {
  0x00,0x10,0x13,0x00,0xFC,0x00,0x00,0x00,0x00,0x00,0xB6,0xB7,0x00,0x0E,0xFE,0x00,
  0x00,0x0E,0x10,0x20,0x10,0x00,0xFE,0x04,0x04,0x24,0x04,0x24,0x04,0x3F,0xA4,0x44,
  0x24,0x04,0x24,0xFF,0xE4,0x04,0x24,0x04,0x24,0x3F,0xA4,0x24,0xA4,0x24,0xA4,0x26,
  0x84,0x25,0x04,0x04,0x14,0x04,0x08,0x0F,0x10,0x20,0x10,0x00,0xFE,0x00,0x02,0x3F,
  0xC2,0x20,0x42,0x20,0x42,0x3F,0xD2,0x22,0x12,0x22,0x12,0x22,0x12,0x3F,0xD2,0x52,
  0x52,0x52,0x52,0x52,0x52,0x93,0x42,0x12,0x82,0x02,0x0A,0x02,0x04};
const u8g_fntpgm_uint8_t fontpage_164_205_205[55] U8G_FONT_SECTION("fontpage_164_205_205") = {
  0x00,0x10,0x13,0x00,0xFC,0x00,0x00,0x00,0x00,0x00,0xCD,0xCD,0x00,0x0E,0xFE,0x00,
  0x00,0x0F,0x10,0x20,0x10,0x00,0xFE,0x10,0x10,0x08,0x10,0x08,0x20,0xFF,0xFE,0x00,
  0x00,0x3E,0x08,0x22,0x48,0x22,0x48,0x3E,0x48,0x22,0x48,0x22,0x48,0x3E,0x48,0x22,
  0x08,0x22,0x08,0x2A,0x28,0x24,0x10};
const u8g_fntpgm_uint8_t fontpage_164_233_233[55] U8G_FONT_SECTION("fontpage_164_233_233") = {
  0x00,0x10,0x13,0x00,0xFC,0x00,0x00,0x00,0x00,0x00,0xE9,0xE9,0x00,0x0E,0xFE,0x00,
  0x00,0x0F,0x10,0x20,0x10,0x00,0xFE,0x07,0x02,0x78,0x02,0x08,0x02,0xFF,0x82,0x2A,
  0x12,0x2A,0x92,0xEB,0x12,0x2A,0x92,0x6A,0x92,0xA9,0x92,0x1C,0x12,0x2A,0x12,0x49,
  0x02,0x88,0x82,0x08,0x0A,0x08,0x04};
const u8g_fntpgm_uint8_t fontpage_164_242_242[55] U8G_FONT_SECTION("fontpage_164_242_242") = {
  0x00,0x10,0x13,0x00,0xFC,0x00,0x00,0x00,0x00,0x00,0xF2,0xF2,0x00,0x0E,0xFE,0x00,
  0x00,0x0E,0x10,0x20,0x10,0x00,0xFE,0x10,0x04,0x08,0x04,0xFF,0x84,0x80,0xA4,0x09,
  0x24,0x7F,0x24,0x08,0x24,0x7F,0x24,0x08,0x24,0xFF,0xA4,0x08,0x24,0x7F,0x24,0x41,
  0x04,0x41,0x04,0x7F,0x14,0x41,0x08};
const u8g_fntpgm_uint8_t fontpage_165_155_155[55] U8G_FONT_SECTION("fontpage_165_155_155") = {
  0x00,0x10,0x13,0x00,0xFC,0x00,0x00,0x00,0x00,0x00,0x9B,0x9B,0x00,0x0E,0xFE,0x00,
  0x00,0x0C,0x10,0x20,0x10,0x01,0xFE,0x04,0x00,0x04,0x00,0x04,0x00,0x04,0x00,0xFF,
  0xF0,0x04,0x10,0x04,0x10,0x04,0x10,0x04,0x10,0x08,0x10,0x08,0x10,0x10,0x10,0x10,
  0x10,0x21,0x10,0x40,0xA0,0x80,0x40};
const u8g_fntpgm_uint8_t fontpage_165_159_161[131] U8G_FONT_SECTION("fontpage_165_159_161") = {
  0x00,0x10,0x13,0x00,0xFC,0x00,0x00,0x00,0x00,0x00,0x9F,0xA1,0x00,0x0E,0xFE,0x00,
  0x00,0x0E,0x10,0x20,0x10,0x00,0xFE,0x00,0x40,0x00,0x40,0x00,0x40,0xFE,0x40,0x11,
  0xFC,0x10,0x44,0x10,0x44,0x10,0x44,0x10,0x44,0x10,0x84,0x10,0x84,0x1E,0x84,0xF1,
  0x04,0x41,0x04,0x02,0x28,0x04,0x10,0x0E,0x10,0x20,0x10,0x00,0xFE,0x10,0x00,0x10,
  0x00,0x10,0x00,0x10,0x7C,0xFE,0x44,0x12,0x44,0x12,0x44,0x12,0x44,0x12,0x44,0x12,
  0x44,0x12,0x44,0x12,0x44,0x22,0x44,0x22,0x7C,0x4A,0x44,0x84,0x00,0x0F,0x10,0x20,
  0x10,0x00,0xFE,0x04,0x00,0x04,0x00,0x0F,0xF0,0x18,0x20,0x24,0xC0,0x03,0x00,0x0C,
  0xC0,0x32,0x30,0xC2,0x0E,0x1F,0xF0,0x02,0x10,0x04,0x10,0x04,0x10,0x08,0x10,0x10,
  0xA0,0x20,0x40};
const u8g_fntpgm_uint8_t fontpage_165_168_169[93] U8G_FONT_SECTION("fontpage_165_168_169") = {
  0x00,0x10,0x13,0x00,0xFC,0x00,0x00,0x00,0x00,0x00,0xA8,0xA9,0x00,0x0E,0xFE,0x00,
  0x00,0x0E,0x10,0x20,0x10,0x00,0xFE,0x00,0x40,0x00,0x40,0x7C,0x40,0x00,0x40,0x01,
  0xFC,0x00,0x44,0xFE,0x44,0x20,0x44,0x20,0x44,0x20,0x84,0x48,0x84,0x44,0x84,0xFD,
  0x04,0x45,0x04,0x02,0x28,0x04,0x10,0x0E,0x10,0x20,0x10,0x00,0xFE,0x00,0x20,0x7C,
  0x20,0x44,0x20,0x44,0x20,0x44,0xFC,0x7C,0x24,0x44,0x24,0x44,0x24,0x7C,0x24,0x44,
  0x24,0x44,0x24,0x44,0x44,0x4E,0x44,0xF0,0x84,0x01,0x28,0x02,0x10};
const u8g_fntpgm_uint8_t fontpage_166_150_150[55] U8G_FONT_SECTION("fontpage_166_150_150") = {
  0x00,0x10,0x13,0x00,0xFC,0x00,0x00,0x00,0x00,0x00,0x96,0x96,0x00,0x0E,0xFE,0x00,
  0x00,0x0F,0x10,0x20,0x10,0x00,0xFE,0x08,0x80,0x08,0x80,0x08,0x84,0x10,0x88,0x10,
  0x90,0x30,0xA0,0x30,0xC0,0x50,0x80,0x91,0x80,0x12,0x80,0x14,0x80,0x10,0x82,0x10,
  0x82,0x10,0x82,0x10,0x7E,0x10,0x00};
const u8g_fntpgm_uint8_t fontpage_166_186_186[51] U8G_FONT_SECTION("fontpage_166_186_186") = {
  0x00,0x10,0x13,0x00,0xFC,0x00,0x00,0x00,0x00,0x00,0xBA,0xBA,0x00,0x0D,0xFF,0x00,
  0x00,0x0E,0x0E,0x1C,0x10,0x01,0xFF,0xFF,0xF8,0x80,0x00,0x80,0x20,0x88,0x20,0x84,
  0x40,0x82,0x80,0x81,0x00,0x82,0x80,0x84,0x40,0x88,0x20,0x90,0x20,0x80,0x00,0x80,
  0x00,0xFF,0xFC};
const u8g_fntpgm_uint8_t fontpage_166_199_199[55] U8G_FONT_SECTION("fontpage_166_199_199") = {
  0x00,0x10,0x13,0x00,0xFC,0x00,0x00,0x00,0x00,0x00,0xC7,0xC7,0x00,0x0E,0xFE,0x00,
  0x00,0x0F,0x10,0x20,0x10,0x00,0xFE,0x01,0x20,0x07,0xA0,0x3C,0x20,0x04,0x20,0x04,
  0x20,0x04,0x20,0x04,0x20,0xFF,0xFE,0x04,0x20,0x04,0x20,0x04,0x20,0x08,0x20,0x08,
  0x20,0x10,0x20,0x20,0x20,0x40,0x20};
const u8g_fntpgm_uint8_t fontpage_166_202_202[55] U8G_FONT_SECTION("fontpage_166_202_202") = {
  0x00,0x10,0x13,0x00,0xFC,0x00,0x00,0x00,0x00,0x00,0xCA,0xCA,0x00,0x0E,0xFE,0x00,
  0x00,0x0F,0x10,0x20,0x10,0x00,0xFE,0x01,0x00,0x21,0x08,0x11,0x08,0x09,0x10,0x09,
  0x20,0x01,0x00,0x3F,0xF8,0x01,0x00,0x01,0x00,0x01,0x00,0xFF,0xFE,0x01,0x00,0x01,
  0x00,0x01,0x00,0x01,0x00,0x01,0x00};
const u8g_fntpgm_uint8_t fontpage_166_207_207[55] U8G_FONT_SECTION("fontpage_166_207_207") = {
  0x00,0x10,0x13,0x00,0xFC,0x00,0x00,0x00,0x00,0x00,0xCF,0xCF,0x00,0x0E,0xFE,0x00,
  0x00,0x0F,0x10,0x20,0x10,0x00,0xFE,0x20,0x80,0x20,0x80,0x20,0x80,0x20,0x80,0xFB,
  0xF0,0x20,0x90,0x20,0x90,0x22,0x98,0x22,0x94,0x24,0x92,0x28,0x92,0x20,0x90,0x21,
  0x10,0x21,0x10,0x22,0x50,0x24,0x20};
const u8g_fntpgm_uint8_t fontpage_166_213_213[55] U8G_FONT_SECTION("fontpage_166_213_213") = {
  0x00,0x10,0x13,0x00,0xFC,0x00,0x00,0x00,0x00,0x00,0xD5,0xD5,0x00,0x0E,0xFE,0x00,
  0x00,0x0F,0x10,0x20,0x10,0x00,0xFE,0x10,0x10,0x08,0x20,0x04,0x40,0x3F,0xF8,0x21,
  0x08,0x21,0x08,0x3F,0xF8,0x21,0x08,0x21,0x08,0x3F,0xF8,0x01,0x00,0x01,0x00,0xFF,
  0xFE,0x01,0x00,0x01,0x00,0x01,0x00};
const u8g_fntpgm_uint8_t fontpage_166_225_225[55] U8G_FONT_SECTION("fontpage_166_225_225") = {
  0x00,0x10,0x13,0x00,0xFC,0x00,0x00,0x00,0x00,0x00,0xE1,0xE1,0x00,0x0E,0xFE,0x00,
  0x00,0x0F,0x10,0x20,0x10,0x00,0xFE,0x02,0x00,0x02,0x00,0x03,0xF8,0x02,0x00,0x02,
  0x00,0x02,0x00,0xFF,0xFE,0x02,0x00,0x02,0x00,0x02,0x40,0x02,0x20,0x02,0x10,0x02,
  0x08,0x02,0x00,0x02,0x00,0x02,0x00};
const u8g_fntpgm_uint8_t fontpage_166_240_241[91] U8G_FONT_SECTION("fontpage_166_240_241") = {
  0x00,0x10,0x13,0x00,0xFC,0x00,0x00,0x00,0x00,0x00,0xF0,0xF1,0x00,0x0E,0xFE,0x00,
  0x00,0x0D,0x0F,0x1E,0x10,0x01,0xFE,0x0C,0x00,0xF1,0xF8,0x81,0x08,0x81,0x08,0x81,
  0x08,0xFD,0x08,0x81,0x08,0x81,0x08,0x81,0x08,0x81,0x08,0x9D,0x50,0xE1,0x20,0x01,
  0x00,0x01,0x00,0x01,0x00,0x0E,0x10,0x20,0x10,0x00,0xFE,0x04,0x00,0x04,0x00,0x0F,
  0xF0,0x10,0x10,0x20,0x20,0x5F,0xFC,0x10,0x00,0x13,0xF0,0x12,0x10,0x12,0x10,0x12,
  0x50,0x12,0x20,0x22,0x04,0x22,0x04,0x41,0xFC,0x80,0x00};
const u8g_fntpgm_uint8_t fontpage_166_244_244[55] U8G_FONT_SECTION("fontpage_166_244_244") = {
  0x00,0x10,0x13,0x00,0xFC,0x00,0x00,0x00,0x00,0x00,0xF4,0xF4,0x00,0x0E,0xFE,0x00,
  0x00,0x0E,0x10,0x20,0x10,0x00,0xFE,0x08,0x00,0x08,0x00,0x08,0x7C,0x7F,0x44,0x08,
  0x44,0x08,0x44,0x08,0x44,0xFF,0xC4,0x10,0x44,0x10,0x44,0x24,0x44,0x42,0x54,0xFF,
  0x48,0x41,0x40,0x00,0x40,0x00,0x40};
const u8g_fntpgm_uint8_t fontpage_166_248_248[55] U8G_FONT_SECTION("fontpage_166_248_248") = {
  0x00,0x10,0x13,0x00,0xFC,0x00,0x00,0x00,0x00,0x00,0xF8,0xF8,0x00,0x0E,0xFE,0x00,
  0x00,0x0E,0x10,0x20,0x10,0x00,0xFE,0x20,0x00,0x20,0x00,0x3F,0x7C,0x48,0x44,0x88,
  0x44,0x08,0x44,0x7F,0x44,0x08,0x44,0x08,0x44,0x2E,0x44,0x28,0x44,0x28,0x54,0x2F,
  0x48,0xF0,0x40,0x40,0x40,0x00,0x40};
const u8g_fntpgm_uint8_t fontpage_167_139_139[53] U8G_FONT_SECTION("fontpage_167_139_139") = {
  0x00,0x10,0x13,0x00,0xFC,0x00,0x00,0x00,0x00,0x00,0x8B,0x8B,0x00,0x0D,0xFE,0x00,
  0x00,0x0F,0x0F,0x1E,0x10,0x00,0xFE,0x3F,0xFE,0x20,0x00,0x20,0x80,0x20,0x80,0x20,
  0x80,0x20,0x80,0x2F,0xFC,0x20,0x80,0x20,0x80,0x20,0x90,0x20,0x88,0x20,0x88,0x40,
  0x80,0x5F,0xFE,0x80,0x00};
const u8g_fntpgm_uint8_t fontpage_167_159_159[53] U8G_FONT_SECTION("fontpage_167_159_159") = {
  0x00,0x10,0x13,0x00,0xFC,0x00,0x00,0x00,0x00,0x00,0x9F,0x9F,0x00,0x0D,0xFE,0x00,
  0x00,0x0F,0x0F,0x1E,0x10,0x00,0xFE,0x3F,0xFE,0x20,0x80,0x21,0x00,0x27,0xF0,0x24,
  0x10,0x24,0x10,0x27,0xF0,0x24,0x10,0x24,0x10,0x27,0xF0,0x20,0x80,0x24,0x90,0x48,
  0x88,0x52,0x84,0x81,0x00};
const u8g_fntpgm_uint8_t fontpage_167_194_194[55] U8G_FONT_SECTION("fontpage_167_194_194") = {
  0x00,0x10,0x13,0x00,0xFC,0x00,0x00,0x00,0x00,0x00,0xC2,0xC2,0x00,0x0E,0xFE,0x00,
  0x00,0x0F,0x10,0x20,0x10,0x00,0xFE,0x02,0x00,0x04,0x40,0x08,0x20,0x1F,0xF0,0x02,
  0x00,0x7F,0xFC,0x08,0x20,0x10,0x90,0x23,0x08,0xCC,0x46,0x01,0x80,0x06,0x10,0x18,
  0x20,0x00,0xC0,0x07,0x00,0x78,0x00};
const u8g_fntpgm_uint8_t fontpage_167_204_205[89] U8G_FONT_SECTION("fontpage_167_204_205") = {
  0x00,0x10,0x13,0x00,0xFC,0x00,0x00,0x00,0x00,0x00,0xCC,0xCD,0x00,0x0E,0xFE,0x00,
  0x00,0x0F,0x0E,0x1C,0x10,0x00,0xFE,0xFD,0xFC,0x04,0x84,0x44,0x84,0x44,0x84,0x28,
  0x88,0x28,0x88,0x10,0x50,0x10,0x50,0x28,0x20,0x28,0x20,0x44,0x50,0x44,0x88,0x81,
  0x04,0x02,0x02,0x0F,0x10,0x20,0x10,0x00,0xFE,0x00,0x10,0x00,0xF8,0x3F,0x00,0x20,
  0x00,0x20,0x00,0x3F,0xF8,0x24,0x08,0x24,0x10,0x22,0x10,0x22,0x20,0x21,0x40,0x20,
  0x80,0x41,0x40,0x42,0x20,0x8C,0x18,0x30,0x06};
const u8g_fntpgm_uint8_t fontpage_167_209_209[55] U8G_FONT_SECTION("fontpage_167_209_209") = {
  0x00,0x10,0x13,0x00,0xFC,0x00,0x00,0x00,0x00,0x00,0xD1,0xD1,0x00,0x0E,0xFE,0x00,
  0x00,0x0E,0x10,0x20,0x10,0x01,0xFE,0x02,0x00,0x22,0x20,0x22,0x10,0x44,0x00,0x7F,
  0xF8,0x04,0x00,0x08,0x00,0x0F,0xF0,0x14,0x10,0x12,0x10,0x22,0x20,0x21,0x40,0x40,
  0x80,0x81,0x40,0x06,0x30,0x38,0x0C};
const u8g_fntpgm_uint8_t fontpage_167_214_214[53] U8G_FONT_SECTION("fontpage_167_214_214") = {
  0x00,0x10,0x13,0x00,0xFC,0x00,0x00,0x00,0x00,0x00,0xD6,0xD6,0x00,0x0D,0xFE,0x00,
  0x00,0x0F,0x0F,0x1E,0x10,0x00,0xFE,0xFF,0x80,0x22,0xFC,0x22,0x44,0x3E,0x44,0x22,
  0x44,0x22,0x44,0x3E,0x44,0x22,0x28,0x22,0x28,0x27,0xA8,0xFA,0x10,0x42,0x10,0x02,
  0x28,0x02,0x44,0x02,0x82};
const u8g_fntpgm_uint8_t fontpage_167_216_216[55] U8G_FONT_SECTION("fontpage_167_216_216") = {
  0x00,0x10,0x13,0x00,0xFC,0x00,0x00,0x00,0x00,0x00,0xD8,0xD8,0x00,0x0E,0xFE,0x00,
  0x00,0x0F,0x10,0x20,0x10,0x00,0xFE,0x02,0x00,0x01,0x00,0xFF,0xFE,0x04,0x40,0x14,
  0x50,0x24,0x48,0x44,0x44,0x00,0x00,0x3F,0xF0,0x08,0x20,0x04,0x40,0x02,0x80,0x01,
  0x00,0x06,0xC0,0x18,0x30,0xE0,0x0E};
const u8g_fntpgm_uint8_t fontpage_167_239_240[91] U8G_FONT_SECTION("fontpage_167_239_240") = {
  0x00,0x10,0x13,0x00,0xFC,0x00,0x00,0x00,0x00,0x00,0xEF,0xF0,0x00,0x0E,0xFE,0x00,
  0x00,0x0E,0x0F,0x1E,0x10,0x01,0xFE,0xFF,0xFC,0x00,0x20,0x00,0x20,0x3E,0x20,0x22,
  0x20,0x22,0x20,0x22,0x20,0x22,0x20,0x22,0x20,0x3E,0x20,0x22,0x20,0x00,0x20,0x00,
  0x20,0x00,0xA0,0x00,0x40,0x0D,0x10,0x20,0x10,0x01,0xFE,0x04,0x00,0x04,0x00,0x08,
  0x00,0x10,0x40,0x20,0x20,0x40,0x10,0xFF,0xF8,0x40,0x08,0x00,0x00,0x3F,0xE0,0x20,
  0x20,0x20,0x20,0x20,0x20,0x20,0x20,0x3F,0xE0,0x20,0x20};
const u8g_fntpgm_uint8_t fontpage_167_243_243[55] U8G_FONT_SECTION("fontpage_167_243_243") = {
  0x00,0x10,0x13,0x00,0xFC,0x00,0x00,0x00,0x00,0x00,0xF3,0xF3,0x00,0x0E,0xFE,0x00,
  0x00,0x0F,0x10,0x20,0x10,0x00,0xFE,0x02,0x00,0x02,0x00,0x02,0x00,0xFF,0xFE,0x04,
  0x00,0x04,0x00,0x08,0x00,0x08,0x00,0x1F,0xF8,0x28,0x08,0x48,0x08,0x88,0x08,0x08,
  0x08,0x08,0x08,0x0F,0xF8,0x08,0x08};
const u8g_fntpgm_uint8_t fontpage_167_247_247[53] U8G_FONT_SECTION("fontpage_167_247_247") = {
  0x00,0x10,0x13,0x00,0xFC,0x00,0x00,0x00,0x00,0x00,0xF7,0xF7,0x00,0x0D,0xFE,0x00,
  0x00,0x0F,0x0F,0x1E,0x10,0x00,0xFE,0x1F,0xF0,0x10,0x10,0x10,0x10,0x10,0x10,0x1F,
  0xF0,0x00,0x00,0xFF,0xFE,0x08,0x00,0x10,0x00,0x1F,0xF0,0x00,0x10,0x00,0x10,0x00,
  0x10,0x00,0xA0,0x00,0x40};
const u8g_fntpgm_uint8_t fontpage_168_131_131[53] U8G_FONT_SECTION("fontpage_168_131_131") = {
  0x00,0x10,0x13,0x00,0xFC,0x00,0x00,0x00,0x00,0x00,0x83,0x83,0x00,0x0E,0xFF,0x00,
  0x00,0x0E,0x0F,0x1E,0x10,0x01,0xFF,0x01,0x00,0x01,0x00,0xF2,0x00,0x93,0xFC,0x94,
  0x00,0x98,0x00,0x93,0xF0,0x90,0x10,0x90,0x20,0x90,0xC0,0xF1,0x00,0x92,0x00,0x04,
  0x04,0x04,0x04,0x03,0xFC};
const u8g_fntpgm_uint8_t fontpage_168_136_136[55] U8G_FONT_SECTION("fontpage_168_136_136") = {
  0x00,0x10,0x13,0x00,0xFC,0x00,0x00,0x00,0x00,0x00,0x88,0x88,0x00,0x0E,0xFE,0x00,
  0x00,0x0F,0x10,0x20,0x10,0x00,0xFE,0x01,0x00,0x01,0x00,0x02,0x80,0x04,0x40,0x08,
  0x20,0x30,0x18,0xCF,0xE6,0x00,0x00,0x00,0x00,0x1F,0xF0,0x10,0x10,0x10,0x10,0x10,
  0x10,0x10,0x10,0x1F,0xF0,0x10,0x10};
const u8g_fntpgm_uint8_t fontpage_168_140_142[129] U8G_FONT_SECTION("fontpage_168_140_142") = {
  0x00,0x10,0x13,0x00,0xFC,0x00,0x00,0x00,0x00,0x00,0x8C,0x8E,0x00,0x0E,0xFE,0x00,
  0x00,0x0C,0x0F,0x1E,0x10,0x02,0xFE,0xFF,0xF0,0x80,0x10,0x80,0x10,0xBF,0xD0,0x80,
  0x10,0x80,0x10,0x9F,0x90,0x90,0x90,0x90,0x90,0x90,0x90,0x9F,0x90,0x90,0x90,0x80,
  0x10,0x80,0x50,0x80,0x20,0x0D,0x10,0x20,0x10,0x00,0xFE,0x02,0x00,0x02,0x00,0x07,
  0xF0,0x08,0x10,0x14,0x20,0x62,0x40,0x02,0x80,0x01,0x00,0x06,0x00,0x1F,0xF8,0xE8,
  0x08,0x08,0x08,0x08,0x08,0x08,0x08,0x0F,0xF8,0x08,0x08,0x0F,0x10,0x20,0x10,0x00,
  0xFE,0x00,0x10,0x00,0xF8,0x1F,0x00,0x10,0x00,0x10,0x00,0x1F,0xFE,0x10,0x00,0x10,
  0x00,0x10,0x00,0x17,0xF8,0x14,0x08,0x24,0x08,0x24,0x08,0x44,0x08,0x87,0xF8,0x04,
  0x08};
const u8g_fntpgm_uint8_t fontpage_168_145_145[55] U8G_FONT_SECTION("fontpage_168_145_145") = {
  0x00,0x10,0x13,0x00,0xFC,0x00,0x00,0x00,0x00,0x00,0x91,0x91,0x00,0x0E,0xFE,0x00,
  0x00,0x0D,0x10,0x20,0x10,0x01,0xFE,0x04,0x00,0x08,0x00,0x10,0x00,0xFF,0xF8,0x80,
  0x08,0x80,0x08,0x8F,0x88,0x88,0x88,0x88,0x88,0x88,0x88,0x88,0x88,0x8F,0x88,0x88,
  0x88,0x80,0x08,0x80,0x28,0x80,0x10};
const u8g_fntpgm_uint8_t fontpage_168_166_166[53] U8G_FONT_SECTION("fontpage_168_166_166") = {
  0x00,0x10,0x13,0x00,0xFC,0x00,0x00,0x00,0x00,0x00,0xA6,0xA6,0x00,0x0D,0xFE,0x00,
  0x00,0x0F,0x0F,0x1E,0x10,0x00,0xFE,0x7F,0xFC,0x00,0x80,0x01,0x00,0x03,0x00,0x05,
  0x60,0x09,0x18,0x31,0x04,0xC1,0x02,0x00,0x00,0x1F,0xF0,0x10,0x10,0x10,0x10,0x10,
  0x10,0x1F,0xF0,0x10,0x10};
const u8g_fntpgm_uint8_t fontpage_168_175_175[55] U8G_FONT_SECTION("fontpage_168_175_175") = {
  0x00,0x10,0x13,0x00,0xFC,0x00,0x00,0x00,0x00,0x00,0xAF,0xAF,0x00,0x0E,0xFE,0x00,
  0x00,0x0E,0x10,0x20,0x10,0x00,0xFE,0x01,0x00,0x00,0x80,0x1F,0xFC,0x10,0x04,0x10,
  0x04,0x10,0x04,0x1F,0xFC,0x10,0x00,0x10,0x00,0x10,0x00,0x17,0xFC,0x24,0x04,0x24,
  0x04,0x44,0x04,0x87,0xFC,0x04,0x04};
const u8g_fntpgm_uint8_t fontpage_168_184_184[53] U8G_FONT_SECTION("fontpage_168_184_184") = {
  0x00,0x10,0x13,0x00,0xFC,0x00,0x00,0x00,0x00,0x00,0xB8,0xB8,0x00,0x0D,0xFE,0x00,
  0x00,0x0E,0x0F,0x1E,0x10,0x01,0xFE,0x0F,0xF0,0xF2,0x10,0x92,0x20,0x92,0x20,0x92,
  0x40,0x92,0x78,0x92,0x08,0x92,0x08,0x95,0x10,0xF5,0x10,0x94,0xA0,0x08,0x40,0x08,
  0xA0,0x11,0x10,0x06,0x0C};
const u8g_fntpgm_uint8_t fontpage_168_202_202[55] U8G_FONT_SECTION("fontpage_168_202_202") = {
  0x00,0x10,0x13,0x00,0xFC,0x00,0x00,0x00,0x00,0x00,0xCA,0xCA,0x00,0x0E,0xFE,0x00,
  0x00,0x0F,0x10,0x20,0x10,0x00,0xFE,0x01,0x00,0x11,0x00,0x11,0x00,0x1F,0xF8,0x21,
  0x00,0x41,0x00,0x01,0x00,0xFF,0xFE,0x00,0x00,0x00,0x00,0x1F,0xF0,0x10,0x10,0x10,
  0x10,0x10,0x10,0x1F,0xF0,0x10,0x10};
const u8g_fntpgm_uint8_t fontpage_168_232_232[53] U8G_FONT_SECTION("fontpage_168_232_232") = {
  0x00,0x10,0x13,0x00,0xFC,0x00,0x00,0x00,0x00,0x00,0xE8,0xE8,0x00,0x0D,0xFE,0x00,
  0x00,0x0D,0x0F,0x1E,0x10,0x00,0xFE,0x3F,0xF8,0x21,0x08,0x21,0x08,0x2F,0xE8,0x21,
  0x08,0x21,0x08,0x3F,0xF8,0x20,0x08,0x27,0xC8,0x24,0x48,0x24,0x48,0x27,0xC8,0x40,
  0x08,0x40,0x28,0x80,0x10};
const u8g_fntpgm_uint8_t fontpage_168_253_253[55] U8G_FONT_SECTION("fontpage_168_253_253") = {
  0x00,0x10,0x13,0x00,0xFC,0x00,0x00,0x00,0x00,0x00,0xFD,0xFD,0x00,0x0E,0xFE,0x00,
  0x00,0x0F,0x10,0x20,0x10,0x00,0xFE,0x01,0x00,0x01,0x00,0x02,0x80,0x04,0x40,0x08,
  0x20,0x37,0xD8,0xC0,0x06,0x00,0x00,0x3E,0xF8,0x22,0x88,0x22,0x88,0x22,0x88,0x3E,
  0xA8,0x22,0x90,0x00,0x80,0x00,0x80};
const u8g_fntpgm_uint8_t fontpage_169_140_140[55] U8G_FONT_SECTION("fontpage_169_140_140") = {
  0x00,0x10,0x13,0x00,0xFC,0x00,0x00,0x00,0x00,0x00,0x8C,0x8C,0x00,0x0E,0xFE,0x00,
  0x00,0x0E,0x10,0x20,0x10,0x00,0xFE,0x04,0x00,0x0E,0x00,0x78,0x00,0x08,0x7C,0x08,
  0x44,0xFF,0x44,0x08,0x44,0x18,0x44,0x1C,0x44,0x2A,0x44,0x2A,0x44,0x48,0x44,0x88,
  0x7C,0x08,0x44,0x08,0x00,0x08,0x00};
const u8g_fntpgm_uint8_t fontpage_169_205_205[55] U8G_FONT_SECTION("fontpage_169_205_205") = {
  0x00,0x10,0x13,0x00,0xFC,0x00,0x00,0x00,0x00,0x00,0xCD,0xCD,0x00,0x0E,0xFE,0x00,
  0x00,0x0D,0x10,0x20,0x10,0x01,0xFE,0x00,0x80,0x00,0x80,0xF1,0x00,0x97,0xF8,0x94,
  0x08,0x94,0x08,0x95,0xE8,0x95,0x28,0x95,0x28,0x95,0x28,0xF5,0x28,0x95,0xE8,0x04,
  0x08,0x04,0x08,0x04,0x28,0x04,0x10};
const u8g_fntpgm_uint8_t fontpage_171_183_183[55] U8G_FONT_SECTION("fontpage_171_183_183") = {
  0x00,0x10,0x13,0x00,0xFC,0x00,0x00,0x00,0x00,0x00,0xB7,0xB7,0x00,0x0E,0xFE,0x00,
  0x00,0x0E,0x10,0x20,0x10,0x01,0xFE,0x00,0x40,0x03,0xF8,0xF0,0x40,0x91,0x10,0x97,
  0xFC,0x91,0x10,0x90,0x00,0x93,0xF8,0x92,0x08,0x92,0x48,0xF2,0x48,0x92,0x48,0x02,
  0x48,0x00,0xA0,0x01,0x10,0x06,0x08};
const u8g_fntpgm_uint8_t fontpage_172_180_180[55] U8G_FONT_SECTION("fontpage_172_180_180") = {
  0x00,0x10,0x13,0x00,0xFC,0x00,0x00,0x00,0x00,0x00,0xB4,0xB4,0x00,0x0E,0xFE,0x00,
  0x00,0x0F,0x10,0x20,0x10,0x00,0xFE,0x00,0x90,0x02,0x94,0xF2,0xD8,0x92,0x92,0x92,
  0xD2,0x97,0x0E,0x91,0xF0,0x92,0x10,0x97,0xFC,0x9A,0x44,0xF3,0xFC,0x92,0x44,0x03,
  0xFC,0x04,0x44,0x04,0x54,0x08,0x08};
const u8g_fntpgm_uint8_t fontpage_172_232_232[53] U8G_FONT_SECTION("fontpage_172_232_232") = {
  0x00,0x10,0x13,0x00,0xFC,0x00,0x00,0x00,0x00,0x00,0xE8,0xE8,0x00,0x0D,0xFE,0x00,
  0x00,0x0F,0x0F,0x1E,0x10,0x00,0xFE,0x3E,0x7C,0x22,0x44,0x22,0x44,0x3E,0x7C,0x01,
  0x20,0x01,0x10,0xFF,0xFE,0x02,0x80,0x0C,0x60,0x30,0x18,0xC0,0x06,0x3E,0x7C,0x22,
  0x44,0x22,0x44,0x3E,0x7C};
const u8g_fntpgm_uint8_t fontpage_173_222_222[51] U8G_FONT_SECTION("fontpage_173_222_222") = {
  0x00,0x10,0x13,0x00,0xFC,0x00,0x00,0x00,0x00,0x00,0xDE,0xDE,0x00,0x0D,0xFF,0x00,
  0x00,0x0B,0x0E,0x1C,0x10,0x02,0xFF,0xFF,0xE0,0x80,0x20,0x80,0x20,0x9F,0x20,0x91,
  0x20,0x91,0x20,0x91,0x20,0x91,0x20,0x91,0x20,0x9F,0x20,0x80,0x20,0x80,0x20,0xFF,
  0xE0,0x80,0x20};
const u8g_fntpgm_uint8_t fontpage_173_224_224[53] U8G_FONT_SECTION("fontpage_173_224_224") = {
  0x00,0x10,0x13,0x00,0xFC,0x00,0x00,0x00,0x00,0x00,0xE0,0xE0,0x00,0x0D,0xFE,0x00,
  0x00,0x0D,0x0F,0x1E,0x10,0x01,0xFE,0xFF,0xF8,0x80,0x08,0x82,0x08,0x82,0x08,0x82,
  0x08,0xBF,0xE8,0x82,0x08,0x85,0x08,0x84,0x88,0x88,0x48,0x90,0x28,0xA0,0x28,0x80,
  0x08,0xFF,0xF8,0x80,0x08};
const u8g_fntpgm_uint8_t fontpage_173_244_244[53] U8G_FONT_SECTION("fontpage_173_244_244") = {
  0x00,0x10,0x13,0x00,0xFC,0x00,0x00,0x00,0x00,0x00,0xF4,0xF4,0x00,0x0D,0xFE,0x00,
  0x00,0x0D,0x0F,0x1E,0x10,0x01,0xFE,0xFF,0xF8,0x82,0x08,0x82,0x08,0xBF,0xE8,0x82,
  0x08,0x9F,0xC8,0x82,0x08,0xBF,0xE8,0x82,0x28,0x82,0x28,0x82,0xA8,0x82,0x48,0x82,
  0x08,0xFF,0xF8,0x80,0x08};
const u8g_fntpgm_uint8_t fontpage_173_250_250[53] U8G_FONT_SECTION("fontpage_173_250_250") = {
  0x00,0x10,0x13,0x00,0xFC,0x00,0x00,0x00,0x00,0x00,0xFA,0xFA,0x00,0x0D,0xFE,0x00,
  0x00,0x0D,0x0F,0x1E,0x10,0x01,0xFE,0xFF,0xF8,0x82,0x08,0x82,0x08,0xBF,0xE8,0x82,
  0x08,0x82,0x08,0x9F,0xC8,0x90,0x48,0x90,0x48,0x90,0x48,0x9F,0xC8,0x90,0x48,0x80,
  0x08,0xFF,0xF8,0x80,0x08};
const u8g_fntpgm_uint8_t fontpage_173_254_254[53] U8G_FONT_SECTION("fontpage_173_254_254") = {
  0x00,0x10,0x13,0x00,0xFC,0x00,0x00,0x00,0x00,0x00,0xFE,0xFE,0x00,0x0D,0xFE,0x00,
  0x00,0x0D,0x0F,0x1E,0x10,0x01,0xFE,0xFF,0xF8,0x84,0x08,0x84,0x08,0x8F,0xC8,0x98,
  0x88,0xA5,0x08,0x82,0x08,0x8D,0x88,0xF0,0x78,0x86,0x08,0x81,0x08,0x8C,0x08,0x83,
  0x08,0xFF,0xF8,0x80,0x08};
const u8g_fntpgm_uint8_t fontpage_174_168_168[55] U8G_FONT_SECTION("fontpage_174_168_168") = {
  0x00,0x10,0x13,0x00,0xFC,0x00,0x00,0x00,0x00,0x00,0xA8,0xA8,0x00,0x0E,0xFE,0x00,
  0x00,0x0F,0x10,0x20,0x10,0x00,0xFE,0x02,0x00,0x02,0x00,0x04,0x00,0xFF,0xFE,0x08,
  0x00,0x08,0x40,0x10,0x40,0x30,0x40,0x57,0xFC,0x90,0x40,0x10,0x40,0x10,0x40,0x10,
  0x40,0x10,0x40,0x1F,0xFE,0x10,0x00};
const u8g_fntpgm_uint8_t fontpage_174_207_207[55] U8G_FONT_SECTION("fontpage_174_207_207") = {
  0x00,0x10,0x13,0x00,0xFC,0x00,0x00,0x00,0x00,0x00,0xCF,0xCF,0x00,0x0E,0xFE,0x00,
  0x00,0x0F,0x10,0x20,0x10,0x00,0xFE,0x10,0x00,0x10,0x00,0x13,0xFE,0x10,0x10,0x10,
  0x10,0xFC,0x20,0x10,0x20,0x10,0x68,0x10,0x64,0x10,0xA4,0x1D,0x22,0xE2,0x22,0x44,
  0x20,0x00,0x20,0x00,0x20,0x00,0x20};
const u8g_fntpgm_uint8_t fontpage_174_215_215[55] U8G_FONT_SECTION("fontpage_174_215_215") = {
  0x00,0x10,0x13,0x00,0xFC,0x00,0x00,0x00,0x00,0x00,0xD7,0xD7,0x00,0x0E,0xFE,0x00,
  0x00,0x0F,0x10,0x20,0x10,0x00,0xFE,0x10,0x40,0x10,0x40,0x10,0x40,0x13,0xFC,0x10,
  0x44,0xFC,0x44,0x10,0x44,0x10,0x44,0x13,0xFE,0x10,0x40,0x10,0xA0,0x1C,0xA0,0xE1,
  0x10,0x42,0x08,0x04,0x04,0x08,0x02};
const u8g_fntpgm_uint8_t fontpage_175_139_139[53] U8G_FONT_SECTION("fontpage_175_139_139") = {
  0x00,0x10,0x13,0x00,0xFC,0x00,0x00,0x00,0x00,0x00,0x8B,0x8B,0x00,0x0E,0xFF,0x00,
  0x00,0x0F,0x0F,0x1E,0x10,0x00,0xFF,0x00,0x04,0x7F,0x84,0x12,0x24,0x12,0x24,0x12,
  0x24,0xFF,0xA4,0x12,0x24,0x22,0x04,0x22,0x14,0x41,0x08,0x81,0x00,0x3F,0xF8,0x01,
  0x00,0x01,0x00,0xFF,0xFE};
const u8g_fntpgm_uint8_t fontpage_175_171_171[53] U8G_FONT_SECTION("fontpage_175_171_171") = {
  0x00,0x10,0x13,0x00,0xFC,0x00,0x00,0x00,0x00,0x00,0xAB,0xAB,0x00,0x0E,0xFF,0x00,
  0x00,0x0F,0x0F,0x1E,0x10,0x00,0xFF,0x08,0x40,0x08,0x40,0x7D,0xF8,0x08,0x48,0x0C,
  0x48,0x19,0xC8,0x68,0x4A,0x08,0xAA,0x28,0x86,0x11,0x02,0x01,0x00,0x3F,0xF8,0x01,
  0x00,0x01,0x00,0xFF,0xFE};
const u8g_fntpgm_uint8_t fontpage_175_223_223[55] U8G_FONT_SECTION("fontpage_175_223_223") = {
  0x00,0x10,0x13,0x00,0xFC,0x00,0x00,0x00,0x00,0x00,0xDF,0xDF,0x00,0x0E,0xFE,0x00,
  0x00,0x0F,0x10,0x20,0x10,0x00,0xFE,0x20,0x14,0x20,0x12,0x20,0x10,0x27,0xFE,0x20,
  0x10,0xF8,0x10,0x23,0xD2,0x22,0x52,0x22,0x52,0x22,0x54,0x23,0xD4,0x38,0x08,0xE0,
  0xEA,0x47,0x1A,0x02,0x26,0x00,0x42};
const u8g_fntpgm_uint8_t fontpage_175_250_250[55] U8G_FONT_SECTION("fontpage_175_250_250") = {
  0x00,0x10,0x13,0x00,0xFC,0x00,0x00,0x00,0x00,0x00,0xFA,0xFA,0x00,0x0E,0xFE,0x00,
  0x00,0x0F,0x10,0x20,0x10,0x00,0xFE,0x08,0x20,0x08,0x20,0x7F,0xFC,0x08,0x20,0x0F,
  0xE0,0x08,0x20,0x0F,0xE0,0x08,0x20,0xFF,0xFE,0x08,0x20,0x11,0x10,0x21,0x08,0xCF,
  0xE6,0x01,0x00,0x01,0x00,0x3F,0xF8};
const u8g_fntpgm_uint8_t fontpage_176_181_181[55] U8G_FONT_SECTION("fontpage_176_181_181") = {
  0x00,0x10,0x13,0x00,0xFC,0x00,0x00,0x00,0x00,0x00,0xB5,0xB5,0x00,0x0E,0xFE,0x00,
  0x00,0x0F,0x10,0x20,0x10,0x00,0xFE,0x20,0x40,0x20,0x44,0x23,0xF4,0x20,0x48,0xF8,
  0x50,0x27,0xFE,0x20,0x40,0x20,0x80,0x21,0xF8,0x2B,0x08,0x35,0x08,0x21,0xF8,0xC1,
  0x08,0x01,0x08,0x01,0xF8,0x01,0x08};
const u8g_fntpgm_uint8_t fontpage_176_212_212[55] U8G_FONT_SECTION("fontpage_176_212_212") = {
  0x00,0x10,0x13,0x00,0xFC,0x00,0x00,0x00,0x00,0x00,0xD4,0xD4,0x00,0x0E,0xFE,0x00,
  0x00,0x0F,0x10,0x20,0x10,0x00,0xFE,0x21,0x10,0x21,0x10,0x27,0xFC,0x21,0x10,0x20,
  0x40,0xF8,0xA0,0x21,0x10,0x22,0x08,0x25,0xF6,0x20,0x00,0x20,0x00,0x3B,0xF8,0xE2,
  0x08,0x42,0x08,0x03,0xF8,0x02,0x08};
const u8g_fntpgm_uint8_t fontpage_176_235_235[55] U8G_FONT_SECTION("fontpage_176_235_235") = {
  0x00,0x10,0x13,0x00,0xFC,0x00,0x00,0x00,0x00,0x00,0xEB,0xEB,0x00,0x0E,0xFE,0x00,
  0x00,0x0F,0x10,0x20,0x10,0x00,0xFE,0x20,0x40,0x20,0x40,0x27,0xFC,0x20,0x40,0x23,
  0xF8,0xFA,0x08,0x23,0xF8,0x22,0x08,0x23,0xF8,0x22,0x08,0x23,0xF8,0x3A,0x08,0xEF,
  0xFE,0x41,0x10,0x02,0x08,0x04,0x04};
const u8g_fntpgm_uint8_t fontpage_177_131_131[55] U8G_FONT_SECTION("fontpage_177_131_131") = {
  0x00,0x10,0x13,0x00,0xFC,0x00,0x00,0x00,0x00,0x00,0x83,0x83,0x00,0x0E,0xFE,0x00,
  0x00,0x0F,0x10,0x20,0x10,0x00,0xFE,0x20,0x80,0x20,0x40,0x23,0xF8,0x21,0x10,0xF8,
  0xA0,0x27,0xFE,0x20,0x00,0x23,0xF8,0x22,0x08,0x23,0xF8,0x22,0x08,0x3B,0xF8,0xE1,
  0x20,0x41,0x22,0x02,0x22,0x0C,0x1E};
const u8g_fntpgm_uint8_t fontpage_177_158_158[55] U8G_FONT_SECTION("fontpage_177_158_158") = {
  0x00,0x10,0x13,0x00,0xFC,0x00,0x00,0x00,0x00,0x00,0x9E,0x9E,0x00,0x0E,0xFE,0x00,
  0x00,0x0E,0x10,0x20,0x10,0x00,0xFE,0x22,0x08,0x21,0x10,0x20,0x00,0x27,0xFC,0x24,
  0x44,0xFD,0x54,0x24,0xE4,0x24,0x44,0x27,0xFC,0x20,0x00,0x23,0xF8,0x3A,0x08,0xE3,
  0xF8,0x42,0x08,0x03,0xF8,0x02,0x08};
const u8g_fntpgm_uint8_t fontpage_177_240_240[55] U8G_FONT_SECTION("fontpage_177_240_240") = {
  0x00,0x10,0x13,0x00,0xFC,0x00,0x00,0x00,0x00,0x00,0xF0,0xF0,0x00,0x0E,0xFE,0x00,
  0x00,0x0F,0x10,0x20,0x10,0x00,0xFE,0x01,0x00,0x01,0x00,0xFF,0xFE,0x01,0x00,0x7F,
  0xFC,0x00,0x00,0x3F,0xF8,0x21,0x08,0x21,0x08,0x3F,0xF8,0x20,0x00,0x20,0x00,0x20,
  0x00,0x40,0x00,0x40,0x00,0x80,0x00};
const u8g_fntpgm_uint8_t fontpage_177_243_243[55] U8G_FONT_SECTION("fontpage_177_243_243") = {
  0x00,0x10,0x13,0x00,0xFC,0x00,0x00,0x00,0x00,0x00,0xF3,0xF3,0x00,0x0E,0xFE,0x00,
  0x00,0x0F,0x10,0x20,0x10,0x00,0xFE,0x01,0x00,0x01,0x00,0x7F,0xFC,0x01,0x00,0x01,
  0x00,0x1F,0xF0,0x00,0x00,0x7F,0xFE,0x40,0x02,0x80,0x04,0x0F,0xE0,0x08,0x20,0x08,
  0x20,0x10,0x22,0x20,0x22,0xC0,0x1E};
const u8g_fntpgm_uint8_t fontpage_178_135_135[55] U8G_FONT_SECTION("fontpage_178_135_135") = {
  0x00,0x10,0x13,0x00,0xFC,0x00,0x00,0x00,0x00,0x00,0x87,0x87,0x00,0x0E,0xFE,0x00,
  0x00,0x0F,0x10,0x20,0x10,0x00,0xFE,0x04,0x00,0x04,0x00,0x0F,0xF0,0x18,0x20,0x64,
  0x40,0x03,0x80,0x1C,0x70,0xE0,0x0E,0x1F,0xF0,0x11,0x10,0x11,0x10,0x1F,0xF0,0x11,
  0x10,0x11,0x10,0x1F,0xF0,0x10,0x10};
const u8g_fntpgm_uint8_t fontpage_178_141_141[55] U8G_FONT_SECTION("fontpage_178_141_141") = {
  0x00,0x10,0x13,0x00,0xFC,0x00,0x00,0x00,0x00,0x00,0x8D,0x8D,0x00,0x0E,0xFE,0x00,
  0x00,0x0F,0x10,0x20,0x10,0x00,0xFE,0x10,0x00,0x10,0x00,0x1F,0xFC,0x20,0x00,0x5F,
  0xF0,0x90,0x10,0x1F,0xF0,0x10,0x10,0x1F,0xF0,0x04,0x00,0x0F,0xF0,0x18,0x20,0x64,
  0x40,0x03,0x80,0x1C,0x70,0xE0,0x0E};
const u8g_fntpgm_uint8_t fontpage_178_150_150[55] U8G_FONT_SECTION("fontpage_178_150_150") = {
  0x00,0x10,0x13,0x00,0xFC,0x00,0x00,0x00,0x00,0x00,0x96,0x96,0x00,0x0E,0xFE,0x00,
  0x00,0x0E,0x10,0x20,0x10,0x00,0xFE,0x10,0x40,0x10,0x40,0x10,0x40,0x10,0x40,0x3E,
  0x40,0x22,0x60,0x42,0x50,0x42,0x48,0xA4,0x44,0x14,0x44,0x08,0x40,0x08,0x40,0x10,
  0x40,0x20,0x40,0x40,0x40,0x80,0x40};
const u8g_fntpgm_uint8_t fontpage_178_154_154[55] U8G_FONT_SECTION("fontpage_178_154_154") = {
  0x00,0x10,0x13,0x00,0xFC,0x00,0x00,0x00,0x00,0x00,0x9A,0x9A,0x00,0x0E,0xFE,0x00,
  0x00,0x0C,0x10,0x20,0x10,0x01,0xFE,0x04,0x00,0x04,0x00,0x0F,0xE0,0x10,0x40,0x70,
  0x80,0x09,0x00,0x06,0x80,0x19,0x00,0xE3,0xF0,0x04,0x10,0x18,0x20,0x64,0x40,0x02,
  0x80,0x03,0x00,0x1C,0x00,0xE0,0x00};
const u8g_fntpgm_uint8_t fontpage_178_167_167[55] U8G_FONT_SECTION("fontpage_178_167_167") = {
  0x00,0x10,0x13,0x00,0xFC,0x00,0x00,0x00,0x00,0x00,0xA7,0xA7,0x00,0x0E,0xFE,0x00,
  0x00,0x0F,0x10,0x20,0x10,0x00,0xFE,0x01,0x00,0x01,0x00,0x01,0x00,0x01,0x00,0x01,
  0x00,0xFF,0xFE,0x01,0x00,0x01,0x00,0x02,0x80,0x02,0x80,0x04,0x40,0x04,0x40,0x08,
  0x20,0x10,0x10,0x20,0x08,0xC0,0x06};
const u8g_fntpgm_uint8_t fontpage_178_169_170[91] U8G_FONT_SECTION("fontpage_178_169_170") = {
  0x00,0x10,0x13,0x00,0xFC,0x00,0x00,0x00,0x00,0x00,0xA9,0xAA,0x00,0x0E,0xFE,0x00,
  0x00,0x0F,0x0F,0x1E,0x10,0x00,0xFE,0x3F,0xF8,0x01,0x00,0x01,0x00,0x01,0x00,0x01,
  0x00,0xFF,0xFE,0x01,0x00,0x02,0x80,0x02,0x80,0x04,0x40,0x04,0x40,0x08,0x20,0x10,
  0x10,0x20,0x08,0xC0,0x06,0x0F,0x10,0x20,0x10,0x00,0xFE,0x01,0x00,0x01,0x00,0x01,
  0x00,0x01,0x00,0x01,0x00,0xFF,0xFE,0x01,0x00,0x01,0x00,0x02,0x80,0x02,0x80,0x04,
  0x40,0x04,0x40,0x0A,0x20,0x11,0x10,0x21,0x08,0xC0,0x06};
const u8g_fntpgm_uint8_t fontpage_178_177_177[55] U8G_FONT_SECTION("fontpage_178_177_177") = {
  0x00,0x10,0x13,0x00,0xFC,0x00,0x00,0x00,0x00,0x00,0xB1,0xB1,0x00,0x0E,0xFE,0x00,
  0x00,0x0F,0x10,0x20,0x10,0x00,0xFE,0x01,0x00,0x11,0x00,0x11,0x00,0x11,0x00,0x1F,
  0xF8,0x21,0x00,0x41,0x00,0x01,0x00,0xFF,0xFE,0x01,0x00,0x02,0x80,0x02,0x80,0x04,
  0x40,0x08,0x20,0x10,0x10,0x60,0x0C};
const u8g_fntpgm_uint8_t fontpage_178_180_180[55] U8G_FONT_SECTION("fontpage_178_180_180") = {
  0x00,0x10,0x13,0x00,0xFC,0x00,0x00,0x00,0x00,0x00,0xB4,0xB4,0x00,0x0E,0xFE,0x00,
  0x00,0x0F,0x10,0x20,0x10,0x00,0xFE,0x00,0x80,0x00,0x80,0x08,0x80,0x04,0x80,0x24,
  0x80,0x10,0x80,0x10,0x80,0x00,0x80,0xFF,0xFE,0x01,0x00,0x01,0x40,0x02,0x20,0x04,
  0x10,0x08,0x08,0x30,0x04,0xC0,0x04};
const u8g_fntpgm_uint8_t fontpage_178_253_253[55] U8G_FONT_SECTION("fontpage_178_253_253") = {
  0x00,0x10,0x13,0x00,0xFC,0x00,0x00,0x00,0x00,0x00,0xFD,0xFD,0x00,0x0E,0xFE,0x00,
  0x00,0x0F,0x10,0x20,0x10,0x00,0xFE,0x10,0x00,0x10,0xFC,0x10,0x04,0x10,0x08,0xFC,
  0x10,0x24,0x20,0x24,0x20,0x25,0xFE,0x24,0x20,0x48,0x20,0x28,0x20,0x10,0x20,0x28,
  0x20,0x44,0x20,0x84,0xA0,0x00,0x40};
const u8g_fntpgm_uint8_t fontpage_179_130_130[55] U8G_FONT_SECTION("fontpage_179_130_130") = {
  0x00,0x10,0x13,0x00,0xFC,0x00,0x00,0x00,0x00,0x00,0x82,0x82,0x00,0x0E,0xFE,0x00,
  0x00,0x0E,0x10,0x20,0x10,0x00,0xFE,0x10,0x00,0x10,0x00,0x10,0x00,0x10,0x7C,0xFE,
  0x44,0x22,0x44,0x22,0x44,0x22,0x44,0x42,0x44,0x24,0x44,0x14,0x44,0x08,0x44,0x14,
  0x44,0x22,0x7C,0x42,0x44,0x80,0x00};
const u8g_fntpgm_uint8_t fontpage_179_203_203[55] U8G_FONT_SECTION("fontpage_179_203_203") = {
  0x00,0x10,0x13,0x00,0xFC,0x00,0x00,0x00,0x00,0x00,0xCB,0xCB,0x00,0x0E,0xFE,0x00,
  0x00,0x0F,0x10,0x20,0x10,0x00,0xFE,0x10,0x20,0x10,0x20,0x10,0x20,0x10,0x40,0xFC,
  0x48,0x24,0x84,0x25,0xFE,0x24,0x82,0x24,0x00,0x48,0xFC,0x28,0x84,0x10,0x84,0x28,
  0x84,0x44,0x84,0x80,0xFC,0x00,0x84};
const u8g_fntpgm_uint8_t fontpage_182_208_208[53] U8G_FONT_SECTION("fontpage_182_208_208") = {
  0x00,0x10,0x13,0x00,0xFC,0x00,0x00,0x00,0x00,0x00,0xD0,0xD0,0x00,0x0D,0xFE,0x00,
  0x00,0x0F,0x0F,0x1E,0x10,0x00,0xFE,0x7F,0xF8,0x00,0x10,0x00,0x20,0x00,0x40,0x01,
  0x80,0x01,0x00,0xFF,0xFE,0x01,0x00,0x01,0x00,0x01,0x00,0x01,0x00,0x01,0x00,0x01,
  0x00,0x05,0x00,0x02,0x00};
const u8g_fntpgm_uint8_t fontpage_182_215_216[93] U8G_FONT_SECTION("fontpage_182_215_216") = {
  0x00,0x10,0x13,0x00,0xFC,0x00,0x00,0x00,0x00,0x00,0xD7,0xD8,0x00,0x0E,0xFE,0x00,
  0x00,0x0F,0x10,0x20,0x10,0x00,0xFE,0x02,0x00,0x01,0x00,0x7F,0xFE,0x40,0x02,0x80,
  0x04,0x1F,0xE0,0x00,0x40,0x00,0x80,0x01,0x00,0xFF,0xFE,0x01,0x00,0x01,0x00,0x01,
  0x00,0x01,0x00,0x05,0x00,0x02,0x00,0x0F,0x10,0x20,0x10,0x00,0xFE,0x04,0x00,0x04,
  0x00,0xFF,0xFE,0x08,0x00,0x08,0x00,0x13,0xF8,0x10,0x10,0x30,0x20,0x50,0x40,0x97,
  0xFE,0x10,0x40,0x10,0x40,0x10,0x40,0x10,0x40,0x11,0x40,0x10,0x80};
const u8g_fntpgm_uint8_t fontpage_182_230_230[55] U8G_FONT_SECTION("fontpage_182_230_230") = {
  0x00,0x10,0x13,0x00,0xFC,0x00,0x00,0x00,0x00,0x00,0xE6,0xE6,0x00,0x0E,0xFE,0x00,
  0x00,0x0F,0x10,0x20,0x10,0x00,0xFE,0x22,0x08,0x11,0x08,0x11,0x10,0x00,0x20,0x7F,
  0xFE,0x40,0x02,0x80,0x04,0x1F,0xE0,0x00,0x40,0x01,0x80,0xFF,0xFE,0x01,0x00,0x01,
  0x00,0x01,0x00,0x05,0x00,0x02,0x00};
const u8g_fntpgm_uint8_t fontpage_183_137_137[55] U8G_FONT_SECTION("fontpage_183_137_137") = {
  0x00,0x10,0x13,0x00,0xFC,0x00,0x00,0x00,0x00,0x00,0x89,0x89,0x00,0x0E,0xFE,0x00,
  0x00,0x0F,0x10,0x20,0x10,0x00,0xFE,0x02,0x00,0x01,0x00,0x3F,0xFC,0x20,0x04,0x42,
  0x08,0x02,0x00,0x02,0x00,0xFF,0xFE,0x04,0x20,0x08,0x20,0x18,0x40,0x06,0x40,0x01,
  0x80,0x02,0x60,0x0C,0x10,0x70,0x08};
const u8g_fntpgm_uint8_t fontpage_183_140_140[55] U8G_FONT_SECTION("fontpage_183_140_140") = {
  0x00,0x10,0x13,0x00,0xFC,0x00,0x00,0x00,0x00,0x00,0x8C,0x8C,0x00,0x0E,0xFE,0x00,
  0x00,0x0F,0x10,0x20,0x10,0x00,0xFE,0x02,0x00,0x01,0x00,0x7F,0xFE,0x40,0x02,0x80,
  0x04,0x1F,0xF0,0x00,0x00,0x00,0x00,0x7F,0xFC,0x04,0x40,0x04,0x40,0x04,0x40,0x08,
  0x44,0x08,0x44,0x10,0x44,0x60,0x3C};
const u8g_fntpgm_uint8_t fontpage_183_154_154[55] U8G_FONT_SECTION("fontpage_183_154_154") = {
  0x00,0x10,0x13,0x00,0xFC,0x00,0x00,0x00,0x00,0x00,0x9A,0x9A,0x00,0x0E,0xFE,0x00,
  0x00,0x0F,0x10,0x20,0x10,0x00,0xFE,0x02,0x00,0x01,0x00,0x7F,0xFE,0x40,0x02,0x80,
  0x04,0x00,0x00,0x3F,0xF8,0x01,0x00,0x01,0x00,0x11,0x00,0x11,0xF8,0x11,0x00,0x11,
  0x00,0x29,0x00,0x47,0xFE,0x80,0x00};
const u8g_fntpgm_uint8_t fontpage_183_158_158[55] U8G_FONT_SECTION("fontpage_183_158_158") = {
  0x00,0x10,0x13,0x00,0xFC,0x00,0x00,0x00,0x00,0x00,0x9E,0x9E,0x00,0x0E,0xFE,0x00,
  0x00,0x0F,0x10,0x20,0x10,0x00,0xFE,0x02,0x00,0x01,0x00,0x7F,0xFE,0x40,0x02,0x88,
  0x84,0x04,0x80,0x04,0x80,0x10,0x80,0x08,0x80,0x08,0x80,0xFF,0xFE,0x01,0x40,0x02,
  0x20,0x04,0x10,0x18,0x08,0x60,0x04};
const u8g_fntpgm_uint8_t fontpage_183_162_162[55] U8G_FONT_SECTION("fontpage_183_162_162") = {
  0x00,0x10,0x13,0x00,0xFC,0x00,0x00,0x00,0x00,0x00,0xA2,0xA2,0x00,0x0E,0xFE,0x00,
  0x00,0x0F,0x10,0x20,0x10,0x00,0xFE,0x02,0x00,0x01,0x00,0x7F,0xFE,0x40,0x02,0x88,
  0x04,0x0F,0xF0,0x10,0x20,0x2C,0x40,0x03,0x80,0x1C,0x70,0xE0,0x0E,0x1F,0xF0,0x10,
  0x10,0x10,0x10,0x1F,0xF0,0x10,0x10};
const u8g_fntpgm_uint8_t fontpage_183_164_164[53] U8G_FONT_SECTION("fontpage_183_164_164") = {
  0x00,0x10,0x13,0x00,0xFC,0x00,0x00,0x00,0x00,0x00,0xA4,0xA4,0x00,0x0E,0xFF,0x00,
  0x00,0x0F,0x0F,0x1E,0x10,0x00,0xFF,0x02,0x00,0x01,0x00,0x7F,0xFE,0x40,0x02,0x80,
  0x04,0x3F,0xF8,0x04,0x00,0x08,0x20,0x1F,0xF0,0x01,0x10,0x01,0x00,0x3F,0xF8,0x01,
  0x00,0x01,0x00,0xFF,0xFE};
const u8g_fntpgm_uint8_t fontpage_183_171_171[55] U8G_FONT_SECTION("fontpage_183_171_171") = {
  0x00,0x10,0x13,0x00,0xFC,0x00,0x00,0x00,0x00,0x00,0xAB,0xAB,0x00,0x0E,0xFE,0x00,
  0x00,0x0F,0x10,0x20,0x10,0x00,0xFE,0x02,0x00,0x01,0x00,0x7F,0xFE,0x40,0x02,0x80,
  0x04,0x1F,0xF0,0x10,0x10,0x10,0x10,0x1F,0xF0,0x00,0x00,0x3F,0xF8,0x20,0x08,0x20,
  0x08,0x20,0x08,0x3F,0xF8,0x20,0x08};
const u8g_fntpgm_uint8_t fontpage_183_185_185[55] U8G_FONT_SECTION("fontpage_183_185_185") = {
  0x00,0x10,0x13,0x00,0xFC,0x00,0x00,0x00,0x00,0x00,0xB9,0xB9,0x00,0x0E,0xFE,0x00,
  0x00,0x0F,0x10,0x20,0x10,0x00,0xFE,0x02,0x00,0x01,0x00,0x7F,0xFE,0x40,0x02,0x88,
  0x24,0x11,0x10,0x22,0x88,0x04,0x40,0x08,0x20,0x30,0x18,0xDF,0xF6,0x10,0x10,0x10,
  0x10,0x10,0x10,0x1F,0xF0,0x10,0x10};
const u8g_fntpgm_uint8_t fontpage_183_198_198[55] U8G_FONT_SECTION("fontpage_183_198_198") = {
  0x00,0x10,0x13,0x00,0xFC,0x00,0x00,0x00,0x00,0x00,0xC6,0xC6,0x00,0x0E,0xFE,0x00,
  0x00,0x0F,0x10,0x20,0x10,0x00,0xFE,0x02,0x00,0x01,0x00,0x7F,0xFE,0x40,0x02,0x82,
  0x24,0x09,0x40,0x28,0x88,0x4B,0x14,0x1C,0x10,0xE7,0xF0,0x01,0x00,0x21,0x08,0x21,
  0x08,0x21,0x08,0x3F,0xF8,0x00,0x08};
const u8g_fntpgm_uint8_t fontpage_183_248_249[93] U8G_FONT_SECTION("fontpage_183_248_249") = {
  0x00,0x10,0x13,0x00,0xFC,0x00,0x00,0x00,0x00,0x00,0xF8,0xF9,0x00,0x0E,0xFE,0x00,
  0x00,0x0F,0x10,0x20,0x10,0x00,0xFE,0x00,0x40,0x00,0x40,0x00,0x40,0x00,0x40,0xFF,
  0xFE,0x00,0x40,0x00,0x40,0x00,0x40,0x10,0x40,0x08,0x40,0x08,0x40,0x00,0x40,0x00,
  0x40,0x00,0x40,0x01,0x40,0x00,0x80,0x0E,0x10,0x20,0x10,0x01,0xFE,0x00,0x20,0x00,
  0x20,0x00,0x20,0xFC,0x20,0x05,0xFC,0x04,0x20,0x48,0x20,0x29,0x20,0x10,0xA0,0x10,
  0xA0,0x28,0x20,0x24,0x20,0x44,0x20,0x80,0x20,0x00,0xA0,0x00,0x40};
const u8g_fntpgm_uint8_t fontpage_183_252_252[53] U8G_FONT_SECTION("fontpage_183_252_252") = {
  0x00,0x10,0x13,0x00,0xFC,0x00,0x00,0x00,0x00,0x00,0xFC,0xFC,0x00,0x0D,0xFE,0x00,
  0x00,0x0F,0x0F,0x1E,0x10,0x00,0xFE,0x3F,0xF0,0x20,0x10,0x20,0x10,0x3F,0xF0,0x20,
  0x04,0x20,0x04,0x1F,0xFC,0x00,0x20,0x00,0x20,0xFF,0xFE,0x08,0x20,0x04,0x20,0x04,
  0x20,0x00,0xA0,0x00,0x40};
const u8g_fntpgm_uint8_t fontpage_184_132_132[55] U8G_FONT_SECTION("fontpage_184_132_132") = {
  0x00,0x10,0x13,0x00,0xFC,0x00,0x00,0x00,0x00,0x00,0x84,0x84,0x00,0x0E,0xFE,0x00,
  0x00,0x0F,0x10,0x20,0x10,0x00,0xFE,0x08,0x08,0x10,0x08,0x3E,0x08,0x22,0x08,0x3E,
  0xFE,0x22,0x08,0x3E,0x08,0x22,0x08,0x22,0x48,0xFE,0x28,0x06,0x28,0x0A,0x08,0x12,
  0x08,0x22,0x08,0x4A,0x28,0x04,0x10};
const u8g_fntpgm_uint8_t fontpage_184_134_134[55] U8G_FONT_SECTION("fontpage_184_134_134") = {
  0x00,0x10,0x13,0x00,0xFC,0x00,0x00,0x00,0x00,0x00,0x86,0x86,0x00,0x0E,0xFE,0x00,
  0x00,0x0F,0x10,0x20,0x10,0x00,0xFE,0x08,0x80,0x08,0xF8,0x09,0x08,0x4A,0x10,0x28,
  0xA0,0x28,0x40,0x08,0x90,0x0B,0x10,0x18,0x10,0x2B,0xFE,0xC8,0x10,0x09,0x10,0x08,
  0x90,0x08,0x10,0x08,0x50,0x08,0x20};
const u8g_fntpgm_uint8_t fontpage_184_143_143[55] U8G_FONT_SECTION("fontpage_184_143_143") = {
  0x00,0x10,0x13,0x00,0xFC,0x00,0x00,0x00,0x00,0x00,0x8F,0x8F,0x00,0x0E,0xFE,0x00,
  0x00,0x0F,0x10,0x20,0x10,0x00,0xFE,0x01,0x00,0x01,0x00,0x01,0x00,0x01,0x00,0x01,
  0x00,0x11,0x10,0x11,0x08,0x11,0x04,0x21,0x04,0x21,0x02,0x41,0x02,0x81,0x02,0x01,
  0x00,0x01,0x00,0x05,0x00,0x02,0x00};
const u8g_fntpgm_uint8_t fontpage_184_152_152[53] U8G_FONT_SECTION("fontpage_184_152_152") = {
  0x00,0x10,0x13,0x00,0xFC,0x00,0x00,0x00,0x00,0x00,0x98,0x98,0x00,0x0E,0xFF,0x00,
  0x00,0x0F,0x0F,0x1E,0x10,0x00,0xFF,0x01,0x00,0x01,0x00,0x09,0x20,0x09,0x10,0x11,
  0x08,0x21,0x04,0x41,0x04,0x00,0x00,0x01,0x00,0x01,0x00,0x3F,0xF8,0x01,0x00,0x01,
  0x00,0x01,0x00,0xFF,0xFE};
const u8g_fntpgm_uint8_t fontpage_184_157_157[55] U8G_FONT_SECTION("fontpage_184_157_157") = {
  0x00,0x10,0x13,0x00,0xFC,0x00,0x00,0x00,0x00,0x00,0x9D,0x9D,0x00,0x0E,0xFE,0x00,
  0x00,0x0F,0x10,0x20,0x10,0x00,0xFE,0x01,0x00,0x11,0x10,0x09,0x20,0x01,0x00,0x7F,
  0xFE,0x40,0x02,0x80,0x04,0x1F,0xF0,0x00,0x00,0x00,0x00,0x7F,0xFC,0x04,0x00,0x08,
  0x20,0x10,0x10,0x3F,0xF8,0x10,0x08};
const u8g_fntpgm_uint8_t fontpage_184_177_177[55] U8G_FONT_SECTION("fontpage_184_177_177") = {
  0x00,0x10,0x13,0x00,0xFC,0x00,0x00,0x00,0x00,0x00,0xB1,0xB1,0x00,0x0E,0xFE,0x00,
  0x00,0x0F,0x10,0x20,0x10,0x00,0xFE,0x20,0x40,0x10,0x50,0xFE,0x48,0x00,0x48,0x00,
  0x40,0x7D,0xFE,0x44,0x50,0x44,0x50,0x44,0x50,0x7C,0x50,0x10,0x90,0x54,0x90,0x92,
  0x92,0x11,0x12,0x51,0x0E,0x22,0x00};
const u8g_fntpgm_uint8_t fontpage_184_186_186[53] U8G_FONT_SECTION("fontpage_184_186_186") = {
  0x00,0x10,0x13,0x00,0xFC,0x00,0x00,0x00,0x00,0x00,0xBA,0xBA,0x00,0x0D,0xFE,0x00,
  0x00,0x0F,0x0F,0x1E,0x10,0x00,0xFE,0x1F,0xF8,0x10,0x08,0x10,0x08,0x10,0x08,0x10,
  0x08,0x1F,0xF8,0x10,0x80,0x10,0x80,0x10,0x80,0x10,0x40,0x10,0x40,0x20,0x20,0x20,
  0x10,0x40,0x08,0x80,0x06};
const u8g_fntpgm_uint8_t fontpage_184_188_189[89] U8G_FONT_SECTION("fontpage_184_188_189") = {
  0x00,0x10,0x13,0x00,0xFC,0x00,0x00,0x00,0x00,0x00,0xBC,0xBD,0x00,0x0D,0xFE,0x00,
  0x00,0x0F,0x0F,0x1E,0x10,0x00,0xFE,0x1F,0xFC,0x10,0x04,0x10,0x04,0x10,0x04,0x1F,
  0xFC,0x10,0x00,0x12,0x00,0x12,0x0C,0x12,0x30,0x13,0xC0,0x12,0x02,0x22,0x02,0x22,
  0x02,0x41,0xFE,0x80,0x00,0x0F,0x0F,0x1E,0x10,0x00,0xFE,0x1F,0xF8,0x10,0x08,0x10,
  0x08,0x10,0x08,0x1F,0xF8,0x10,0x48,0x10,0x40,0x10,0x20,0x23,0x10,0x20,0x88,0x40,
  0x06,0x8C,0x00,0x03,0x00,0x00,0x80,0x00,0x40};
const u8g_fntpgm_uint8_t fontpage_184_197_197[53] U8G_FONT_SECTION("fontpage_184_197_197") = {
  0x00,0x10,0x13,0x00,0xFC,0x00,0x00,0x00,0x00,0x00,0xC5,0xC5,0x00,0x0D,0xFE,0x00,
  0x00,0x0F,0x0F,0x1E,0x10,0x00,0xFE,0x3F,0xF8,0x20,0x08,0x20,0x08,0x3F,0xF8,0x20,
  0x80,0x20,0x80,0x3F,0xFE,0x20,0x80,0x20,0x80,0x2F,0xF8,0x28,0x08,0x48,0x08,0x48,
  0x08,0x8F,0xF8,0x08,0x08};
const u8g_fntpgm_uint8_t fontpage_184_207_207[53] U8G_FONT_SECTION("fontpage_184_207_207") = {
  0x00,0x10,0x13,0x00,0xFC,0x00,0x00,0x00,0x00,0x00,0xCF,0xCF,0x00,0x0D,0xFE,0x00,
  0x00,0x0E,0x0F,0x1E,0x10,0x00,0xFE,0x3F,0xF8,0x20,0x08,0x20,0x08,0x3F,0xF8,0x24,
  0x10,0x22,0x20,0x2F,0xF8,0x22,0x20,0x22,0x20,0x3F,0xFC,0x22,0x20,0x42,0x20,0x44,
  0x20,0x84,0x20,0x08,0x20};
const u8g_fntpgm_uint8_t fontpage_187_229_230[83] U8G_FONT_SECTION("fontpage_187_229_230") = {
  0x00,0x10,0x13,0x00,0xFC,0x00,0x00,0x00,0x00,0x00,0xE5,0xE6,0x00,0x0E,0xFF,0x00,
  0x00,0x0F,0x0C,0x18,0x10,0x00,0x00,0x7F,0xFC,0x01,0x00,0x01,0x00,0x01,0x00,0x01,
  0x00,0x01,0x00,0x01,0x00,0x01,0x00,0x01,0x00,0x01,0x00,0x01,0x00,0xFF,0xFE,0x0F,
  0x0F,0x1E,0x10,0x00,0xFF,0x02,0x00,0x02,0x00,0x02,0x00,0xFF,0xFE,0x04,0x00,0x04,
  0x00,0x04,0x00,0x08,0x00,0x0F,0xF8,0x10,0x80,0x10,0x80,0x20,0x80,0x40,0x80,0x80,
  0x80,0x3F,0xFE};
const u8g_fntpgm_uint8_t fontpage_187_238_238[55] U8G_FONT_SECTION("fontpage_187_238_238") = {
  0x00,0x10,0x13,0x00,0xFC,0x00,0x00,0x00,0x00,0x00,0xEE,0xEE,0x00,0x0E,0xFE,0x00,
  0x00,0x0F,0x10,0x20,0x10,0x00,0xFE,0x08,0x20,0x04,0x40,0x7F,0xFC,0x01,0x00,0x01,
  0x00,0x3F,0xF8,0x02,0x00,0x02,0x00,0xFF,0xFE,0x04,0x00,0x08,0x00,0x17,0xF8,0x20,
  0x80,0x40,0x80,0x80,0x80,0x1F,0xFC};
const u8g_fntpgm_uint8_t fontpage_187_242_242[51] U8G_FONT_SECTION("fontpage_187_242_242") = {
  0x00,0x10,0x13,0x00,0xFC,0x00,0x00,0x00,0x00,0x00,0xF2,0xF2,0x00,0x0D,0xFF,0x00,
  0x00,0x0C,0x0E,0x1C,0x10,0x02,0xFF,0xFF,0xC0,0x00,0x40,0x00,0x40,0x00,0x40,0x80,
  0x40,0x80,0x40,0xFF,0xC0,0x80,0x00,0x80,0x00,0x80,0x00,0x80,0x10,0x80,0x10,0x80,
  0x10,0x7F,0xF0};
const u8g_fntpgm_uint8_t fontpage_188_166_166[55] U8G_FONT_SECTION("fontpage_188_166_166") = {
  0x00,0x10,0x13,0x00,0xFC,0x00,0x00,0x00,0x00,0x00,0xA6,0xA6,0x00,0x0E,0xFE,0x00,
  0x00,0x0F,0x10,0x20,0x10,0x00,0xFE,0x09,0x20,0x09,0x20,0x7F,0xFC,0x09,0x20,0x09,
  0x20,0x00,0x00,0x7F,0xFE,0x41,0x02,0x81,0x04,0x1F,0xF0,0x11,0x10,0x11,0x10,0x11,
  0x50,0x11,0x20,0x01,0x00,0x01,0x00};
const u8g_fntpgm_uint8_t fontpage_188_184_184[55] U8G_FONT_SECTION("fontpage_188_184_184") = {
  0x00,0x10,0x13,0x00,0xFC,0x00,0x00,0x00,0x00,0x00,0xB8,0xB8,0x00,0x0E,0xFE,0x00,
  0x00,0x0F,0x10,0x20,0x10,0x00,0xFE,0x01,0x00,0x11,0x10,0x09,0x20,0x7F,0xFE,0x40,
  0x02,0x9F,0xF4,0x10,0x10,0x1F,0xF0,0x01,0x00,0x3F,0xF8,0x21,0x08,0x21,0x08,0x21,
  0x28,0x21,0x10,0x01,0x00,0x01,0x00};
const u8g_fntpgm_uint8_t fontpage_188_243_243[53] U8G_FONT_SECTION("fontpage_188_243_243") = {
  0x00,0x10,0x13,0x00,0xFC,0x00,0x00,0x00,0x00,0x00,0xF3,0xF3,0x00,0x0D,0xFE,0x00,
  0x00,0x0F,0x0F,0x1E,0x10,0x00,0xFE,0x7F,0xFC,0x01,0x00,0x01,0x00,0x11,0x10,0x09,
  0x10,0x09,0x20,0x01,0x00,0xFF,0xFE,0x01,0x00,0x01,0x00,0x01,0x00,0x01,0x00,0x01,
  0x00,0x01,0x00,0x01,0x00};
const u8g_fntpgm_uint8_t fontpage_188_246_246[55] U8G_FONT_SECTION("fontpage_188_246_246") = {
  0x00,0x10,0x13,0x00,0xFC,0x00,0x00,0x00,0x00,0x00,0xF6,0xF6,0x00,0x0E,0xFE,0x00,
  0x00,0x0F,0x10,0x20,0x10,0x00,0xFE,0x10,0x10,0x08,0x10,0x08,0x20,0x00,0x00,0x7F,
  0xFC,0x08,0x20,0x08,0x20,0x08,0x20,0x08,0x20,0xFF,0xFE,0x08,0x20,0x08,0x20,0x10,
  0x20,0x10,0x20,0x20,0x20,0x40,0x20};
const u8g_fntpgm_uint8_t fontpage_189_138_138[55] U8G_FONT_SECTION("fontpage_189_138_138") = {
  0x00,0x10,0x13,0x00,0xFC,0x00,0x00,0x00,0x00,0x00,0x8A,0x8A,0x00,0x0E,0xFE,0x00,
  0x00,0x0F,0x10,0x20,0x10,0x00,0xFE,0x01,0x00,0x00,0x80,0x3F,0xFE,0x20,0x00,0x20,
  0x80,0x20,0x80,0x2F,0xFC,0x20,0x80,0x21,0xC0,0x22,0xA0,0x22,0xA0,0x24,0x90,0x48,
  0x88,0x50,0x86,0x80,0x80,0x00,0x80};
const u8g_fntpgm_uint8_t fontpage_189_143_143[55] U8G_FONT_SECTION("fontpage_189_143_143") = {
  0x00,0x10,0x13,0x00,0xFC,0x00,0x00,0x00,0x00,0x00,0x8F,0x8F,0x00,0x0E,0xFE,0x00,
  0x00,0x0F,0x10,0x20,0x10,0x00,0xFE,0x01,0x00,0x00,0x80,0x3F,0xFE,0x20,0x00,0x23,
  0xF8,0x20,0x10,0x20,0xA0,0x20,0x40,0x2F,0xFE,0x20,0x42,0x20,0x44,0x20,0x40,0x40,
  0x40,0x40,0x40,0x81,0x40,0x00,0x80};
const u8g_fntpgm_uint8_t fontpage_189_148_148[53] U8G_FONT_SECTION("fontpage_189_148_148") = {
  0x00,0x10,0x13,0x00,0xFC,0x00,0x00,0x00,0x00,0x00,0x94,0x94,0x00,0x0E,0xFF,0x00,
  0x00,0x0F,0x0F,0x1E,0x10,0x00,0xFF,0x01,0x00,0x00,0x80,0x3F,0xFE,0x20,0x00,0x20,
  0x00,0x21,0x04,0x28,0x84,0x24,0x84,0x24,0x48,0x22,0x48,0x22,0x10,0x22,0x10,0x40,
  0x20,0x40,0x40,0x9F,0xFE};
const u8g_fntpgm_uint8_t fontpage_189_159_159[55] U8G_FONT_SECTION("fontpage_189_159_159") = {
  0x00,0x10,0x13,0x00,0xFC,0x00,0x00,0x00,0x00,0x00,0x9F,0x9F,0x00,0x0E,0xFE,0x00,
  0x00,0x0F,0x10,0x20,0x10,0x00,0xFE,0x01,0x00,0x00,0x80,0x3F,0xFE,0x20,0x80,0x24,
  0x90,0x28,0x88,0x2F,0xFE,0x21,0x00,0x21,0xFC,0x22,0x84,0x22,0x88,0x24,0x50,0x24,
  0x20,0x48,0x50,0x51,0x88,0x86,0x06};
const u8g_fntpgm_uint8_t fontpage_189_166_166[55] U8G_FONT_SECTION("fontpage_189_166_166") = {
  0x00,0x10,0x13,0x00,0xFC,0x00,0x00,0x00,0x00,0x00,0xA6,0xA6,0x00,0x0E,0xFE,0x00,
  0x00,0x0F,0x10,0x20,0x10,0x00,0xFE,0x01,0x00,0x00,0x80,0x3F,0xFE,0x22,0x20,0x22,
  0x20,0x3F,0xFC,0x22,0x20,0x22,0x20,0x23,0xE0,0x20,0x00,0x2F,0xF0,0x24,0x10,0x42,
  0x20,0x41,0xC0,0x86,0x30,0x38,0x0E};
const u8g_fntpgm_uint8_t fontpage_190_128_128[53] U8G_FONT_SECTION("fontpage_190_128_128") = {
  0x00,0x10,0x13,0x00,0xFC,0x00,0x00,0x00,0x00,0x00,0x80,0x80,0x00,0x0D,0xFE,0x00,
  0x00,0x0F,0x0F,0x1E,0x10,0x00,0xFE,0x7F,0xFC,0x08,0x20,0x08,0x20,0x08,0x20,0x08,
  0x20,0x08,0x20,0xFF,0xFE,0x08,0x20,0x08,0x20,0x08,0x20,0x08,0x20,0x10,0x20,0x10,
  0x20,0x20,0x20,0x40,0x20};
const u8g_fntpgm_uint8_t fontpage_190_130_130[53] U8G_FONT_SECTION("fontpage_190_130_130") = {
  0x00,0x10,0x13,0x00,0xFC,0x00,0x00,0x00,0x00,0x00,0x82,0x82,0x00,0x0D,0xFE,0x00,
  0x00,0x0F,0x0F,0x1E,0x10,0x00,0xFE,0x3F,0xF0,0x20,0x10,0x20,0x10,0x3F,0xF0,0x20,
  0x04,0x20,0x04,0x1F,0xFC,0x00,0x00,0x08,0x20,0x08,0x20,0xFF,0xFE,0x08,0x20,0x10,
  0x20,0x20,0x20,0x40,0x20};
const u8g_fntpgm_uint8_t fontpage_190_143_143[55] U8G_FONT_SECTION("fontpage_190_143_143") = {
  0x00,0x10,0x13,0x00,0xFC,0x00,0x00,0x00,0x00,0x00,0x8F,0x8F,0x00,0x0E,0xFE,0x00,
  0x00,0x0F,0x10,0x20,0x10,0x00,0xFE,0x00,0x48,0x00,0x44,0x00,0x44,0x00,0x40,0xFF,
  0xFE,0x00,0x40,0x00,0x40,0x3E,0x40,0x08,0x40,0x08,0x40,0x08,0x20,0x08,0x22,0x0F,
  0x12,0x78,0x0A,0x20,0x06,0x00,0x02};
const u8g_fntpgm_uint8_t fontpage_190_149_149[55] U8G_FONT_SECTION("fontpage_190_149_149") = {
  0x00,0x10,0x13,0x00,0xFC,0x00,0x00,0x00,0x00,0x00,0x95,0x95,0x00,0x0E,0xFE,0x00,
  0x00,0x0C,0x10,0x20,0x10,0x01,0xFE,0x00,0x10,0xFE,0x10,0x02,0x10,0x02,0x10,0x02,
  0x10,0x7E,0x10,0x40,0x10,0x40,0x10,0x80,0x10,0xFE,0x10,0x02,0x10,0x02,0x10,0x02,
  0x10,0x02,0x10,0x14,0x10,0x08,0x10};
const u8g_fntpgm_uint8_t fontpage_190_185_185[55] U8G_FONT_SECTION("fontpage_190_185_185") = {
  0x00,0x10,0x13,0x00,0xFC,0x00,0x00,0x00,0x00,0x00,0xB9,0xB9,0x00,0x0E,0xFE,0x00,
  0x00,0x0F,0x10,0x20,0x10,0x00,0xFE,0x01,0x04,0xF8,0x88,0x08,0x50,0x09,0xFC,0x09,
  0x24,0x79,0x24,0x41,0xFC,0x41,0x24,0x41,0x24,0x79,0xFC,0x08,0x20,0x08,0x20,0x0B,
  0xFE,0x08,0x20,0x50,0x20,0x20,0x20};
const u8g_fntpgm_uint8_t fontpage_190_210_211[93] U8G_FONT_SECTION("fontpage_190_210_211") = {
  0x00,0x10,0x13,0x00,0xFC,0x00,0x00,0x00,0x00,0x00,0xD2,0xD3,0x00,0x0E,0xFE,0x00,
  0x00,0x0D,0x10,0x20,0x10,0x01,0xFE,0x10,0x00,0x10,0x00,0x97,0xF8,0x90,0x08,0x90,
  0x08,0x90,0x08,0x90,0x08,0x93,0xF8,0x90,0x08,0x90,0x08,0x90,0x08,0x10,0x08,0x20,
  0x08,0x27,0xF8,0x40,0x08,0x80,0x00,0x0C,0x10,0x20,0x10,0x01,0xFE,0x02,0x00,0x42,
  0x10,0x22,0x10,0x12,0x20,0x12,0x40,0x02,0x00,0xFF,0xF0,0x00,0x10,0x00,0x10,0x00,
  0x10,0x7F,0xF0,0x00,0x10,0x00,0x10,0x00,0x10,0xFF,0xF0,0x00,0x10};
const u8g_fntpgm_uint8_t fontpage_190_213_213[53] U8G_FONT_SECTION("fontpage_190_213_213") = {
  0x00,0x10,0x13,0x00,0xFC,0x00,0x00,0x00,0x00,0x00,0xD5,0xD5,0x00,0x0D,0xFE,0x00,
  0x00,0x0F,0x0F,0x1E,0x10,0x00,0xFE,0x3F,0xF0,0x00,0x10,0x00,0x10,0x1F,0xF0,0x00,
  0x10,0x00,0x10,0xFF,0xFE,0x01,0x00,0x21,0x08,0x11,0x90,0x05,0x60,0x09,0x20,0x31,
  0x18,0xC5,0x06,0x02,0x00};
const u8g_fntpgm_uint8_t fontpage_190_226_226[53] U8G_FONT_SECTION("fontpage_190_226_226") = {
  0x00,0x10,0x13,0x00,0xFC,0x00,0x00,0x00,0x00,0x00,0xE2,0xE2,0x00,0x0D,0xFE,0x00,
  0x00,0x0F,0x0F,0x1E,0x10,0x00,0xFE,0x7F,0x84,0x12,0x04,0x12,0x08,0x12,0x10,0x12,
  0x22,0x12,0x02,0xFF,0xC4,0x12,0x08,0x12,0x10,0x12,0x22,0x12,0x02,0x22,0x04,0x22,
  0x08,0x42,0x10,0x82,0x60};
const u8g_fntpgm_uint8_t fontpage_191_132_133[93] U8G_FONT_SECTION("fontpage_191_132_133") = {
  0x00,0x10,0x13,0x00,0xFC,0x00,0x00,0x00,0x00,0x00,0x84,0x85,0x00,0x0E,0xFE,0x00,
  0x00,0x0F,0x10,0x20,0x10,0x00,0xFE,0x08,0x00,0x0B,0xF8,0x10,0x10,0x20,0x20,0x48,
  0x60,0x08,0x98,0x11,0x04,0x36,0x02,0x50,0x00,0x93,0xFC,0x10,0x40,0x10,0x40,0x10,
  0x40,0x10,0x40,0x17,0xFE,0x10,0x00,0x0F,0x10,0x20,0x10,0x00,0xFE,0x08,0x40,0x08,
  0x40,0x10,0x40,0x23,0xFC,0x48,0x40,0x08,0x40,0x17,0xFE,0x30,0x10,0x50,0x10,0x97,
  0xFE,0x10,0x10,0x12,0x10,0x11,0x10,0x11,0x10,0x10,0x50,0x10,0x20};
const u8g_fntpgm_uint8_t fontpage_191_151_151[55] U8G_FONT_SECTION("fontpage_191_151_151") = {
  0x00,0x10,0x13,0x00,0xFC,0x00,0x00,0x00,0x00,0x00,0x97,0x97,0x00,0x0E,0xFE,0x00,
  0x00,0x0F,0x10,0x20,0x10,0x00,0xFE,0x08,0x00,0x0B,0xF8,0x12,0x08,0x23,0xF8,0x4A,
  0x08,0x0B,0xF8,0x10,0x00,0x33,0xFC,0x50,0x10,0x97,0xFE,0x10,0x10,0x12,0x10,0x11,
  0x10,0x10,0x10,0x10,0x50,0x10,0x20};
const u8g_fntpgm_uint8_t fontpage_191_170_170[55] U8G_FONT_SECTION("fontpage_191_170_170") = {
  0x00,0x10,0x13,0x00,0xFC,0x00,0x00,0x00,0x00,0x00,0xAA,0xAA,0x00,0x0E,0xFE,0x00,
  0x00,0x0F,0x10,0x20,0x10,0x00,0xFE,0x10,0x3C,0x17,0xE0,0x24,0x20,0x44,0x20,0x97,
  0xFE,0x14,0x20,0x25,0xFC,0x65,0x04,0xA5,0x04,0x25,0xFC,0x25,0x04,0x25,0xFC,0x29,
  0x04,0x29,0x04,0x31,0xFC,0x21,0x04};
const u8g_fntpgm_uint8_t fontpage_191_174_174[55] U8G_FONT_SECTION("fontpage_191_174_174") = {
  0x00,0x10,0x13,0x00,0xFC,0x00,0x00,0x00,0x00,0x00,0xAE,0xAE,0x00,0x0E,0xFE,0x00,
  0x00,0x0F,0x10,0x20,0x10,0x00,0xFE,0x11,0x08,0x15,0x48,0x25,0x48,0x45,0x50,0x97,
  0xDE,0x10,0x24,0x20,0x14,0x6F,0xD4,0xA0,0x14,0x27,0x94,0x24,0x94,0x24,0xA8,0x24,
  0xC8,0x24,0x94,0x28,0x14,0x30,0x22};
const u8g_fntpgm_uint8_t fontpage_191_195_195[51] U8G_FONT_SECTION("fontpage_191_195_195") = {
  0x00,0x10,0x13,0x00,0xFC,0x00,0x00,0x00,0x00,0x00,0xC3,0xC3,0x00,0x0D,0xFF,0x00,
  0x00,0x0F,0x0E,0x1C,0x10,0x00,0xFF,0x02,0x00,0x01,0x00,0x00,0x80,0x00,0x80,0x04,
  0x00,0x04,0x08,0x24,0x04,0x24,0x04,0x24,0x02,0x44,0x02,0x44,0x12,0x84,0x10,0x04,
  0x10,0x03,0xF0};
const u8g_fntpgm_uint8_t fontpage_191_217_217[55] U8G_FONT_SECTION("fontpage_191_217_217") = {
  0x00,0x10,0x13,0x00,0xFC,0x00,0x00,0x00,0x00,0x00,0xD9,0xD9,0x00,0x0E,0xFE,0x00,
  0x00,0x0F,0x10,0x20,0x10,0x00,0xFE,0x10,0x20,0x10,0x10,0x10,0x10,0x10,0x00,0x1B,
  0xFE,0x54,0x80,0x50,0x80,0x50,0x80,0x90,0x80,0x10,0x80,0x10,0x80,0x10,0x80,0x10,
  0x80,0x10,0x80,0x10,0xFE,0x10,0x00};
const u8g_fntpgm_uint8_t fontpage_191_253_253[53] U8G_FONT_SECTION("fontpage_191_253_253") = {
  0x00,0x10,0x13,0x00,0xFC,0x00,0x00,0x00,0x00,0x00,0xFD,0xFD,0x00,0x0E,0xFF,0x00,
  0x00,0x0F,0x0F,0x1E,0x10,0x00,0xFF,0x08,0x00,0x08,0x00,0x1F,0xF8,0x12,0x48,0x22,
  0x48,0x44,0x88,0x08,0x88,0x11,0x08,0x22,0x28,0x04,0x10,0x01,0x00,0x08,0x84,0x48,
  0x92,0x48,0x12,0x87,0xF0};
const u8g_fntpgm_uint8_t fontpage_192_129_129[53] U8G_FONT_SECTION("fontpage_192_129_129") = {
  0x00,0x10,0x13,0x00,0xFC,0x00,0x00,0x00,0x00,0x00,0x81,0x81,0x00,0x0E,0xFF,0x00,
  0x00,0x0F,0x0F,0x1E,0x10,0x00,0xFF,0x01,0x00,0x01,0x00,0x7F,0xFC,0x01,0x00,0x02,
  0x80,0x04,0x40,0x0A,0x20,0x31,0x18,0xC0,0x06,0x01,0x00,0x08,0x88,0x48,0x84,0x48,
  0x12,0x48,0x12,0x87,0xF0};
const u8g_fntpgm_uint8_t fontpage_192_167_167[55] U8G_FONT_SECTION("fontpage_192_167_167") = {
  0x00,0x10,0x13,0x00,0xFC,0x00,0x00,0x00,0x00,0x00,0xA7,0xA7,0x00,0x0E,0xFE,0x00,
  0x00,0x0F,0x10,0x20,0x10,0x00,0xFE,0x10,0x20,0x10,0x20,0x11,0x20,0x11,0x20,0x19,
  0xFC,0x55,0x20,0x52,0x20,0x50,0x20,0x90,0x20,0x11,0xFC,0x10,0x20,0x10,0x20,0x10,
  0x20,0x10,0x20,0x13,0xFE,0x10,0x00};
const u8g_fntpgm_uint8_t fontpage_192_187_187[53] U8G_FONT_SECTION("fontpage_192_187_187") = {
  0x00,0x10,0x13,0x00,0xFC,0x00,0x00,0x00,0x00,0x00,0xBB,0xBB,0x00,0x0E,0xFF,0x00,
  0x00,0x0F,0x0F,0x1E,0x10,0x00,0xFF,0x10,0x10,0x08,0x20,0x04,0x40,0x00,0x00,0x1F,
  0xF0,0x10,0x10,0x10,0x10,0x10,0x10,0x1F,0xF0,0x10,0x10,0x01,0x00,0x08,0x84,0x48,
  0x92,0x48,0x12,0x87,0xF0};
const u8g_fntpgm_uint8_t fontpage_192_210_210[55] U8G_FONT_SECTION("fontpage_192_210_210") = {
  0x00,0x10,0x13,0x00,0xFC,0x00,0x00,0x00,0x00,0x00,0xD2,0xD2,0x00,0x0E,0xFE,0x00,
  0x00,0x0F,0x10,0x20,0x10,0x00,0xFE,0x10,0x00,0x13,0xFE,0x10,0x00,0x10,0x00,0x19,
  0xFC,0x55,0x04,0x51,0x04,0x51,0xFC,0x91,0x04,0x11,0x04,0x11,0xFC,0x11,0x04,0x10,
  0x00,0x10,0x00,0x13,0xFE,0x10,0x00};
const u8g_fntpgm_uint8_t fontpage_192_226_226[55] U8G_FONT_SECTION("fontpage_192_226_226") = {
  0x00,0x10,0x13,0x00,0xFC,0x00,0x00,0x00,0x00,0x00,0xE2,0xE2,0x00,0x0E,0xFE,0x00,
  0x00,0x0F,0x10,0x20,0x10,0x00,0xFE,0x10,0x40,0x10,0x40,0x10,0x40,0x13,0xFE,0x18,
  0x80,0x54,0x90,0x50,0x90,0x51,0x12,0x91,0x52,0x11,0x54,0x12,0x90,0x12,0x28,0x14,
  0x28,0x10,0x44,0x10,0x84,0x11,0x02};
const u8g_fntpgm_uint8_t fontpage_192_239_239[53] U8G_FONT_SECTION("fontpage_192_239_239") = {
  0x00,0x10,0x13,0x00,0xFC,0x00,0x00,0x00,0x00,0x00,0xEF,0xEF,0x00,0x0E,0xFF,0x00,
  0x00,0x0F,0x0F,0x1E,0x10,0x00,0xFF,0x01,0x00,0x02,0x00,0x1F,0xF0,0x10,0x10,0x1F,
  0xF0,0x10,0x10,0x1F,0xF0,0x10,0x10,0x1F,0xF0,0x10,0x10,0x01,0x00,0x08,0x84,0x48,
  0x92,0x48,0x12,0x87,0xF0};
const u8g_fntpgm_uint8_t fontpage_193_197_197[55] U8G_FONT_SECTION("fontpage_193_197_197") = {
  0x00,0x10,0x13,0x00,0xFC,0x00,0x00,0x00,0x00,0x00,0xC5,0xC5,0x00,0x0E,0xFE,0x00,
  0x00,0x10,0x10,0x20,0x10,0x00,0xFE,0x10,0x20,0x10,0x20,0x13,0xFE,0x10,0x20,0x51,
  0xFC,0x58,0x20,0x57,0xFF,0x94,0x00,0x11,0xFC,0x11,0x04,0x11,0xFC,0x11,0x04,0x11,
  0xFC,0x11,0x04,0x11,0x14,0x11,0x0C};
const u8g_fntpgm_uint8_t fontpage_194_143_143[55] U8G_FONT_SECTION("fontpage_194_143_143") = {
  0x00,0x10,0x13,0x00,0xFC,0x00,0x00,0x00,0x00,0x00,0x8F,0x8F,0x00,0x0E,0xFE,0x00,
  0x00,0x0F,0x10,0x20,0x10,0x00,0xFE,0x01,0x00,0x3F,0xF8,0x08,0x20,0x04,0x40,0xFF,
  0xFE,0x00,0x00,0x1F,0xF0,0x10,0x10,0x1F,0xF0,0x10,0x10,0x1F,0xF0,0x02,0x00,0x51,
  0x04,0x51,0x12,0x90,0x12,0x0F,0xF0};
const u8g_fntpgm_uint8_t fontpage_194_159_159[55] U8G_FONT_SECTION("fontpage_194_159_159") = {
  0x00,0x10,0x13,0x00,0xFC,0x00,0x00,0x00,0x00,0x00,0x9F,0x9F,0x00,0x0E,0xFE,0x00,
  0x00,0x0F,0x10,0x20,0x10,0x00,0xFE,0x00,0x28,0x00,0x24,0x3F,0xFE,0x20,0x20,0x2F,
  0xA4,0x20,0x24,0x2F,0xA8,0x28,0x98,0x28,0x92,0x4F,0xAA,0x40,0x46,0x80,0x82,0x01,
  0x00,0x48,0x84,0x48,0x12,0x87,0xF2};
const u8g_fntpgm_uint8_t fontpage_196_143_144[93] U8G_FONT_SECTION("fontpage_196_143_144") = {
  0x00,0x10,0x13,0x00,0xFC,0x00,0x00,0x00,0x00,0x00,0x8F,0x90,0x00,0x0E,0xFE,0x00,
  0x00,0x0E,0x10,0x20,0x10,0x01,0xFE,0x00,0x40,0x00,0x50,0x00,0x48,0xFC,0x48,0x04,
  0x40,0x04,0x7C,0x4B,0xC0,0x28,0x48,0x10,0x48,0x10,0x50,0x28,0x50,0x24,0x20,0x44,
  0x64,0x80,0x94,0x01,0x0C,0x02,0x04,0x0F,0x10,0x20,0x10,0x00,0xFE,0x00,0x50,0x00,
  0x48,0x00,0x40,0x3F,0xFE,0x20,0x40,0x20,0x40,0x20,0x44,0x3E,0x44,0x22,0x44,0x22,
  0x28,0x22,0x28,0x22,0x12,0x2A,0x32,0x44,0x4A,0x40,0x86,0x81,0x02};
const u8g_fntpgm_uint8_t fontpage_196_150_150[55] U8G_FONT_SECTION("fontpage_196_150_150") = {
  0x00,0x10,0x13,0x00,0xFC,0x00,0x00,0x00,0x00,0x00,0x96,0x96,0x00,0x0E,0xFE,0x00,
  0x00,0x0F,0x10,0x20,0x10,0x00,0xFE,0x00,0x48,0x00,0x44,0x00,0x40,0xFF,0xFE,0x00,
  0x40,0x00,0x40,0x3E,0x44,0x22,0x44,0x22,0x44,0x22,0x28,0x3E,0x28,0x00,0x12,0x07,
  0x32,0x78,0x4A,0x20,0x86,0x03,0x02};
const u8g_fntpgm_uint8_t fontpage_196_183_183[55] U8G_FONT_SECTION("fontpage_196_183_183") = {
  0x00,0x10,0x13,0x00,0xFC,0x00,0x00,0x00,0x00,0x00,0xB7,0xB7,0x00,0x0E,0xFE,0x00,
  0x00,0x0C,0x10,0x20,0x10,0x01,0xFE,0x04,0x00,0x02,0x00,0x02,0x00,0x3F,0xF0,0x20,
  0x10,0x20,0x10,0x20,0x10,0x20,0x10,0x3F,0xF0,0x20,0x10,0x20,0x00,0x20,0x00,0x20,
  0x00,0x40,0x00,0x40,0x00,0x80,0x00};
const u8g_fntpgm_uint8_t fontpage_196_192_192[55] U8G_FONT_SECTION("fontpage_196_192_192") = {
  0x00,0x10,0x13,0x00,0xFC,0x00,0x00,0x00,0x00,0x00,0xC0,0xC0,0x00,0x0E,0xFE,0x00,
  0x00,0x0F,0x10,0x20,0x10,0x00,0xFE,0x02,0x08,0x07,0x1C,0x38,0xE0,0x20,0x80,0x20,
  0x80,0x3E,0x80,0x22,0xFE,0x22,0x88,0x22,0x88,0x3E,0x88,0x20,0x88,0x20,0x88,0x41,
  0x08,0x41,0x08,0x82,0x08,0x04,0x08};
const u8g_fntpgm_uint8_t fontpage_196_199_199[55] U8G_FONT_SECTION("fontpage_196_199_199") = {
  0x00,0x10,0x13,0x00,0xFC,0x00,0x00,0x00,0x00,0x00,0xC7,0xC7,0x00,0x0E,0xFE,0x00,
  0x00,0x0E,0x10,0x20,0x10,0x00,0xFE,0x02,0x00,0x01,0x00,0x3F,0xFC,0x20,0x04,0x20,
  0x04,0x3F,0xFC,0x20,0x00,0x20,0x00,0x3F,0x7C,0x21,0x04,0x29,0x24,0x25,0x14,0x49,
  0x24,0x51,0x44,0x85,0x14,0x02,0x08};
const u8g_fntpgm_uint8_t fontpage_196_203_203[55] U8G_FONT_SECTION("fontpage_196_203_203") = {
  0x00,0x10,0x13,0x00,0xFC,0x00,0x00,0x00,0x00,0x00,0xCB,0xCB,0x00,0x0E,0xFE,0x00,
  0x00,0x0F,0x10,0x20,0x10,0x00,0xFE,0x00,0x10,0x00,0xF8,0x3F,0x00,0x01,0x00,0x01,
  0x00,0x3F,0xF8,0x01,0x00,0x01,0x00,0x01,0x00,0xFF,0xFE,0x01,0x00,0x01,0x00,0x01,
  0x00,0x01,0x00,0x05,0x00,0x02,0x00};
const u8g_fntpgm_uint8_t fontpage_196_211_211[55] U8G_FONT_SECTION("fontpage_196_211_211") = {
  0x00,0x10,0x13,0x00,0xFC,0x00,0x00,0x00,0x00,0x00,0xD3,0xD3,0x00,0x0E,0xFE,0x00,
  0x00,0x0F,0x10,0x20,0x10,0x00,0xFE,0x10,0x00,0x10,0x00,0x13,0xFE,0x10,0x20,0xFC,
  0x20,0x10,0x20,0x10,0x20,0x14,0x20,0x18,0x20,0x30,0x20,0xD0,0x20,0x10,0x20,0x10,
  0x20,0x10,0x20,0x50,0xA0,0x20,0x40};
const u8g_fntpgm_uint8_t fontpage_196_231_231[55] U8G_FONT_SECTION("fontpage_196_231_231") = {
  0x00,0x10,0x13,0x00,0xFC,0x00,0x00,0x00,0x00,0x00,0xE7,0xE7,0x00,0x0E,0xFE,0x00,
  0x00,0x0F,0x10,0x20,0x10,0x00,0xFE,0x10,0x40,0x10,0x40,0x10,0x40,0x10,0x40,0xFD,
  0xF8,0x10,0x48,0x10,0x48,0x14,0x48,0x19,0x48,0x30,0xC8,0xD0,0x48,0x10,0xA8,0x10,
  0xAA,0x11,0x0A,0x52,0x06,0x24,0x02};
const u8g_fntpgm_uint8_t fontpage_196_237_237[55] U8G_FONT_SECTION("fontpage_196_237_237") = {
  0x00,0x10,0x13,0x00,0xFC,0x00,0x00,0x00,0x00,0x00,0xED,0xED,0x00,0x0E,0xFE,0x00,
  0x00,0x0F,0x10,0x20,0x10,0x00,0xFE,0x10,0x00,0x11,0xFC,0x10,0x44,0x10,0x44,0xFC,
  0x44,0x10,0x44,0x10,0x44,0x15,0xFC,0x18,0x84,0x30,0x84,0xD0,0x84,0x10,0x84,0x10,
  0x84,0x10,0x84,0x57,0xFE,0x20,0x00};
const u8g_fntpgm_uint8_t fontpage_196_249_249[55] U8G_FONT_SECTION("fontpage_196_249_249") = {
  0x00,0x10,0x13,0x00,0xFC,0x00,0x00,0x00,0x00,0x00,0xF9,0xF9,0x00,0x0E,0xFE,0x00,
  0x00,0x0F,0x10,0x20,0x10,0x00,0xFE,0x10,0x10,0x11,0x10,0x11,0x10,0x11,0x12,0xFD,
  0x12,0x11,0x14,0x11,0xD8,0x15,0x10,0x19,0x10,0x31,0x10,0xD1,0x10,0x11,0x12,0x11,
  0x52,0x11,0x92,0x51,0x0E,0x20,0x00};
const u8g_fntpgm_uint8_t fontpage_196_254_254[55] U8G_FONT_SECTION("fontpage_196_254_254") = {
  0x00,0x10,0x13,0x00,0xFC,0x00,0x00,0x00,0x00,0x00,0xFE,0xFE,0x00,0x0E,0xFE,0x00,
  0x00,0x0E,0x10,0x20,0x10,0x00,0xFE,0x10,0x90,0x10,0x88,0x10,0x88,0x10,0x80,0xFC,
  0xBC,0x13,0xC0,0x10,0x80,0x14,0x88,0x18,0x88,0x30,0x90,0xD0,0x60,0x10,0x44,0x10,
  0xA4,0x11,0x14,0x52,0x0C,0x20,0x04};
const u8g_fntpgm_uint8_t fontpage_197_150_150[55] U8G_FONT_SECTION("fontpage_197_150_150") = {
  0x00,0x10,0x13,0x00,0xFC,0x00,0x00,0x00,0x00,0x00,0x96,0x96,0x00,0x0E,0xFE,0x00,
  0x00,0x0F,0x10,0x20,0x10,0x00,0xFE,0x10,0x10,0x11,0x10,0x10,0x90,0x10,0x90,0xFC,
  0x10,0x11,0x10,0x10,0x90,0x14,0x90,0x18,0x10,0x30,0x1E,0xD3,0xF0,0x10,0x10,0x10,
  0x10,0x10,0x10,0x50,0x10,0x20,0x10};
const u8g_fntpgm_uint8_t fontpage_197_164_164[55] U8G_FONT_SECTION("fontpage_197_164_164") = {
  0x00,0x10,0x13,0x00,0xFC,0x00,0x00,0x00,0x00,0x00,0xA4,0xA4,0x00,0x0E,0xFE,0x00,
  0x00,0x0F,0x10,0x20,0x10,0x00,0xFE,0x10,0x40,0x10,0x20,0x10,0x20,0x11,0xFE,0xFD,
  0x02,0x11,0x02,0x11,0x02,0x15,0xFE,0x19,0x02,0x31,0x00,0xD1,0x00,0x11,0x00,0x12,
  0x00,0x12,0x00,0x54,0x00,0x28,0x00};
const u8g_fntpgm_uint8_t fontpage_197_172_172[55] U8G_FONT_SECTION("fontpage_197_172_172") = {
  0x00,0x10,0x13,0x00,0xFC,0x00,0x00,0x00,0x00,0x00,0xAC,0xAC,0x00,0x0E,0xFE,0x00,
  0x00,0x0F,0x10,0x20,0x10,0x00,0xFE,0x10,0x20,0x10,0x20,0x10,0x40,0x10,0x88,0xFD,
  0x04,0x13,0xFE,0x10,0x02,0x14,0x00,0x19,0xFC,0x31,0x04,0xD1,0x04,0x11,0x04,0x11,
  0x04,0x11,0x04,0x51,0xFC,0x21,0x04};
const u8g_fntpgm_uint8_t fontpage_197_189_189[55] U8G_FONT_SECTION("fontpage_197_189_189") = {
  0x00,0x10,0x13,0x00,0xFC,0x00,0x00,0x00,0x00,0x00,0xBD,0xBD,0x00,0x0E,0xFE,0x00,
  0x00,0x0E,0x10,0x20,0x10,0x00,0xFE,0x10,0x20,0x10,0x20,0x10,0x20,0x10,0x20,0xFD,
  0xFC,0x11,0x24,0x11,0x24,0x15,0x24,0x19,0x24,0x31,0xFC,0xD1,0x24,0x11,0x24,0x11,
  0x24,0x11,0x24,0x51,0xFC,0x21,0x04};
const u8g_fntpgm_uint8_t fontpage_197_212_212[55] U8G_FONT_SECTION("fontpage_197_212_212") = {
  0x00,0x10,0x13,0x00,0xFC,0x00,0x00,0x00,0x00,0x00,0xD4,0xD4,0x00,0x0E,0xFE,0x00,
  0x00,0x0F,0x10,0x20,0x10,0x00,0xFE,0x10,0x50,0x10,0x48,0x10,0x48,0x10,0x40,0xFB,
  0xFE,0x10,0x80,0x14,0x80,0x18,0xFC,0x31,0x44,0xD1,0x44,0x11,0x28,0x11,0x28,0x12,
  0x10,0x12,0x28,0x54,0x44,0x21,0x82};
const u8g_fntpgm_uint8_t fontpage_197_233_233[55] U8G_FONT_SECTION("fontpage_197_233_233") = {
  0x00,0x10,0x13,0x00,0xFC,0x00,0x00,0x00,0x00,0x00,0xE9,0xE9,0x00,0x0E,0xFE,0x00,
  0x00,0x0F,0x10,0x20,0x10,0x00,0xFE,0x20,0x00,0x27,0xF8,0x22,0x08,0x21,0x10,0xF0,
  0xA0,0x20,0x40,0x21,0xB0,0x26,0x4E,0x30,0x40,0xE3,0xF8,0x20,0x40,0x20,0x40,0x27,
  0xFC,0x20,0x40,0xA0,0x40,0x40,0x40};
const u8g_fntpgm_uint8_t fontpage_197_237_237[55] U8G_FONT_SECTION("fontpage_197_237_237") = {
  0x00,0x10,0x13,0x00,0xFC,0x00,0x00,0x00,0x00,0x00,0xED,0xED,0x00,0x0E,0xFE,0x00,
  0x00,0x0F,0x10,0x20,0x10,0x00,0xFE,0x10,0x28,0x10,0x24,0x10,0x24,0x10,0x20,0xFB,
  0xFE,0x10,0x20,0x14,0x20,0x1B,0xA0,0x31,0x20,0xD1,0x10,0x11,0x10,0x11,0x10,0x11,
  0xCA,0x17,0x0A,0x52,0x06,0x20,0x02};
const u8g_fntpgm_uint8_t fontpage_198_129_130[93] U8G_FONT_SECTION("fontpage_198_129_130") = {
  0x00,0x10,0x13,0x00,0xFC,0x00,0x00,0x00,0x00,0x00,0x81,0x82,0x00,0x0E,0xFE,0x00,
  0x00,0x0F,0x10,0x20,0x10,0x00,0xFE,0x10,0x20,0x10,0x20,0x10,0x20,0x11,0xFC,0xFC,
  0x20,0x10,0x20,0x13,0xFE,0x10,0x08,0x18,0x08,0x33,0xFE,0xD0,0x08,0x10,0x88,0x10,
  0x48,0x10,0x08,0x50,0x28,0x20,0x10,0x0F,0x10,0x20,0x10,0x00,0xFE,0x10,0x20,0x10,
  0x20,0x11,0xFC,0x10,0x20,0xFC,0x20,0x10,0x20,0x13,0xFE,0x10,0x00,0x18,0x20,0x30,
  0x20,0xD1,0xFC,0x10,0x20,0x10,0x20,0x10,0x20,0x53,0xFE,0x20,0x00};
const u8g_fntpgm_uint8_t fontpage_198_137_137[55] U8G_FONT_SECTION("fontpage_198_137_137") = {
  0x00,0x10,0x13,0x00,0xFC,0x00,0x00,0x00,0x00,0x00,0x89,0x89,0x00,0x0E,0xFE,0x00,
  0x00,0x0F,0x10,0x20,0x10,0x00,0xFE,0x10,0x40,0x10,0x20,0x10,0x20,0x13,0xFE,0xFA,
  0x02,0x14,0x44,0x10,0x40,0x1B,0xFE,0x30,0x88,0xD0,0x88,0x11,0x08,0x10,0xD0,0x10,
  0x20,0x10,0x50,0x50,0x88,0x23,0x04};
const u8g_fntpgm_uint8_t fontpage_198_161_161[55] U8G_FONT_SECTION("fontpage_198_161_161") = {
  0x00,0x10,0x13,0x00,0xFC,0x00,0x00,0x00,0x00,0x00,0xA1,0xA1,0x00,0x0E,0xFE,0x00,
  0x00,0x0E,0x10,0x20,0x10,0x00,0xFE,0x10,0x40,0x12,0x44,0x11,0x44,0x11,0x44,0xFD,
  0x48,0x10,0x40,0x17,0xFC,0x10,0x04,0x18,0x04,0x30,0x04,0xD3,0xFC,0x10,0x04,0x10,
  0x04,0x10,0x04,0x57,0xFC,0x20,0x04};
const u8g_fntpgm_uint8_t fontpage_198_164_164[55] U8G_FONT_SECTION("fontpage_198_164_164") = {
  0x00,0x10,0x13,0x00,0xFC,0x00,0x00,0x00,0x00,0x00,0xA4,0xA4,0x00,0x0E,0xFE,0x00,
  0x00,0x0F,0x10,0x20,0x10,0x00,0xFE,0x10,0x80,0x10,0x40,0x17,0xFE,0x12,0x08,0xFD,
  0x10,0x10,0xA0,0x14,0x40,0x19,0xB0,0x36,0x0E,0xD1,0x10,0x11,0x10,0x11,0x10,0x11,
  0x10,0x12,0x10,0x52,0x10,0x24,0x10};
const u8g_fntpgm_uint8_t fontpage_198_175_175[55] U8G_FONT_SECTION("fontpage_198_175_175") = {
  0x00,0x10,0x13,0x00,0xFC,0x00,0x00,0x00,0x00,0x00,0xAF,0xAF,0x00,0x0E,0xFE,0x00,
  0x00,0x0F,0x10,0x20,0x10,0x00,0xFE,0x10,0x00,0x13,0xFC,0x12,0x00,0x12,0x00,0xFE,
  0xF8,0x12,0x00,0x12,0x00,0x17,0xFC,0x1A,0xA0,0x32,0xA4,0xD2,0xA8,0x12,0x90,0x12,
  0x90,0x14,0x88,0x54,0xA4,0x28,0xC2};
const u8g_fntpgm_uint8_t fontpage_198_223_223[55] U8G_FONT_SECTION("fontpage_198_223_223") = {
  0x00,0x10,0x13,0x00,0xFC,0x00,0x00,0x00,0x00,0x00,0xDF,0xDF,0x00,0x0E,0xFE,0x00,
  0x00,0x0E,0x10,0x20,0x10,0x00,0xFE,0x10,0x00,0x10,0xF8,0x10,0x88,0x10,0x88,0xFC,
  0xF8,0x10,0x00,0x11,0xFC,0x15,0x04,0x19,0x24,0x31,0x24,0xD1,0x24,0x11,0x24,0x10,
  0x50,0x10,0x48,0x50,0x84,0x23,0x04};
const u8g_fntpgm_uint8_t fontpage_198_226_226[55] U8G_FONT_SECTION("fontpage_198_226_226") = {
  0x00,0x10,0x13,0x00,0xFC,0x00,0x00,0x00,0x00,0x00,0xE2,0xE2,0x00,0x0E,0xFE,0x00,
  0x00,0x0F,0x10,0x20,0x10,0x00,0xFE,0x10,0x80,0x10,0x80,0x10,0xF8,0x11,0x08,0xFA,
  0x10,0x15,0xFC,0x11,0x24,0x19,0x24,0x31,0x24,0xD1,0x24,0x17,0xFE,0x10,0x50,0x10,
  0x50,0x10,0x88,0x51,0x04,0x26,0x02};
const u8g_fntpgm_uint8_t fontpage_198_238_238[55] U8G_FONT_SECTION("fontpage_198_238_238") = {
  0x00,0x10,0x13,0x00,0xFC,0x00,0x00,0x00,0x00,0x00,0xEE,0xEE,0x00,0x0E,0xFE,0x00,
  0x00,0x10,0x10,0x20,0x10,0x00,0xFE,0x11,0xFE,0x11,0x02,0x11,0x02,0xFF,0x02,0x11,
  0xFE,0x13,0x10,0x15,0x10,0x19,0xFF,0x11,0x10,0x31,0x10,0x51,0xFE,0x92,0x82,0x12,
  0x82,0x14,0x82,0x54,0x82,0x28,0xFE};
const u8g_fntpgm_uint8_t fontpage_199_146_146[55] U8G_FONT_SECTION("fontpage_199_146_146") = {
  0x00,0x10,0x13,0x00,0xFC,0x00,0x00,0x00,0x00,0x00,0x92,0x92,0x00,0x0E,0xFE,0x00,
  0x00,0x0F,0x10,0x20,0x10,0x00,0xFE,0x10,0x90,0x10,0x90,0x10,0x90,0x17,0x9E,0xF8,
  0x90,0x10,0x90,0x10,0x90,0x1B,0x9C,0x30,0x90,0xD0,0x90,0x10,0x90,0x17,0x9E,0x10,
  0x90,0x10,0x90,0x50,0x90,0x20,0x90};
const u8g_fntpgm_uint8_t fontpage_199_162_162[55] U8G_FONT_SECTION("fontpage_199_162_162") = {
  0x00,0x10,0x13,0x00,0xFC,0x00,0x00,0x00,0x00,0x00,0xA2,0xA2,0x00,0x0E,0xFE,0x00,
  0x00,0x0F,0x10,0x20,0x10,0x00,0xFE,0x20,0x00,0x27,0xFC,0x24,0x04,0x24,0xA4,0xF9,
  0x10,0x22,0x08,0x20,0x40,0x28,0x40,0x37,0xFC,0xE0,0x40,0x20,0xE0,0x21,0x50,0x22,
  0x48,0x2C,0x46,0xA0,0x40,0x40,0x40};
const u8g_fntpgm_uint8_t fontpage_199_165_165[55] U8G_FONT_SECTION("fontpage_199_165_165") = {
  0x00,0x10,0x13,0x00,0xFC,0x00,0x00,0x00,0x00,0x00,0xA5,0xA5,0x00,0x0E,0xFE,0x00,
  0x00,0x0F,0x10,0x20,0x10,0x00,0xFE,0x10,0x80,0x10,0x40,0x13,0xFC,0x10,0x00,0xFD,
  0x08,0x10,0x90,0x17,0xFE,0x10,0x40,0x18,0x40,0x37,0xFE,0xD0,0x88,0x11,0x08,0x10,
  0x90,0x10,0x60,0x51,0x98,0x26,0x04};
const u8g_fntpgm_uint8_t fontpage_199_167_168[93] U8G_FONT_SECTION("fontpage_199_167_168") = {
  0x00,0x10,0x13,0x00,0xFC,0x00,0x00,0x00,0x00,0x00,0xA7,0xA8,0x00,0x0E,0xFE,0x00,
  0x00,0x0F,0x10,0x20,0x10,0x00,0xFE,0x10,0x40,0x10,0x20,0x10,0x20,0x13,0xFE,0xFA,
  0x02,0x14,0x94,0x11,0x08,0x1A,0x04,0x30,0x00,0xD1,0xFC,0x10,0x20,0x10,0x20,0x10,
  0x20,0x10,0x20,0x57,0xFE,0x20,0x00,0x0F,0x10,0x20,0x10,0x00,0xFE,0x10,0xA0,0x10,
  0x90,0x10,0x80,0x11,0xFE,0xFD,0x10,0x13,0x10,0x15,0xFC,0x11,0x10,0x19,0x10,0x31,
  0xFC,0xD1,0x10,0x11,0x10,0x11,0x10,0x11,0xFE,0x51,0x00,0x21,0x00};
const u8g_fntpgm_uint8_t fontpage_199_208_208[55] U8G_FONT_SECTION("fontpage_199_208_208") = {
  0x00,0x10,0x13,0x00,0xFC,0x00,0x00,0x00,0x00,0x00,0xD0,0xD0,0x00,0x0E,0xFE,0x00,
  0x00,0x0F,0x10,0x20,0x10,0x00,0xFE,0x10,0x00,0x11,0xFC,0x11,0x04,0x11,0x04,0xFD,
  0xFC,0x11,0x04,0x11,0x04,0x15,0xFC,0x18,0x00,0x33,0xFE,0xD0,0x20,0x11,0x20,0x11,
  0x3C,0x11,0x20,0x52,0xA0,0x24,0x7E};
const u8g_fntpgm_uint8_t fontpage_199_210_210[55] U8G_FONT_SECTION("fontpage_199_210_210") = {
  0x00,0x10,0x13,0x00,0xFC,0x00,0x00,0x00,0x00,0x00,0xD2,0xD2,0x00,0x0E,0xFE,0x00,
  0x00,0x0F,0x10,0x20,0x10,0x00,0xFE,0x20,0x08,0x20,0x3C,0x27,0xC0,0x20,0x40,0xF8,
  0x40,0x2F,0xFE,0x20,0x40,0x29,0x40,0x36,0x5C,0xE4,0x44,0x24,0x44,0x27,0x5C,0x24,
  0x44,0x24,0x44,0xA7,0xFC,0x44,0x04};
const u8g_fntpgm_uint8_t fontpage_200_248_248[55] U8G_FONT_SECTION("fontpage_200_248_248") = {
  0x00,0x10,0x13,0x00,0xFC,0x00,0x00,0x00,0x00,0x00,0xF8,0xF8,0x00,0x0E,0xFE,0x00,
  0x00,0x0F,0x10,0x20,0x10,0x00,0xFE,0x11,0x10,0x11,0x10,0x17,0xFC,0x11,0x10,0xFC,
  0x00,0x13,0xF8,0x12,0x08,0x17,0xF8,0x1A,0x08,0x33,0xF8,0xD0,0x40,0x17,0xFC,0x10,
  0xA0,0x11,0x10,0x52,0x08,0x24,0x06};
const u8g_fntpgm_uint8_t fontpage_201_205_205[55] U8G_FONT_SECTION("fontpage_201_205_205") = {
  0x00,0x10,0x13,0x00,0xFC,0x00,0x00,0x00,0x00,0x00,0xCD,0xCD,0x00,0x0E,0xFE,0x00,
  0x00,0x0F,0x10,0x20,0x10,0x00,0xFE,0x23,0xF8,0x22,0x08,0x22,0x08,0x23,0xF8,0xF8,
  0x00,0x27,0xBC,0x24,0xA4,0x2C,0xA4,0x37,0xBC,0xE0,0x40,0x2F,0xFE,0x21,0x60,0x22,
  0x50,0x24,0x48,0xB8,0x46,0x40,0x40};
const u8g_fntpgm_uint8_t fontpage_201_230_230[55] U8G_FONT_SECTION("fontpage_201_230_230") = {
  0x00,0x10,0x13,0x00,0xFC,0x00,0x00,0x00,0x00,0x00,0xE6,0xE6,0x00,0x0E,0xFE,0x00,
  0x00,0x0F,0x10,0x20,0x10,0x00,0xFE,0x20,0x80,0x20,0x40,0x27,0xFE,0x24,0x02,0xFA,
  0x24,0x23,0xBC,0x24,0xA4,0x2A,0xA8,0x35,0x10,0xE2,0xE8,0x24,0x04,0x2B,0xFA,0x20,
  0x40,0x22,0x48,0xA4,0x44,0x40,0xC0};
const u8g_fntpgm_uint8_t fontpage_202_175_175[55] U8G_FONT_SECTION("fontpage_202_175_175") = {
  0x00,0x10,0x13,0x00,0xFC,0x00,0x00,0x00,0x00,0x00,0xAF,0xAF,0x00,0x0E,0xFE,0x00,
  0x00,0x0F,0x10,0x20,0x10,0x00,0xFE,0x01,0x00,0x01,0x00,0x01,0x00,0x7F,0xFC,0x01,
  0x00,0x01,0x00,0x01,0x00,0x3F,0xF0,0x10,0x10,0x08,0x20,0x04,0x40,0x02,0x80,0x01,
  0x00,0x06,0xC0,0x18,0x30,0xE0,0x0E};
const u8g_fntpgm_uint8_t fontpage_202_182_182[55] U8G_FONT_SECTION("fontpage_202_182_182") = {
  0x00,0x10,0x13,0x00,0xFC,0x00,0x00,0x00,0x00,0x00,0xB6,0xB6,0x00,0x0E,0xFE,0x00,
  0x00,0x0E,0x10,0x20,0x10,0x01,0xFE,0x10,0x80,0x10,0x80,0x90,0x80,0x91,0x00,0x91,
  0xFC,0x92,0x10,0x95,0x10,0x91,0x10,0x91,0x10,0xB0,0xA0,0xD0,0xA0,0x90,0x40,0x10,
  0xA0,0x11,0x10,0x12,0x08,0x14,0x04};
const u8g_fntpgm_uint8_t fontpage_202_190_190[55] U8G_FONT_SECTION("fontpage_202_190_190") = {
  0x00,0x10,0x13,0x00,0xFC,0x00,0x00,0x00,0x00,0x00,0xBE,0xBE,0x00,0x0E,0xFE,0x00,
  0x00,0x0F,0x10,0x20,0x10,0x00,0xFE,0x20,0x40,0x10,0x40,0x00,0x40,0xFE,0x80,0x20,
  0xFE,0x21,0x08,0x3E,0x88,0x24,0x88,0x24,0x88,0x24,0x50,0x24,0x50,0x24,0x20,0x44,
  0x50,0x54,0x88,0x89,0x04,0x02,0x02};
const u8g_fntpgm_uint8_t fontpage_202_197_197[55] U8G_FONT_SECTION("fontpage_202_197_197") = {
  0x00,0x10,0x13,0x00,0xFC,0x00,0x00,0x00,0x00,0x00,0xC5,0xC5,0x00,0x0E,0xFE,0x00,
  0x00,0x0F,0x10,0x20,0x10,0x00,0xFE,0x10,0x40,0x10,0x40,0x10,0x40,0x10,0x80,0xFE,
  0xFE,0x11,0x08,0x12,0x88,0x10,0x88,0x7C,0x88,0x44,0x50,0x44,0x50,0x44,0x20,0x44,
  0x50,0x7C,0x88,0x45,0x04,0x02,0x02};
const u8g_fntpgm_uint8_t fontpage_202_200_200[55] U8G_FONT_SECTION("fontpage_202_200_200") = {
  0x00,0x10,0x13,0x00,0xFC,0x00,0x00,0x00,0x00,0x00,0xC8,0xC8,0x00,0x0E,0xFE,0x00,
  0x00,0x0F,0x10,0x20,0x10,0x00,0xFE,0x10,0x20,0x08,0x20,0x00,0x20,0xFF,0x3E,0x00,
  0x44,0x24,0x44,0x42,0x44,0x81,0xA4,0x24,0x28,0x14,0x28,0x08,0x10,0x14,0x10,0x22,
  0x28,0x42,0x48,0x80,0x84,0x01,0x02};
const u8g_fntpgm_uint8_t fontpage_202_207_207[55] U8G_FONT_SECTION("fontpage_202_207_207") = {
  0x00,0x10,0x13,0x00,0xFC,0x00,0x00,0x00,0x00,0x00,0xCF,0xCF,0x00,0x0E,0xFE,0x00,
  0x00,0x0F,0x10,0x20,0x10,0x00,0xFE,0x40,0x20,0x40,0x20,0x7F,0x20,0x80,0x3E,0x7E,
  0x44,0x42,0x44,0x52,0x44,0x4A,0xA4,0xFF,0xA8,0x42,0x28,0x92,0x10,0x8A,0x10,0xFF,
  0x28,0x02,0x48,0x14,0x84,0x09,0x02};
const u8g_fntpgm_uint8_t fontpage_202_240_240[55] U8G_FONT_SECTION("fontpage_202_240_240") = {
  0x00,0x10,0x13,0x00,0xFC,0x00,0x00,0x00,0x00,0x00,0xF0,0xF0,0x00,0x0E,0xFE,0x00,
  0x00,0x0F,0x10,0x20,0x10,0x00,0xFE,0x08,0x20,0x49,0x20,0x2A,0x20,0x08,0x3E,0xFF,
  0x44,0x2A,0x44,0x49,0x44,0x88,0xA4,0x10,0x28,0xFE,0x28,0x22,0x10,0x42,0x10,0x64,
  0x28,0x18,0x28,0x34,0x44,0xC2,0x82};
const u8g_fntpgm_uint8_t fontpage_202_242_242[55] U8G_FONT_SECTION("fontpage_202_242_242") = {
  0x00,0x10,0x13,0x00,0xFC,0x00,0x00,0x00,0x00,0x00,0xF2,0xF2,0x00,0x0E,0xFE,0x00,
  0x00,0x0F,0x10,0x20,0x10,0x00,0xFE,0x10,0x10,0x08,0x10,0xFF,0x10,0x00,0x1E,0x7E,
  0x10,0x42,0x10,0x7E,0xFC,0x00,0x44,0xFF,0x44,0x81,0x44,0xBD,0x28,0xA5,0x28,0xBD,
  0x10,0x81,0x28,0x85,0x44,0x82,0x82};
const u8g_fntpgm_uint8_t fontpage_202_244_244[55] U8G_FONT_SECTION("fontpage_202_244_244") = {
  0x00,0x10,0x13,0x00,0xFC,0x00,0x00,0x00,0x00,0x00,0xF4,0xF4,0x00,0x0E,0xFE,0x00,
  0x00,0x0F,0x10,0x20,0x10,0x00,0xFE,0x08,0x20,0x08,0x20,0xFF,0xBE,0x08,0x44,0x7F,
  0xA4,0x49,0x24,0x7F,0x28,0x2A,0x10,0x49,0x28,0x88,0x46,0x00,0x00,0x7F,0xFC,0x01,
  0x00,0x11,0xF8,0x11,0x00,0xFF,0xFE};
const u8g_fntpgm_uint8_t fontpage_203_135_135[55] U8G_FONT_SECTION("fontpage_203_135_135") = {
  0x00,0x10,0x13,0x00,0xFC,0x00,0x00,0x00,0x00,0x00,0x87,0x87,0x00,0x0E,0xFE,0x00,
  0x00,0x0F,0x10,0x20,0x10,0x00,0xFE,0x02,0x00,0x01,0x00,0x01,0x00,0xFF,0xFE,0x10,
  0x10,0x10,0x10,0x08,0x20,0x08,0x20,0x04,0x40,0x02,0x80,0x01,0x00,0x02,0x80,0x04,
  0x40,0x08,0x20,0x30,0x18,0xC0,0x06};
const u8g_fntpgm_uint8_t fontpage_203_153_153[55] U8G_FONT_SECTION("fontpage_203_153_153") = {
  0x00,0x10,0x13,0x00,0xFC,0x00,0x00,0x00,0x00,0x00,0x99,0x99,0x00,0x0E,0xFE,0x00,
  0x00,0x0F,0x10,0x20,0x10,0x00,0xFE,0x08,0x08,0x08,0x88,0x4A,0x48,0x2A,0x48,0x2C,
  0x08,0x08,0x88,0xFE,0x48,0x18,0x48,0x1C,0x08,0x2A,0x0E,0x2A,0xF8,0x48,0x08,0x88,
  0x08,0x08,0x08,0x08,0x08,0x08,0x08};
const u8g_fntpgm_uint8_t fontpage_203_156_156[55] U8G_FONT_SECTION("fontpage_203_156_156") = {
  0x00,0x10,0x13,0x00,0xFC,0x00,0x00,0x00,0x00,0x00,0x9C,0x9C,0x00,0x0E,0xFE,0x00,
  0x00,0x0F,0x10,0x20,0x10,0x00,0xFE,0x08,0x08,0x08,0x48,0x14,0x28,0x22,0x28,0x41,
  0x08,0xBE,0x48,0x08,0x28,0x08,0x28,0x7F,0x0E,0x08,0x78,0x2A,0x08,0x29,0x08,0x49,
  0x08,0x88,0x08,0x28,0x08,0x10,0x08};
const u8g_fntpgm_uint8_t fontpage_203_173_173[55] U8G_FONT_SECTION("fontpage_203_173_173") = {
  0x00,0x10,0x13,0x00,0xFC,0x00,0x00,0x00,0x00,0x00,0xAD,0xAD,0x00,0x0E,0xFE,0x00,
  0x00,0x0E,0x10,0x20,0x10,0x01,0xFE,0x08,0x00,0x08,0x08,0xAA,0xF0,0x9C,0x80,0x88,
  0x80,0xFE,0x80,0x88,0xFC,0x9C,0x90,0xAA,0x90,0xCA,0x90,0x88,0x90,0x88,0x90,0x80,
  0x90,0xFF,0x10,0x01,0x10,0x02,0x10};
const u8g_fntpgm_uint8_t fontpage_203_176_176[55] U8G_FONT_SECTION("fontpage_203_176_176") = {
  0x00,0x10,0x13,0x00,0xFC,0x00,0x00,0x00,0x00,0x00,0xB0,0xB0,0x00,0x0E,0xFE,0x00,
  0x00,0x0F,0x10,0x20,0x10,0x00,0xFE,0x10,0x00,0x08,0x04,0x7F,0x78,0x00,0x40,0x22,
  0x40,0x14,0x40,0xFF,0x7E,0x08,0x48,0x08,0x48,0x7F,0x48,0x08,0x48,0x2A,0x48,0x49,
  0x48,0x88,0x88,0x28,0x88,0x11,0x08};
const u8g_fntpgm_uint8_t fontpage_203_185_185[55] U8G_FONT_SECTION("fontpage_203_185_185") = {
  0x00,0x10,0x13,0x00,0xFC,0x00,0x00,0x00,0x00,0x00,0xB9,0xB9,0x00,0x0E,0xFE,0x00,
  0x00,0x0F,0x10,0x20,0x10,0x00,0xFE,0x02,0x00,0x01,0x00,0x01,0x00,0xFF,0xFE,0x04,
  0x00,0x04,0x00,0x04,0x00,0x07,0xF0,0x04,0x10,0x04,0x10,0x04,0x10,0x08,0x10,0x08,
  0x10,0x10,0x10,0x20,0xA0,0x40,0x40};
const u8g_fntpgm_uint8_t fontpage_203_203_203[55] U8G_FONT_SECTION("fontpage_203_203_203") = {
  0x00,0x10,0x13,0x00,0xFC,0x00,0x00,0x00,0x00,0x00,0xCB,0xCB,0x00,0x0E,0xFE,0x00,
  0x00,0x0F,0x10,0x20,0x10,0x00,0xFE,0x20,0x80,0x10,0x80,0x10,0xFE,0x01,0x00,0xFE,
  0x00,0x21,0xFC,0x20,0x24,0x3C,0x24,0x24,0xA0,0x24,0xA0,0x24,0xBC,0x24,0xA0,0x24,
  0xA0,0x45,0x60,0x55,0x3E,0x8A,0x00};
const u8g_fntpgm_uint8_t fontpage_203_224_224[53] U8G_FONT_SECTION("fontpage_203_224_224") = {
  0x00,0x10,0x13,0x00,0xFC,0x00,0x00,0x00,0x00,0x00,0xE0,0xE0,0x00,0x0D,0xFE,0x00,
  0x00,0x0E,0x0F,0x1E,0x10,0x00,0xFE,0x3F,0xF0,0x02,0x00,0x02,0x00,0x02,0x00,0x02,
  0x00,0x7F,0xFC,0x04,0x80,0x04,0x80,0x04,0x80,0x08,0x80,0x08,0x80,0x10,0x84,0x20,
  0x84,0x40,0x7C,0x80,0x00};
const u8g_fntpgm_uint8_t fontpage_203_231_231[55] U8G_FONT_SECTION("fontpage_203_231_231") = {
  0x00,0x10,0x13,0x00,0xFC,0x00,0x00,0x00,0x00,0x00,0xE7,0xE7,0x00,0x0E,0xFE,0x00,
  0x00,0x0C,0x10,0x20,0x10,0x02,0xFE,0x80,0x00,0x8F,0xF0,0x88,0x10,0x88,0x10,0x88,
  0x10,0x88,0x10,0x88,0x10,0x8F,0xF0,0x88,0x10,0x88,0x10,0x88,0x10,0x88,0x10,0x88,
  0x10,0x8F,0xF0,0x88,0x10,0x80,0x00};
const u8g_fntpgm_uint8_t fontpage_203_233_233[53] U8G_FONT_SECTION("fontpage_203_233_233") = {
  0x00,0x10,0x13,0x00,0xFC,0x00,0x00,0x00,0x00,0x00,0xE9,0xE9,0x00,0x0D,0xFE,0x00,
  0x00,0x0F,0x0F,0x1E,0x10,0x00,0xFE,0x1F,0xF0,0x10,0x10,0x10,0x10,0x1F,0xF0,0x10,
  0x10,0x10,0x10,0x1F,0xF0,0x01,0x00,0x01,0x00,0xFF,0xFE,0x01,0x00,0x01,0x00,0x01,
  0x00,0x01,0x00,0x01,0x00};
const u8g_fntpgm_uint8_t fontpage_203_246_246[55] U8G_FONT_SECTION("fontpage_203_246_246") = {
  0x00,0x10,0x13,0x00,0xFC,0x00,0x00,0x00,0x00,0x00,0xF6,0xF6,0x00,0x0E,0xFE,0x00,
  0x00,0x0E,0x10,0x20,0x10,0x01,0xFE,0x00,0x10,0x00,0x10,0xF8,0x10,0x88,0x10,0x8B,
  0xFC,0x88,0x10,0x88,0x10,0xF8,0x10,0x89,0x10,0x88,0x90,0x88,0x90,0x88,0x10,0xF8,
  0x10,0x88,0x10,0x00,0x50,0x00,0x20};
const u8g_fntpgm_uint8_t fontpage_204_142_142[53] U8G_FONT_SECTION("fontpage_204_142_142") = {
  0x00,0x10,0x13,0x00,0xFC,0x00,0x00,0x00,0x00,0x00,0x8E,0x8E,0x00,0x0D,0xFE,0x00,
  0x00,0x0D,0x0F,0x1E,0x10,0x01,0xFE,0x01,0xF8,0xF9,0x08,0x89,0x08,0x89,0x08,0x89,
  0xF8,0xF9,0x08,0x89,0x08,0x89,0x08,0x89,0xF8,0xF9,0x08,0x89,0x08,0x02,0x08,0x02,
  0x08,0x04,0x28,0x08,0x10};
const u8g_fntpgm_uint8_t fontpage_204_175_175[55] U8G_FONT_SECTION("fontpage_204_175_175") = {
  0x00,0x10,0x13,0x00,0xFC,0x00,0x00,0x00,0x00,0x00,0xAF,0xAF,0x00,0x0E,0xFE,0x00,
  0x00,0x0F,0x10,0x20,0x10,0x00,0xFE,0x1F,0xF0,0x10,0x10,0x10,0x10,0x1F,0xF0,0x10,
  0x10,0x10,0x10,0x1F,0xF0,0x00,0x00,0xFF,0xFE,0x01,0x00,0x11,0x00,0x11,0xF8,0x11,
  0x00,0x29,0x00,0x45,0x00,0x83,0xFE};
const u8g_fntpgm_uint8_t fontpage_204_190_190[51] U8G_FONT_SECTION("fontpage_204_190_190") = {
  0x00,0x10,0x13,0x00,0xFC,0x00,0x00,0x00,0x00,0x00,0xBE,0xBE,0x00,0x0D,0xFF,0x00,
  0x00,0x0F,0x0E,0x1C,0x10,0x00,0xFF,0x1F,0xF0,0x10,0x10,0x10,0x10,0x1F,0xF0,0x10,
  0x10,0x10,0x10,0x1F,0xF0,0x04,0x40,0x44,0x44,0x24,0x44,0x14,0x48,0x14,0x50,0x04,
  0x40,0xFF,0xFE};
const u8g_fntpgm_uint8_t fontpage_205_130_130[55] U8G_FONT_SECTION("fontpage_205_130_130") = {
  0x00,0x10,0x13,0x00,0xFC,0x00,0x00,0x00,0x00,0x00,0x82,0x82,0x00,0x0E,0xFE,0x00,
  0x00,0x0F,0x10,0x20,0x10,0x00,0xFE,0x10,0x0C,0xFE,0xF0,0x20,0x80,0x48,0x80,0x7E,
  0xFE,0x08,0x88,0x0E,0x88,0xF9,0x08,0x4A,0x08,0x1F,0xF8,0x10,0x10,0x10,0x10,0x1F,
  0xF0,0x10,0x10,0x10,0x10,0x1F,0xF0};
const u8g_fntpgm_uint8_t fontpage_205_171_171[55] U8G_FONT_SECTION("fontpage_205_171_171") = {
  0x00,0x10,0x13,0x00,0xFC,0x00,0x00,0x00,0x00,0x00,0xAB,0xAB,0x00,0x0E,0xFE,0x00,
  0x00,0x0E,0x10,0x20,0x10,0x01,0xFE,0x10,0x08,0xFE,0xF0,0x10,0x80,0xFE,0x80,0x92,
  0xFC,0xFE,0x90,0x92,0x90,0xFE,0x90,0x10,0x90,0xFE,0x90,0x11,0x10,0x3F,0xE0,0x20,
  0x20,0x3F,0xE0,0x20,0x20,0x3F,0xE0};
const u8g_fntpgm_uint8_t fontpage_205_242_242[55] U8G_FONT_SECTION("fontpage_205_242_242") = {
  0x00,0x10,0x13,0x00,0xFC,0x00,0x00,0x00,0x00,0x00,0xF2,0xF2,0x00,0x0E,0xFE,0x00,
  0x00,0x0D,0x10,0x20,0x10,0x01,0xFE,0x08,0x80,0x08,0x80,0x08,0x80,0x08,0x80,0xFF,
  0xF8,0x88,0x88,0x88,0x88,0x88,0x88,0x88,0x88,0xFF,0xF8,0x88,0x88,0x88,0x88,0x88,
  0x88,0x88,0x88,0xFF,0xF8,0x80,0x08};
const u8g_fntpgm_uint8_t fontpage_205_244_244[53] U8G_FONT_SECTION("fontpage_205_244_244") = {
  0x00,0x10,0x13,0x00,0xFC,0x00,0x00,0x00,0x00,0x00,0xF4,0xF4,0x00,0x0D,0xFE,0x00,
  0x00,0x0F,0x0F,0x1E,0x10,0x00,0xFE,0xFF,0xFE,0x01,0x00,0x01,0x00,0x3F,0xF8,0x21,
  0x08,0x21,0x08,0x3F,0xF8,0x21,0x08,0x21,0x08,0x3F,0xF8,0x11,0x00,0x0A,0x00,0x06,
  0x00,0x19,0xC0,0xE0,0x3E};
const u8g_fntpgm_uint8_t fontpage_206_128_128[55] U8G_FONT_SECTION("fontpage_206_128_128") = {
  0x00,0x10,0x13,0x00,0xFC,0x00,0x00,0x00,0x00,0x00,0x80,0x80,0x00,0x0E,0xFE,0x00,
  0x00,0x0F,0x10,0x20,0x10,0x00,0xFE,0x1F,0xF0,0x10,0x10,0x1F,0xF0,0x10,0x10,0x1F,
  0xF0,0x00,0x00,0xFF,0xFE,0x22,0x00,0x3E,0xF8,0x22,0x88,0x3E,0x90,0x22,0x50,0x2F,
  0x20,0xF2,0x50,0x42,0x88,0x03,0x06};
const u8g_fntpgm_uint8_t fontpage_206_137_137[55] U8G_FONT_SECTION("fontpage_206_137_137") = {
  0x00,0x10,0x13,0x00,0xFC,0x00,0x00,0x00,0x00,0x00,0x89,0x89,0x00,0x0E,0xFE,0x00,
  0x00,0x0F,0x10,0x20,0x10,0x00,0xFE,0x02,0x00,0x02,0x00,0xFF,0xFE,0x04,0x00,0x04,
  0x00,0x0F,0xF0,0x08,0x10,0x18,0x10,0x2F,0xF0,0x48,0x10,0x88,0x10,0x0F,0xF0,0x08,
  0x10,0x08,0x10,0x08,0x50,0x08,0x20};
const u8g_fntpgm_uint8_t fontpage_206_159_159[55] U8G_FONT_SECTION("fontpage_206_159_159") = {
  0x00,0x10,0x13,0x00,0xFC,0x00,0x00,0x00,0x00,0x00,0x9F,0x9F,0x00,0x0E,0xFE,0x00,
  0x00,0x0E,0x10,0x20,0x10,0x00,0xFE,0x22,0x00,0x22,0x7C,0x7F,0x44,0x22,0x44,0x22,
  0x44,0x3E,0x7C,0x22,0x44,0x22,0x44,0x3E,0x44,0x22,0x7C,0x22,0x44,0xFF,0x44,0x04,
  0x84,0x22,0x84,0x41,0x14,0x82,0x08};
const u8g_fntpgm_uint8_t fontpage_206_170_170[55] U8G_FONT_SECTION("fontpage_206_170_170") = {
  0x00,0x10,0x13,0x00,0xFC,0x00,0x00,0x00,0x00,0x00,0xAA,0xAA,0x00,0x0E,0xFE,0x00,
  0x00,0x0F,0x10,0x20,0x10,0x00,0xFE,0x01,0x00,0x01,0x00,0x01,0x00,0x3F,0xF8,0x01,
  0x00,0x01,0x00,0x01,0x00,0xFF,0xFE,0x03,0x80,0x05,0x40,0x09,0x20,0x11,0x10,0x21,
  0x08,0xC1,0x06,0x01,0x00,0x01,0x00};
const u8g_fntpgm_uint8_t fontpage_206_172_172[55] U8G_FONT_SECTION("fontpage_206_172_172") = {
  0x00,0x10,0x13,0x00,0xFC,0x00,0x00,0x00,0x00,0x00,0xAC,0xAC,0x00,0x0E,0xFE,0x00,
  0x00,0x0F,0x10,0x20,0x10,0x00,0xFE,0x01,0x00,0x01,0x00,0x01,0x00,0x01,0x00,0x7F,
  0xFC,0x03,0x80,0x05,0x40,0x05,0x40,0x09,0x20,0x11,0x10,0x21,0x08,0x4F,0xE4,0x81,
  0x02,0x01,0x00,0x01,0x00,0x01,0x00};
const u8g_fntpgm_uint8_t fontpage_206_186_186[55] U8G_FONT_SECTION("fontpage_206_186_186") = {
  0x00,0x10,0x13,0x00,0xFC,0x00,0x00,0x00,0x00,0x00,0xBA,0xBA,0x00,0x0E,0xFE,0x00,
  0x00,0x0F,0x10,0x20,0x10,0x00,0xFE,0x10,0x00,0x11,0xF0,0x11,0x10,0x11,0x10,0xFD,
  0x10,0x11,0x10,0x31,0x10,0x39,0x10,0x55,0x10,0x55,0x10,0x91,0x10,0x11,0x12,0x11,
  0x12,0x12,0x12,0x12,0x0E,0x14,0x00};
const u8g_fntpgm_uint8_t fontpage_206_198_198[55] U8G_FONT_SECTION("fontpage_206_198_198") = {
  0x00,0x10,0x13,0x00,0xFC,0x00,0x00,0x00,0x00,0x00,0xC6,0xC6,0x00,0x0E,0xFE,0x00,
  0x00,0x0F,0x10,0x20,0x10,0x00,0xFE,0x10,0x00,0x11,0xFC,0x10,0x20,0x10,0x20,0xFC,
  0x20,0x10,0x20,0x30,0x20,0x3B,0xFE,0x54,0x20,0x54,0x20,0x90,0x20,0x10,0x20,0x10,
  0x20,0x10,0x20,0x10,0x20,0x10,0x20};
const u8g_fntpgm_uint8_t fontpage_206_208_208[55] U8G_FONT_SECTION("fontpage_206_208_208") = {
  0x00,0x10,0x13,0x00,0xFC,0x00,0x00,0x00,0x00,0x00,0xD0,0xD0,0x00,0x0E,0xFE,0x00,
  0x00,0x0F,0x10,0x20,0x10,0x00,0xFE,0x08,0x08,0x08,0x08,0x08,0x08,0x08,0x08,0xFE,
  0xFE,0x08,0x08,0x18,0x18,0x1C,0x18,0x2A,0x28,0x2A,0x28,0x48,0x48,0x88,0x88,0x08,
  0x08,0x08,0x08,0x08,0x28,0x08,0x10};
const u8g_fntpgm_uint8_t fontpage_206_223_223[55] U8G_FONT_SECTION("fontpage_206_223_223") = {
  0x00,0x10,0x13,0x00,0xFC,0x00,0x00,0x00,0x00,0x00,0xDF,0xDF,0x00,0x0E,0xFE,0x00,
  0x00,0x0F,0x10,0x20,0x10,0x00,0xFE,0x01,0x00,0x01,0x00,0xFF,0xFE,0x01,0x00,0x01,
  0x00,0x3F,0xF8,0x21,0x08,0x21,0x08,0x21,0x08,0x3F,0xF8,0x23,0x88,0x05,0x40,0x09,
  0x20,0x31,0x18,0xC1,0x06,0x01,0x00};
const u8g_fntpgm_uint8_t fontpage_206_225_225[55] U8G_FONT_SECTION("fontpage_206_225_225") = {
  0x00,0x10,0x13,0x00,0xFC,0x00,0x00,0x00,0x00,0x00,0xE1,0xE1,0x00,0x0E,0xFE,0x00,
  0x00,0x0F,0x10,0x20,0x10,0x00,0xFE,0x04,0x00,0x04,0x00,0x0F,0xF0,0x18,0x20,0x64,
  0x40,0x03,0x80,0x1D,0x70,0xE1,0x0E,0x01,0x00,0x7F,0xFC,0x01,0x00,0x09,0x20,0x11,
  0x10,0x21,0x08,0x45,0x04,0x02,0x00};
const u8g_fntpgm_uint8_t fontpage_206_229_229[55] U8G_FONT_SECTION("fontpage_206_229_229") = {
  0x00,0x10,0x13,0x00,0xFC,0x00,0x00,0x00,0x00,0x00,0xE5,0xE5,0x00,0x0E,0xFE,0x00,
  0x00,0x0F,0x10,0x20,0x10,0x00,0xFE,0x01,0x00,0x01,0x00,0x01,0x00,0x7F,0xFC,0x01,
  0x00,0x11,0x10,0x09,0x10,0x09,0x20,0xFF,0xFE,0x03,0x80,0x05,0x40,0x09,0x20,0x31,
  0x18,0xC1,0x06,0x01,0x00,0x01,0x00};
const u8g_fntpgm_uint8_t fontpage_206_254_255[93] U8G_FONT_SECTION("fontpage_206_254_255") = {
  0x00,0x10,0x13,0x00,0xFC,0x00,0x00,0x00,0x00,0x00,0xFE,0xFF,0x00,0x0E,0xFE,0x00,
  0x00,0x0F,0x10,0x20,0x10,0x00,0xFE,0x10,0x10,0x10,0x90,0x10,0x90,0x10,0x88,0xFC,
  0x88,0x11,0x24,0x31,0x24,0x3A,0x22,0x54,0x40,0x54,0x40,0x90,0x88,0x10,0x84,0x11,
  0x04,0x13,0xFE,0x11,0x02,0x10,0x00,0x0F,0x10,0x20,0x10,0x00,0xFE,0x10,0x08,0x10,
  0x1C,0x11,0xE0,0x11,0x00,0xFD,0x00,0x11,0xFC,0x31,0x44,0x39,0x44,0x55,0x44,0x55,
  0x28,0x91,0x28,0x11,0x10,0x11,0x10,0x12,0x28,0x12,0x44,0x14,0x82};
const u8g_fntpgm_uint8_t fontpage_207_151_151[55] U8G_FONT_SECTION("fontpage_207_151_151") = {
  0x00,0x10,0x13,0x00,0xFC,0x00,0x00,0x00,0x00,0x00,0x97,0x97,0x00,0x0E,0xFE,0x00,
  0x00,0x0F,0x10,0x20,0x10,0x00,0xFE,0x10,0x20,0x10,0x20,0x10,0x20,0x10,0x20,0xFD,
  0xFE,0x10,0x20,0x30,0x70,0x38,0x70,0x54,0xA8,0x50,0xA8,0x91,0x24,0x12,0x22,0x14,
  0x20,0x10,0x20,0x10,0x20,0x10,0x20};
const u8g_fntpgm_uint8_t fontpage_207_229_229[53] U8G_FONT_SECTION("fontpage_207_229_229") = {
  0x00,0x10,0x13,0x00,0xFC,0x00,0x00,0x00,0x00,0x00,0xE5,0xE5,0x00,0x0E,0xFF,0x00,
  0x00,0x0F,0x0F,0x1E,0x10,0x00,0xFF,0x01,0x00,0x01,0x00,0xFF,0xFE,0x05,0x40,0x09,
  0x20,0x11,0x10,0x3F,0xF8,0xD0,0x16,0x10,0x10,0x1F,0xF0,0x10,0x10,0x10,0x10,0x1F,
  0xF0,0x00,0x00,0xFF,0xFE};
const u8g_fntpgm_uint8_t fontpage_207_241_241[55] U8G_FONT_SECTION("fontpage_207_241_241") = {
  0x00,0x10,0x13,0x00,0xFC,0x00,0x00,0x00,0x00,0x00,0xF1,0xF1,0x00,0x0E,0xFE,0x00,
  0x00,0x0F,0x10,0x20,0x10,0x00,0xFE,0x10,0x40,0x10,0x20,0x10,0x00,0x13,0xFE,0xFC,
  0x20,0x10,0x20,0x30,0x20,0x38,0x20,0x55,0xFC,0x54,0x20,0x90,0x20,0x10,0x20,0x10,
  0x20,0x10,0x20,0x13,0xFE,0x10,0x00};
const u8g_fntpgm_uint8_t fontpage_208_161_161[55] U8G_FONT_SECTION("fontpage_208_161_161") = {
  0x00,0x10,0x13,0x00,0xFC,0x00,0x00,0x00,0x00,0x00,0xA1,0xA1,0x00,0x0E,0xFE,0x00,
  0x00,0x0F,0x10,0x20,0x10,0x00,0xFE,0x10,0x40,0x10,0x20,0x10,0x20,0x11,0xFE,0xFC,
  0x00,0x10,0x88,0x31,0x04,0x3A,0x02,0x54,0x88,0x50,0x88,0x90,0x50,0x10,0x50,0x10,
  0x20,0x10,0x50,0x10,0x88,0x13,0x06};
const u8g_fntpgm_uint8_t fontpage_208_188_188[55] U8G_FONT_SECTION("fontpage_208_188_188") = {
  0x00,0x10,0x13,0x00,0xFC,0x00,0x00,0x00,0x00,0x00,0xBC,0xBC,0x00,0x0E,0xFE,0x00,
  0x00,0x0F,0x10,0x20,0x10,0x00,0xFE,0x10,0x80,0x10,0x80,0x10,0xF8,0x11,0x08,0xFB,
  0x10,0x14,0xA0,0x30,0x40,0x38,0xA0,0x55,0x18,0x52,0x06,0x95,0xF8,0x11,0x08,0x11,
  0x08,0x11,0x08,0x11,0xF8,0x11,0x08};
const u8g_fntpgm_uint8_t fontpage_209_175_175[55] U8G_FONT_SECTION("fontpage_209_175_175") = {
  0x00,0x10,0x13,0x00,0xFC,0x00,0x00,0x00,0x00,0x00,0xAF,0xAF,0x00,0x0E,0xFE,0x00,
  0x00,0x0F,0x10,0x20,0x10,0x00,0xFE,0x11,0x08,0x10,0x88,0x10,0x90,0x11,0xFC,0xFC,
  0x24,0x10,0x24,0x31,0xFC,0x39,0x20,0x55,0x20,0x51,0xFE,0x90,0x62,0x10,0xA2,0x11,
  0x2A,0x12,0x24,0x14,0x20,0x10,0x20};
const u8g_fntpgm_uint8_t fontpage_209_192_192[55] U8G_FONT_SECTION("fontpage_209_192_192") = {
  0x00,0x10,0x13,0x00,0xFC,0x00,0x00,0x00,0x00,0x00,0xC0,0xC0,0x00,0x0E,0xFE,0x00,
  0x00,0x0F,0x10,0x20,0x10,0x00,0xFE,0x10,0x40,0x10,0x40,0x10,0xA0,0x10,0xA0,0xFD,
  0x10,0x12,0x08,0x35,0xF6,0x38,0x00,0x54,0x88,0x50,0x48,0x92,0x48,0x11,0x50,0x11,
  0x10,0x10,0x20,0x17,0xFE,0x10,0x00};
const u8g_fntpgm_uint8_t fontpage_211_253_253[55] U8G_FONT_SECTION("fontpage_211_253_253") = {
  0x00,0x10,0x13,0x00,0xFC,0x00,0x00,0x00,0x00,0x00,0xFD,0xFD,0x00,0x0E,0xFE,0x00,
  0x00,0x0F,0x10,0x20,0x10,0x00,0xFE,0x10,0x90,0x10,0x90,0x17,0xFE,0x10,0x90,0xFB,
  0xFC,0x12,0x94,0x33,0xFC,0x3A,0x94,0x57,0xFC,0x50,0x00,0x91,0xF8,0x11,0x08,0x11,
  0xF8,0x11,0x08,0x11,0xF8,0x11,0x08};
const u8g_fntpgm_uint8_t fontpage_212_161_161[55] U8G_FONT_SECTION("fontpage_212_161_161") = {
  0x00,0x10,0x13,0x00,0xFC,0x00,0x00,0x00,0x00,0x00,0xA1,0xA1,0x00,0x0E,0xFE,0x00,
  0x00,0x0F,0x10,0x20,0x10,0x00,0xFE,0x11,0x10,0x11,0x10,0x17,0xFC,0x11,0x10,0xFC,
  0x00,0x13,0xF8,0x32,0x08,0x3B,0xF8,0x56,0x08,0x53,0xF8,0x90,0x40,0x17,0xFC,0x10,
  0xA0,0x11,0x10,0x12,0x08,0x14,0x06};
const u8g_fntpgm_uint8_t fontpage_212_217_217[55] U8G_FONT_SECTION("fontpage_212_217_217") = {
  0x00,0x10,0x13,0x00,0xFC,0x00,0x00,0x00,0x00,0x00,0xD9,0xD9,0x00,0x0E,0xFE,0x00,
  0x00,0x0F,0x10,0x20,0x10,0x00,0xFE,0x10,0x20,0x17,0xA4,0x10,0xA8,0x12,0x92,0xF9,
  0x14,0x12,0x08,0x35,0xF4,0x38,0x02,0x57,0xF8,0x52,0x08,0x92,0x08,0x13,0xF8,0x12,
  0x08,0x11,0x10,0x1F,0xFE,0x10,0x00};
const u8g_fntpgm_uint8_t fontpage_214_160_161[93] U8G_FONT_SECTION("fontpage_214_160_161") = {
  0x00,0x10,0x13,0x00,0xFC,0x00,0x00,0x00,0x00,0x00,0xA0,0xA1,0x00,0x0E,0xFE,0x00,
  0x00,0x0F,0x10,0x20,0x10,0x00,0xFE,0x08,0x00,0x08,0x00,0x08,0x00,0x0F,0xFC,0x10,
  0x04,0x11,0x08,0x21,0x10,0x41,0x00,0x01,0x00,0x02,0x80,0x02,0x80,0x04,0x40,0x08,
  0x20,0x10,0x10,0x20,0x08,0xC0,0x06,0x0F,0x10,0x20,0x10,0x00,0xFE,0x00,0x80,0x40,
  0x80,0x20,0x80,0x20,0xFC,0x01,0x04,0x09,0x08,0x0A,0x40,0x14,0x40,0x10,0x40,0xE0,
  0xA0,0x20,0xA0,0x21,0x10,0x21,0x10,0x22,0x08,0x24,0x04,0x08,0x02};
const u8g_fntpgm_uint8_t fontpage_214_226_229[161] U8G_FONT_SECTION("fontpage_214_226_229") = {
  0x00,0x10,0x13,0x00,0xFC,0x00,0x00,0x00,0x00,0x00,0xE2,0xE5,0x00,0x0E,0xFE,0x00,
  0x00,0x0F,0x0F,0x1E,0x10,0x00,0xFF,0x01,0x00,0x01,0x00,0x01,0x00,0x01,0x00,0x11,
  0x00,0x11,0x00,0x11,0xF8,0x11,0x00,0x11,0x00,0x11,0x00,0x11,0x00,0x11,0x00,0x11,
  0x00,0x11,0x00,0xFF,0xFE,0x0F,0x0E,0x1C,0x10,0x00,0xFF,0x7F,0xFC,0x01,0x00,0x01,
  0x00,0x01,0x00,0x01,0x00,0x11,0x00,0x11,0xF8,0x11,0x00,0x11,0x00,0x11,0x00,0x11,
  0x00,0x11,0x00,0x11,0x00,0xFF,0xFE,0x0F,0x0F,0x1E,0x10,0x00,0xFF,0x04,0x40,0x04,
  0x40,0x04,0x40,0x24,0x44,0x24,0x48,0x27,0x50,0x24,0x60,0x24,0x40,0x24,0x40,0x24,
  0x40,0x24,0x40,0x24,0x42,0x2F,0x42,0xF0,0x42,0x40,0x3E,0x0F,0x10,0x20,0x10,0x00,
  0xFE,0x01,0x00,0x01,0x00,0x11,0xF8,0x11,0x00,0x11,0x00,0x11,0x00,0xFF,0xFE,0x01,
  0x00,0x01,0x00,0x11,0x08,0x11,0x10,0x21,0x20,0x40,0xC0,0x03,0x00,0x1C,0x00,0xE0,
  0x00};
const u8g_fntpgm_uint8_t fontpage_215_181_181[55] U8G_FONT_SECTION("fontpage_215_181_181") = {
  0x00,0x10,0x13,0x00,0xFC,0x00,0x00,0x00,0x00,0x00,0xB5,0xB5,0x00,0x0E,0xFE,0x00,
  0x00,0x0F,0x10,0x20,0x10,0x00,0xFE,0x06,0x00,0x38,0xF8,0x20,0x88,0x20,0x88,0x20,
  0x88,0x3C,0x86,0x21,0x00,0x20,0x00,0x3D,0xFC,0x20,0x84,0x20,0x88,0x2C,0x50,0xF0,
  0x20,0x20,0x50,0x20,0x88,0x23,0x06};
const u8g_fntpgm_uint8_t fontpage_215_212_212[53] U8G_FONT_SECTION("fontpage_215_212_212") = {
  0x00,0x10,0x13,0x00,0xFC,0x00,0x00,0x00,0x00,0x00,0xD4,0xD4,0x00,0x0E,0xFF,0x00,
  0x00,0x0D,0x0F,0x1E,0x10,0x02,0xFF,0x02,0x00,0x82,0x00,0x82,0x00,0x82,0x10,0x82,
  0x20,0x82,0x40,0xFA,0x80,0x83,0x00,0x82,0x00,0x82,0x00,0x82,0x00,0x82,0x08,0x9A,
  0x08,0xE2,0x08,0x81,0xF8};
const u8g_fntpgm_uint8_t fontpage_216_148_148[55] U8G_FONT_SECTION("fontpage_216_148_148") = {
  0x00,0x10,0x13,0x00,0xFC,0x00,0x00,0x00,0x00,0x00,0x94,0x94,0x00,0x0E,0xFE,0x00,
  0x00,0x0F,0x10,0x20,0x10,0x00,0xFE,0x10,0x00,0x10,0x00,0x3F,0xFC,0x20,0x00,0x4F,
  0xF0,0x80,0x00,0x3F,0xF0,0x00,0x10,0x00,0x10,0x00,0x10,0x00,0x10,0x00,0x10,0x00,
  0x0A,0x00,0x0A,0x00,0x06,0x00,0x02};
const u8g_fntpgm_uint8_t fontpage_216_180_180[55] U8G_FONT_SECTION("fontpage_216_180_180") = {
  0x00,0x10,0x13,0x00,0xFC,0x00,0x00,0x00,0x00,0x00,0xB4,0xB4,0x00,0x0E,0xFE,0x00,
  0x00,0x0F,0x10,0x20,0x10,0x00,0xFE,0x01,0x00,0x01,0x00,0x01,0x00,0x01,0x08,0x01,
  0x08,0x7D,0x90,0x05,0xA0,0x09,0x40,0x09,0x40,0x11,0x20,0x11,0x10,0x21,0x08,0x41,
  0x06,0x81,0x00,0x05,0x00,0x02,0x00};
const u8g_fntpgm_uint8_t fontpage_216_194_194[55] U8G_FONT_SECTION("fontpage_216_194_194") = {
  0x00,0x10,0x13,0x00,0xFC,0x00,0x00,0x00,0x00,0x00,0xC2,0xC2,0x00,0x0E,0xFE,0x00,
  0x00,0x0E,0x10,0x20,0x10,0x01,0xFE,0x02,0x40,0x02,0x20,0x02,0x00,0xFF,0xF8,0x02,
  0x00,0x42,0x10,0x22,0x20,0x13,0x40,0x06,0x80,0x0A,0x40,0x12,0x20,0x22,0x10,0xC2,
  0x0C,0x02,0x00,0x0A,0x00,0x04,0x00};
const u8g_fntpgm_uint8_t fontpage_217_161_161[53] U8G_FONT_SECTION("fontpage_217_161_161") = {
  0x00,0x10,0x13,0x00,0xFC,0x00,0x00,0x00,0x00,0x00,0xA1,0xA1,0x00,0x0D,0xFE,0x00,
  0x00,0x0F,0x0F,0x1E,0x10,0x00,0xFE,0x21,0xF0,0x11,0x10,0x11,0x10,0x81,0x10,0x42,
  0x10,0x54,0x0E,0x18,0x00,0x13,0xF8,0x22,0x08,0xE1,0x08,0x21,0x10,0x20,0xA0,0x20,
  0x40,0x21,0xB0,0x0E,0x0E};
const u8g_fntpgm_uint8_t fontpage_217_213_213[55] U8G_FONT_SECTION("fontpage_217_213_213") = {
  0x00,0x10,0x13,0x00,0xFC,0x00,0x00,0x00,0x00,0x00,0xD5,0xD5,0x00,0x0E,0xFE,0x00,
  0x00,0x0F,0x10,0x20,0x10,0x00,0xFE,0x00,0x40,0x20,0x40,0x10,0x40,0x10,0x40,0x87,
  0xFC,0x40,0x40,0x40,0x40,0x10,0x40,0x1F,0xFE,0x20,0x40,0xE0,0x80,0x21,0x00,0x22,
  0x10,0x24,0x08,0x2F,0xFC,0x04,0x04};
const u8g_fntpgm_uint8_t fontpage_217_226_226[55] U8G_FONT_SECTION("fontpage_217_226_226") = {
  0x00,0x10,0x13,0x00,0xFC,0x00,0x00,0x00,0x00,0x00,0xE2,0xE2,0x00,0x0E,0xFE,0x00,
  0x00,0x0F,0x10,0x20,0x10,0x00,0xFE,0x00,0x20,0x20,0x20,0x10,0x20,0x13,0xFE,0x82,
  0x22,0x42,0x24,0x4A,0x20,0x0B,0xFC,0x12,0x84,0x12,0x88,0xE2,0x48,0x22,0x50,0x22,
  0x20,0x24,0x50,0x24,0x88,0x09,0x06};
const u8g_fntpgm_uint8_t fontpage_217_232_232[53] U8G_FONT_SECTION("fontpage_217_232_232") = {
  0x00,0x10,0x13,0x00,0xFC,0x00,0x00,0x00,0x00,0x00,0xE8,0xE8,0x00,0x0E,0xFF,0x00,
  0x00,0x0F,0x0F,0x1E,0x10,0x00,0xFF,0x00,0x80,0x20,0x40,0x10,0x00,0x17,0xFC,0x80,
  0x40,0x40,0x40,0x40,0x40,0x10,0x40,0x13,0xFC,0x20,0x40,0xE0,0x40,0x20,0x40,0x20,
  0x40,0x20,0x40,0x2F,0xFE};
const u8g_fntpgm_uint8_t fontpage_218_151_151[55] U8G_FONT_SECTION("fontpage_218_151_151") = {
  0x00,0x10,0x13,0x00,0xFC,0x00,0x00,0x00,0x00,0x00,0x97,0x97,0x00,0x0E,0xFE,0x00,
  0x00,0x0F,0x10,0x20,0x10,0x00,0xFE,0x00,0x40,0x22,0x40,0x12,0x40,0x13,0xFC,0x84,
  0x40,0x48,0x40,0x40,0x40,0x17,0xFE,0x11,0x20,0x21,0x20,0xE1,0x20,0x21,0x20,0x22,
  0x22,0x22,0x22,0x24,0x1E,0x08,0x00};
const u8g_fntpgm_uint8_t fontpage_218_187_187[55] U8G_FONT_SECTION("fontpage_218_187_187") = {
  0x00,0x10,0x13,0x00,0xFC,0x00,0x00,0x00,0x00,0x00,0xBB,0xBB,0x00,0x0E,0xFE,0x00,
  0x00,0x0F,0x10,0x20,0x10,0x00,0xFE,0x00,0x10,0x20,0x78,0x13,0xC0,0x10,0x40,0x80,
  0x40,0x47,0xFE,0x40,0x40,0x10,0x40,0x10,0x40,0x23,0xF8,0xE2,0x08,0x22,0x08,0x22,
  0x08,0x22,0x08,0x23,0xF8,0x02,0x08};
const u8g_fntpgm_uint8_t fontpage_218_193_193[55] U8G_FONT_SECTION("fontpage_218_193_193") = {
  0x00,0x10,0x13,0x00,0xFC,0x00,0x00,0x00,0x00,0x00,0xC1,0xC1,0x00,0x0E,0xFE,0x00,
  0x00,0x0F,0x10,0x20,0x10,0x00,0xFE,0x00,0x80,0x20,0x40,0x17,0xFE,0x10,0x80,0x81,
  0x10,0x42,0x08,0x47,0xFC,0x10,0x04,0x10,0x00,0x22,0x48,0xE2,0x48,0x22,0x48,0x22,
  0x48,0x22,0x4A,0x24,0x4A,0x08,0x46};
const u8g_fntpgm_uint8_t fontpage_218_203_203[55] U8G_FONT_SECTION("fontpage_218_203_203") = {
  0x00,0x10,0x13,0x00,0xFC,0x00,0x00,0x00,0x00,0x00,0xCB,0xCB,0x00,0x0E,0xFE,0x00,
  0x00,0x0E,0x10,0x20,0x10,0x00,0xFE,0x00,0x04,0x27,0xC4,0x14,0x44,0x14,0x54,0x85,
  0x54,0x45,0x54,0x45,0x54,0x15,0x54,0x15,0x54,0x25,0x54,0xE5,0x54,0x21,0x04,0x22,
  0x84,0x22,0x44,0x24,0x14,0x08,0x08};
const u8g_fntpgm_uint8_t fontpage_219_136_136[55] U8G_FONT_SECTION("fontpage_219_136_136") = {
  0x00,0x10,0x13,0x00,0xFC,0x00,0x00,0x00,0x00,0x00,0x88,0x88,0x00,0x0E,0xFE,0x00,
  0x00,0x0D,0x10,0x20,0x10,0x00,0xFE,0x00,0x40,0x22,0x48,0x11,0x48,0x11,0x50,0x80,
  0x40,0x43,0xF8,0x4A,0x08,0x0A,0x08,0x13,0xF8,0x12,0x08,0xE2,0x08,0x23,0xF8,0x22,
  0x08,0x22,0x08,0x22,0x28,0x02,0x10};
const u8g_fntpgm_uint8_t fontpage_219_178_178[55] U8G_FONT_SECTION("fontpage_219_178_178") = {
  0x00,0x10,0x13,0x00,0xFC,0x00,0x00,0x00,0x00,0x00,0xB2,0xB2,0x00,0x0E,0xFE,0x00,
  0x00,0x0F,0x10,0x20,0x10,0x00,0xFE,0x00,0x80,0x20,0x40,0x17,0xFE,0x11,0x20,0x81,
  0x20,0x42,0x3C,0x42,0x44,0x16,0x64,0x12,0x94,0x23,0x48,0xE2,0x48,0x22,0x30,0x22,
  0x20,0x22,0x50,0x22,0x88,0x03,0x06};
const u8g_fntpgm_uint8_t fontpage_219_225_225[55] U8G_FONT_SECTION("fontpage_219_225_225") = {
  0x00,0x10,0x13,0x00,0xFC,0x00,0x00,0x00,0x00,0x00,0xE1,0xE1,0x00,0x0E,0xFE,0x00,
  0x00,0x0F,0x10,0x20,0x10,0x00,0xFE,0x00,0x40,0x22,0x44,0x12,0x44,0x14,0x48,0x80,
  0xA0,0x41,0x10,0x46,0x08,0x10,0x44,0x10,0x40,0x22,0x48,0xE2,0x48,0x24,0x50,0x20,
  0xA0,0x21,0x10,0x22,0x08,0x0C,0x06};
const u8g_fntpgm_uint8_t fontpage_219_247_247[53] U8G_FONT_SECTION("fontpage_219_247_247") = {
  0x00,0x10,0x13,0x00,0xFC,0x00,0x00,0x00,0x00,0x00,0xF7,0xF7,0x00,0x0D,0xFE,0x00,
  0x00,0x0F,0x0F,0x1E,0x10,0x00,0xFE,0x27,0xFC,0x14,0x04,0x14,0x04,0x87,0xFC,0x44,
  0x04,0x44,0x04,0x17,0xFC,0x10,0x00,0x24,0x20,0xE4,0x22,0x27,0xAC,0x24,0x30,0x24,
  0x22,0x25,0xA2,0x06,0x1E};
const u8g_fntpgm_uint8_t fontpage_220_133_133[55] U8G_FONT_SECTION("fontpage_220_133_133") = {
  0x00,0x10,0x13,0x00,0xFC,0x00,0x00,0x00,0x00,0x00,0x85,0x85,0x00,0x0E,0xFE,0x00,
  0x00,0x0F,0x10,0x20,0x10,0x00,0xFE,0x20,0x40,0x10,0x40,0x17,0xFC,0x00,0x40,0x83,
  0xF8,0x40,0x40,0x4F,0xFE,0x08,0x00,0x13,0xF8,0x12,0x08,0x13,0xF8,0xE2,0x08,0x23,
  0xF8,0x22,0x08,0x22,0x28,0x02,0x10};
const u8g_fntpgm_uint8_t fontpage_220_169_169[51] U8G_FONT_SECTION("fontpage_220_169_169") = {
  0x00,0x10,0x13,0x00,0xFC,0x00,0x00,0x00,0x00,0x00,0xA9,0xA9,0x00,0x0D,0xFF,0x00,
  0x00,0x0F,0x0E,0x1C,0x10,0x00,0xFF,0x23,0xF8,0x12,0x08,0x12,0x08,0x83,0xF8,0x42,
  0x08,0x42,0x08,0x13,0xF8,0x10,0x00,0x27,0xFC,0xE4,0xA4,0x24,0xA4,0x24,0xA4,0x24,
  0xA4,0x2F,0xFE};
const u8g_fntpgm_uint8_t fontpage_220_184_184[55] U8G_FONT_SECTION("fontpage_220_184_184") = {
  0x00,0x10,0x13,0x00,0xFC,0x00,0x00,0x00,0x00,0x00,0xB8,0xB8,0x00,0x0E,0xFE,0x00,
  0x00,0x0F,0x10,0x20,0x10,0x00,0xFE,0x02,0x10,0x21,0x10,0x11,0x10,0x17,0xBE,0x82,
  0x20,0x42,0x40,0x43,0xBC,0x12,0x84,0x12,0x88,0x22,0x88,0xE2,0xBE,0x22,0x88,0x24,
  0x88,0x24,0x88,0x29,0xA8,0x10,0x10};
const u8g_fntpgm_uint8_t fontpage_221_144_144[53] U8G_FONT_SECTION("fontpage_221_144_144") = {
  0x00,0x10,0x13,0x00,0xFC,0x00,0x00,0x00,0x00,0x00,0x90,0x90,0x00,0x0D,0xFE,0x00,
  0x00,0x0F,0x0F,0x1E,0x10,0x00,0xFE,0x27,0xFE,0x14,0x20,0x14,0x40,0x85,0xFC,0x45,
  0x04,0x45,0xFC,0x15,0x04,0x15,0xFC,0x25,0x24,0xE4,0x20,0x24,0xA8,0x29,0x24,0x2A,
  0x22,0x30,0xA0,0x00,0x40};
const u8g_fntpgm_uint8_t fontpage_221_162_162[53] U8G_FONT_SECTION("fontpage_221_162_162") = {
  0x00,0x10,0x13,0x00,0xFC,0x00,0x00,0x00,0x00,0x00,0xA2,0xA2,0x00,0x0E,0xFF,0x00,
  0x00,0x0F,0x0F,0x1E,0x10,0x00,0xFF,0x02,0x08,0x21,0x08,0x11,0x10,0x10,0x00,0x87,
  0xFC,0x40,0x00,0x41,0x10,0x12,0x08,0x14,0x04,0x23,0xF8,0xE2,0xA8,0x22,0xA8,0x22,
  0xA8,0x22,0xA8,0x2F,0xFE};
const u8g_fntpgm_uint8_t fontpage_221_209_209[53] U8G_FONT_SECTION("fontpage_221_209_209") = {
  0x00,0x10,0x13,0x00,0xFC,0x00,0x00,0x00,0x00,0x00,0xD1,0xD1,0x00,0x0D,0xFE,0x00,
  0x00,0x0F,0x0F,0x1E,0x10,0x00,0xFE,0x23,0xF8,0x12,0x08,0x13,0xC8,0x82,0x48,0x4F,
  0xFE,0x48,0x02,0x13,0xF8,0x12,0x08,0x23,0xF8,0xE2,0x08,0x23,0xF8,0x22,0x08,0x22,
  0x08,0x22,0x28,0x02,0x10};
const u8g_fntpgm_uint8_t fontpage_221_218_218[55] U8G_FONT_SECTION("fontpage_221_218_218") = {
  0x00,0x10,0x13,0x00,0xFC,0x00,0x00,0x00,0x00,0x00,0xDA,0xDA,0x00,0x0E,0xFE,0x00,
  0x00,0x0F,0x10,0x20,0x10,0x00,0xFE,0x00,0x80,0x20,0x40,0x17,0xFC,0x11,0x10,0x82,
  0x48,0x44,0x84,0x41,0x20,0x13,0xF0,0x10,0x10,0x20,0x88,0xE1,0x50,0x23,0x20,0x25,
  0x10,0x29,0x48,0x21,0x86,0x01,0x00};
const u8g_fntpgm_uint8_t fontpage_221_225_225[55] U8G_FONT_SECTION("fontpage_221_225_225") = {
  0x00,0x10,0x13,0x00,0xFC,0x00,0x00,0x00,0x00,0x00,0xE1,0xE1,0x00,0x0E,0xFE,0x00,
  0x00,0x0F,0x10,0x20,0x10,0x00,0xFE,0x01,0x08,0x21,0x08,0x17,0xFE,0x11,0x08,0x80,
  0x00,0x47,0xFE,0x40,0x90,0x10,0x90,0x17,0xFE,0x24,0x92,0xE4,0x92,0x25,0x6A,0x26,
  0x46,0x24,0x02,0x24,0x0A,0x04,0x04};
const u8g_fntpgm_uint8_t fontpage_223_192_192[55] U8G_FONT_SECTION("fontpage_223_192_192") = {
  0x00,0x10,0x13,0x00,0xFC,0x00,0x00,0x00,0x00,0x00,0xC0,0xC0,0x00,0x0E,0xFE,0x00,
  0x00,0x0F,0x10,0x20,0x10,0x00,0xFE,0x02,0x10,0x44,0x10,0x2F,0x90,0x28,0x90,0x0F,
  0xBE,0x88,0xA4,0x4F,0xD4,0x54,0x14,0x12,0x14,0x2F,0xD4,0xE4,0x14,0x27,0x88,0x24,
  0x88,0x28,0x94,0x2A,0x94,0x11,0x22};
const u8g_fntpgm_uint8_t fontpage_224_235_235[55] U8G_FONT_SECTION("fontpage_224_235_235") = {
  0x00,0x10,0x13,0x00,0xFC,0x00,0x00,0x00,0x00,0x00,0xEB,0xEB,0x00,0x0E,0xFE,0x00,
  0x00,0x0F,0x10,0x20,0x10,0x00,0xFE,0x01,0x00,0x01,0x00,0x01,0x00,0x11,0x08,0x11,
  0x08,0x11,0x10,0x21,0x20,0x21,0x00,0x42,0x80,0x02,0x80,0x04,0x40,0x04,0x40,0x08,
  0x20,0x10,0x10,0x20,0x08,0xC0,0x06};
const u8g_fntpgm_uint8_t fontpage_224_239_239[55] U8G_FONT_SECTION("fontpage_224_239_239") = {
  0x00,0x10,0x13,0x00,0xFC,0x00,0x00,0x00,0x00,0x00,0xEF,0xEF,0x00,0x0E,0xFE,0x00,
  0x00,0x0F,0x10,0x20,0x10,0x00,0xFE,0x10,0x00,0x10,0x00,0x13,0xFE,0x10,0x20,0x54,
  0x20,0x58,0x20,0x50,0x20,0x90,0x20,0x10,0x20,0x10,0x20,0x10,0x20,0x28,0x20,0x24,
  0x20,0x44,0x20,0x40,0xA0,0x80,0x40};
const u8g_fntpgm_uint8_t fontpage_224_245_245[53] U8G_FONT_SECTION("fontpage_224_245_245") = {
  0x00,0x10,0x13,0x00,0xFC,0x00,0x00,0x00,0x00,0x00,0xF5,0xF5,0x00,0x0D,0xFE,0x00,
  0x00,0x0F,0x0F,0x1E,0x10,0x00,0xFE,0x3F,0xF8,0x00,0x08,0x00,0x08,0x1F,0xF8,0x00,
  0x08,0x00,0x08,0x3F,0xF8,0x01,0x00,0x11,0x10,0x11,0x10,0x22,0xA0,0x04,0x40,0x08,
  0x20,0x30,0x18,0xC0,0x06};
const u8g_fntpgm_uint8_t fontpage_225_185_185[55] U8G_FONT_SECTION("fontpage_225_185_185") = {
  0x00,0x10,0x13,0x00,0xFC,0x00,0x00,0x00,0x00,0x00,0xB9,0xB9,0x00,0x0E,0xFE,0x00,
  0x00,0x0E,0x10,0x20,0x10,0x00,0xFE,0x02,0x00,0x02,0x00,0x02,0x00,0x03,0xFC,0x02,
  0x00,0x02,0x00,0x3F,0xF0,0x20,0x10,0x20,0x10,0x20,0x10,0x3F,0xF0,0x00,0x00,0x24,
  0x88,0x22,0x44,0x42,0x44,0x80,0x04};
const u8g_fntpgm_uint8_t fontpage_225_237_237[55] U8G_FONT_SECTION("fontpage_225_237_237") = {
  0x00,0x10,0x13,0x00,0xFC,0x00,0x00,0x00,0x00,0x00,0xED,0xED,0x00,0x0E,0xFE,0x00,
  0x00,0x0F,0x10,0x20,0x10,0x00,0xFE,0x10,0x40,0x10,0x40,0x10,0x40,0xFD,0xF8,0x10,
  0x48,0x10,0x48,0x1C,0xC8,0x30,0x48,0xD0,0xAA,0x10,0xAA,0x51,0x06,0x22,0x02,0x00,
  0x00,0x48,0x88,0x44,0x44,0x84,0x44};
const u8g_fntpgm_uint8_t fontpage_228_199_200[93] U8G_FONT_SECTION("fontpage_228_199_200") = {
  0x00,0x10,0x13,0x00,0xFC,0x00,0x00,0x00,0x00,0x00,0xC7,0xC8,0x00,0x0E,0xFE,0x00,
  0x00,0x0D,0x10,0x20,0x10,0x01,0xFE,0x00,0x80,0x20,0x80,0x20,0x80,0x20,0x80,0x20,
  0x80,0x3F,0xF8,0x20,0x00,0x20,0x00,0x20,0x00,0x3F,0xC0,0x20,0x40,0x20,0x40,0x20,
  0x40,0x40,0x40,0x40,0x40,0x80,0x40,0x0F,0x10,0x20,0x10,0x00,0xFE,0x08,0x08,0x48,
  0x1C,0x49,0xE0,0x49,0x00,0x49,0x00,0x7D,0xFC,0x41,0x44,0x41,0x44,0x79,0x44,0x49,
  0x28,0x49,0x28,0x49,0x10,0x49,0x10,0x4A,0x28,0x4A,0x44,0x8C,0x82};
const u8g_fntpgm_uint8_t fontpage_228_233_233[55] U8G_FONT_SECTION("fontpage_228_233_233") = {
  0x00,0x10,0x13,0x00,0xFC,0x00,0x00,0x00,0x00,0x00,0xE9,0xE9,0x00,0x0E,0xFE,0x00,
  0x00,0x0E,0x10,0x20,0x10,0x00,0xFE,0x10,0x80,0x10,0x80,0x50,0x80,0x50,0xFC,0x7D,
  0x54,0x52,0x54,0x90,0x54,0x10,0x94,0x1C,0x94,0xF1,0x24,0x52,0x24,0x10,0x44,0x10,
  0x44,0x10,0x84,0x11,0x28,0x10,0x10};
const u8g_fntpgm_uint8_t fontpage_228_249_249[55] U8G_FONT_SECTION("fontpage_228_249_249") = {
  0x00,0x10,0x13,0x00,0xFC,0x00,0x00,0x00,0x00,0x00,0xF9,0xF9,0x00,0x0E,0xFE,0x00,
  0x00,0x0F,0x10,0x20,0x10,0x00,0xFE,0x10,0x20,0x10,0x20,0x50,0x20,0x51,0xFC,0x7C,
  0x20,0x50,0x20,0x93,0xFE,0x10,0x08,0x1C,0x08,0xF1,0xFE,0x50,0x08,0x10,0x88,0x10,
  0x48,0x10,0x08,0x10,0x28,0x10,0x10};
const u8g_fntpgm_uint8_t fontpage_229_182_182[55] U8G_FONT_SECTION("fontpage_229_182_182") = {
  0x00,0x10,0x13,0x00,0xFC,0x00,0x00,0x00,0x00,0x00,0xB6,0xB6,0x00,0x0E,0xFE,0x00,
  0x00,0x0F,0x10,0x20,0x10,0x00,0xFE,0x08,0x40,0x08,0x48,0x08,0x44,0x48,0x44,0x28,
  0x40,0x2F,0xFE,0x08,0x40,0x08,0x40,0x18,0x40,0x28,0xA0,0xC8,0xA0,0x08,0x90,0x09,
  0x10,0x09,0x08,0x0A,0x04,0x0C,0x02};
const u8g_fntpgm_uint8_t fontpage_231_135_135[55] U8G_FONT_SECTION("fontpage_231_135_135") = {
  0x00,0x10,0x13,0x00,0xFC,0x00,0x00,0x00,0x00,0x00,0x87,0x87,0x00,0x0E,0xFE,0x00,
  0x00,0x0F,0x10,0x20,0x10,0x00,0xFE,0x02,0x00,0x01,0x00,0x7F,0xFC,0x02,0x00,0x44,
  0x44,0x2F,0x88,0x11,0x10,0x22,0x48,0x4F,0xE4,0x00,0x20,0x01,0x00,0xFF,0xFE,0x01,
  0x00,0x01,0x00,0x01,0x00,0x01,0x00};
const u8g_fntpgm_uint8_t fontpage_231_175_175[51] U8G_FONT_SECTION("fontpage_231_175_175") = {
  0x00,0x10,0x13,0x00,0xFC,0x00,0x00,0x00,0x00,0x00,0xAF,0xAF,0x00,0x0C,0xFE,0x00,
  0x00,0x0F,0x0E,0x1C,0x10,0x00,0xFE,0xFD,0xFE,0x10,0x10,0x10,0x10,0x10,0x20,0x10,
  0x20,0x7C,0x68,0x10,0xA4,0x11,0x22,0x12,0x22,0x10,0x20,0x1C,0x20,0xE0,0x20,0x40,
  0x20,0x00,0x20};
const u8g_fntpgm_uint8_t fontpage_232_134_134[51] U8G_FONT_SECTION("fontpage_232_134_134") = {
  0x00,0x10,0x13,0x00,0xFC,0x00,0x00,0x00,0x00,0x00,0x86,0x86,0x00,0x0D,0xFF,0x00,
  0x00,0x0F,0x0E,0x1C,0x10,0x00,0xFF,0x01,0xFC,0xFD,0x24,0x11,0x24,0x11,0xFC,0x11,
  0x24,0x11,0x24,0x7D,0xFC,0x10,0x20,0x10,0x20,0x11,0xFC,0x10,0x20,0x1C,0x20,0xE0,
  0x20,0x43,0xFE};
const u8g_fntpgm_uint8_t fontpage_234_159_159[53] U8G_FONT_SECTION("fontpage_234_159_159") = {
  0x00,0x10,0x13,0x00,0xFC,0x00,0x00,0x00,0x00,0x00,0x9F,0x9F,0x00,0x0E,0xFF,0x00,
  0x00,0x0F,0x0F,0x1E,0x10,0x00,0xFF,0x01,0x00,0x11,0x00,0x11,0x00,0x11,0x00,0x3F,
  0xFC,0x21,0x00,0x41,0x00,0x81,0x00,0x01,0x00,0x3F,0xF8,0x01,0x00,0x01,0x00,0x01,
  0x00,0x01,0x00,0xFF,0xFE};
const u8g_fntpgm_uint8_t fontpage_234_168_168[53] U8G_FONT_SECTION("fontpage_234_168_168") = {
  0x00,0x10,0x13,0x00,0xFC,0x00,0x00,0x00,0x00,0x00,0xA8,0xA8,0x00,0x0D,0xFE,0x00,
  0x00,0x0D,0x0F,0x1E,0x10,0x00,0xFE,0x3F,0xF8,0x21,0x08,0x21,0x08,0x21,0x08,0x3F,
  0xF8,0x21,0x08,0x21,0x08,0x21,0x08,0x3F,0xF8,0x21,0x08,0x21,0x08,0x21,0x08,0x41,
  0x08,0x41,0x28,0x80,0x10};
const u8g_fntpgm_uint8_t fontpage_234_181_181[55] U8G_FONT_SECTION("fontpage_234_181_181") = {
  0x00,0x10,0x13,0x00,0xFC,0x00,0x00,0x00,0x00,0x00,0xB5,0xB5,0x00,0x0E,0xFE,0x00,
  0x00,0x0D,0x10,0x20,0x10,0x02,0xFE,0x04,0x00,0x04,0x00,0x04,0x00,0xFF,0xE0,0x84,
  0x20,0x84,0x20,0x84,0x20,0xFF,0xE0,0x84,0x20,0x84,0x20,0x84,0x20,0xFF,0xE0,0x84,
  0x28,0x04,0x08,0x04,0x08,0x03,0xF8};
const u8g_fntpgm_uint8_t fontpage_234_204_204[53] U8G_FONT_SECTION("fontpage_234_204_204") = {
  0x00,0x10,0x13,0x00,0xFC,0x00,0x00,0x00,0x00,0x00,0xCC,0xCC,0x00,0x0D,0xFE,0x00,
  0x00,0x0F,0x0F,0x1E,0x10,0x00,0xFE,0x1F,0xF0,0x11,0x10,0x11,0x10,0x1F,0xF0,0x11,
  0x10,0x11,0x10,0x1F,0xF0,0x02,0x80,0x0C,0x60,0x34,0x58,0xC4,0x46,0x04,0x40,0x08,
  0x40,0x08,0x40,0x10,0x40};
const u8g_fntpgm_uint8_t fontpage_234_229_229[55] U8G_FONT_SECTION("fontpage_234_229_229") = {
  0x00,0x10,0x13,0x00,0xFC,0x00,0x00,0x00,0x00,0x00,0xE5,0xE5,0x00,0x0E,0xFE,0x00,
  0x00,0x0F,0x10,0x20,0x10,0x00,0xFE,0x00,0x80,0x00,0x80,0xF8,0xF8,0xA9,0x08,0xAB,
  0x10,0xAC,0xA0,0xF8,0x40,0xA8,0xA0,0xA9,0x18,0xAA,0x06,0xAD,0xF8,0xF9,0x08,0x89,
  0x08,0x01,0x08,0x01,0xF8,0x01,0x08};
const u8g_fntpgm_uint8_t fontpage_236_251_251[53] U8G_FONT_SECTION("fontpage_236_251_251") = {
  0x00,0x10,0x13,0x00,0xFC,0x00,0x00,0x00,0x00,0x00,0xFB,0xFB,0x00,0x0E,0xFF,0x00,
  0x00,0x0F,0x0F,0x1E,0x10,0x00,0xFF,0x00,0x80,0x3E,0x90,0x02,0xA4,0x24,0x48,0x14,
  0x50,0x08,0x20,0x17,0xD0,0x20,0x08,0xDF,0xF6,0x10,0x10,0x10,0x10,0x1F,0xF0,0x08,
  0x20,0x04,0x40,0x7F,0xFC};
const u8g_fntpgm_uint8_t fontpage_236_253_254[91] U8G_FONT_SECTION("fontpage_236_253_254") = {
  0x00,0x10,0x13,0x00,0xFC,0x00,0x00,0x00,0x00,0x00,0xFD,0xFE,0x00,0x0E,0xFE,0x00,
  0x00,0x0B,0x10,0x20,0x10,0x02,0xFE,0x04,0x00,0x08,0x00,0x10,0x00,0xFF,0xE0,0x80,
  0x20,0x80,0x20,0x80,0x20,0x80,0x20,0xFF,0xE0,0x80,0x20,0x80,0x20,0x80,0x20,0x80,
  0x20,0x80,0x20,0xFF,0xE0,0x80,0x20,0x0F,0x0F,0x1E,0x10,0x00,0xFE,0xFF,0xFE,0x01,
  0x00,0x02,0x00,0x04,0x00,0x3F,0xF8,0x20,0x08,0x20,0x08,0x20,0x08,0x3F,0xF8,0x20,
  0x08,0x20,0x08,0x20,0x08,0x20,0x08,0x3F,0xF8,0x20,0x08};
const u8g_fntpgm_uint8_t fontpage_237_132_132[55] U8G_FONT_SECTION("fontpage_237_132_132") = {
  0x00,0x10,0x13,0x00,0xFC,0x00,0x00,0x00,0x00,0x00,0x84,0x84,0x00,0x0E,0xFE,0x00,
  0x00,0x0D,0x10,0x20,0x10,0x01,0xFE,0x20,0x80,0x20,0x80,0x40,0x80,0xFC,0xF8,0x85,
  0x08,0x85,0x08,0x86,0x08,0x84,0x88,0xFC,0x48,0x84,0x48,0x84,0x08,0x84,0x08,0x84,
  0x08,0xFC,0x08,0x84,0x50,0x00,0x20};
const u8g_fntpgm_uint8_t fontpage_237_174_174[55] U8G_FONT_SECTION("fontpage_237_174_174") = {
  0x00,0x10,0x13,0x00,0xFC,0x00,0x00,0x00,0x00,0x00,0xAE,0xAE,0x00,0x0E,0xFE,0x00,
  0x00,0x0F,0x10,0x20,0x10,0x00,0xFE,0x00,0x80,0x00,0x80,0x00,0x80,0x3F,0xFC,0x20,
  0x84,0x20,0x88,0x20,0x80,0x2F,0xF0,0x24,0x10,0x24,0x10,0x22,0x20,0x21,0x40,0x20,
  0x80,0x41,0x40,0x46,0x30,0x98,0x0E};
const u8g_fntpgm_uint8_t fontpage_237_209_209[53] U8G_FONT_SECTION("fontpage_237_209_209") = {
  0x00,0x10,0x13,0x00,0xFC,0x00,0x00,0x00,0x00,0x00,0xD1,0xD1,0x00,0x0E,0xFF,0x00,
  0x00,0x0F,0x0F,0x1E,0x10,0x00,0xFF,0x04,0x40,0x24,0x40,0x24,0x7C,0x24,0x40,0x24,
  0x90,0x24,0x88,0x25,0x08,0x04,0x00,0x00,0x00,0x3F,0xF8,0x24,0x48,0x24,0x48,0x24,
  0x48,0x24,0x48,0xFF,0xFE};
const u8g_fntpgm_uint8_t fontpage_237_216_216[53] U8G_FONT_SECTION("fontpage_237_216_216") = {
  0x00,0x10,0x13,0x00,0xFC,0x00,0x00,0x00,0x00,0x00,0xD8,0xD8,0x00,0x0E,0xFF,0x00,
  0x00,0x0F,0x0F,0x1E,0x10,0x00,0xFF,0x02,0x00,0x04,0x00,0x1F,0xF0,0x11,0x10,0x10,
  0x90,0xFF,0xFE,0x10,0x10,0x12,0x10,0x21,0x50,0x40,0x20,0x3F,0xF8,0x24,0x48,0x24,
  0x48,0x24,0x48,0xFF,0xFE};
const u8g_fntpgm_uint8_t fontpage_237_244_244[53] U8G_FONT_SECTION("fontpage_237_244_244") = {
  0x00,0x10,0x13,0x00,0xFC,0x00,0x00,0x00,0x00,0x00,0xF4,0xF4,0x00,0x0E,0xFF,0x00,
  0x00,0x0F,0x0F,0x1E,0x10,0x00,0xFF,0x01,0x00,0x01,0x00,0x7F,0xFC,0x01,0x00,0x1F,
  0xF0,0x10,0x10,0x10,0x10,0x1F,0xF0,0x10,0x10,0x1F,0xF0,0x10,0x10,0x1F,0xF0,0x10,
  0x10,0x10,0x10,0xFF,0xFE};
const u8g_fntpgm_uint8_t fontpage_238_129_129[55] U8G_FONT_SECTION("fontpage_238_129_129") = {
  0x00,0x10,0x13,0x00,0xFC,0x00,0x00,0x00,0x00,0x00,0x81,0x81,0x00,0x0E,0xFE,0x00,
  0x00,0x0E,0x10,0x20,0x10,0x00,0xFE,0x01,0x00,0x11,0x10,0x11,0x08,0x21,0x24,0x40,
  0xC0,0x03,0x00,0x0C,0x00,0x3F,0xF8,0xD0,0x08,0x1F,0xF8,0x10,0x08,0x1F,0xF8,0x10,
  0x08,0x10,0x08,0x1F,0xF8,0x10,0x08};
const u8g_fntpgm_uint8_t fontpage_238_139_139[55] U8G_FONT_SECTION("fontpage_238_139_139") = {
  0x00,0x10,0x13,0x00,0xFC,0x00,0x00,0x00,0x00,0x00,0x8B,0x8B,0x00,0x0E,0xFE,0x00,
  0x00,0x0F,0x10,0x20,0x10,0x00,0xFE,0x00,0xF8,0x7F,0x00,0x01,0x00,0x3F,0xF8,0x02,
  0x00,0xFF,0xFE,0x04,0x00,0x08,0x00,0x1F,0xF0,0x28,0x10,0x4F,0xF0,0x88,0x10,0x0F,
  0xF0,0x08,0x10,0x0F,0xF0,0x08,0x10};
const u8g_fntpgm_uint8_t fontpage_238_160_160[53] U8G_FONT_SECTION("fontpage_238_160_160") = {
  0x00,0x10,0x13,0x00,0xFC,0x00,0x00,0x00,0x00,0x00,0xA0,0xA0,0x00,0x0D,0xFE,0x00,
  0x00,0x0E,0x0F,0x1E,0x10,0x01,0xFE,0x03,0xF8,0xFA,0x08,0x8A,0x08,0x8A,0x08,0xFB,
  0xF8,0x8A,0x40,0x8A,0x40,0xFB,0xFC,0x8A,0x40,0x8A,0x40,0x8A,0x20,0xFA,0x24,0x8A,
  0x94,0x03,0x0C,0x02,0x04};
const u8g_fntpgm_uint8_t fontpage_239_229_229[55] U8G_FONT_SECTION("fontpage_239_229_229") = {
  0x00,0x10,0x13,0x00,0xFC,0x00,0x00,0x00,0x00,0x00,0xE5,0xE5,0x00,0x0E,0xFE,0x00,
  0x00,0x0E,0x10,0x20,0x10,0x00,0xFE,0x20,0x00,0x20,0x00,0x20,0x7C,0x7E,0x44,0x48,
  0x44,0x88,0x44,0x08,0x44,0x08,0x44,0xFF,0x44,0x08,0x44,0x14,0x44,0x14,0x44,0x22,
  0x7C,0x22,0x44,0x42,0x00,0x80,0x00};
const u8g_fntpgm_uint8_t fontpage_239_237_237[55] U8G_FONT_SECTION("fontpage_239_237_237") = {
  0x00,0x10,0x13,0x00,0xFC,0x00,0x00,0x00,0x00,0x00,0xED,0xED,0x00,0x0E,0xFE,0x00,
  0x00,0x0F,0x10,0x20,0x10,0x00,0xFE,0x20,0x00,0x21,0xFE,0x3C,0x00,0x50,0x00,0x90,
  0xFC,0x10,0x84,0x10,0x84,0xFE,0x84,0x10,0xFC,0x10,0x00,0x10,0x84,0x28,0x44,0x24,
  0x48,0x44,0x00,0x41,0xFE,0x80,0x00};
const u8g_fntpgm_uint8_t fontpage_240_129_129[53] U8G_FONT_SECTION("fontpage_240_129_129") = {
  0x00,0x10,0x13,0x00,0xFC,0x00,0x00,0x00,0x00,0x00,0x81,0x81,0x00,0x0D,0xFE,0x00,
  0x00,0x0F,0x0F,0x1E,0x10,0x00,0xFE,0x01,0xF8,0xFC,0x08,0x10,0x08,0x10,0x88,0x20,
  0x88,0x3C,0x88,0x64,0xFE,0x64,0x02,0xA4,0x02,0x24,0x02,0x25,0xFA,0x3C,0x02,0x24,
  0x02,0x20,0x14,0x00,0x08};
const u8g_fntpgm_uint8_t fontpage_240_192_192[55] U8G_FONT_SECTION("fontpage_240_192_192") = {
  0x00,0x10,0x13,0x00,0xFC,0x00,0x00,0x00,0x00,0x00,0xC0,0xC0,0x00,0x0E,0xFE,0x00,
  0x00,0x0E,0x10,0x20,0x10,0x00,0xFE,0x00,0x20,0x00,0x20,0xFD,0x24,0x11,0x24,0x11,
  0x24,0x21,0x24,0x3D,0xFC,0x64,0x20,0x64,0x20,0xA5,0x24,0x25,0x24,0x25,0x24,0x3D,
  0x24,0x25,0x24,0x21,0xFC,0x00,0x04};
const u8g_fntpgm_uint8_t fontpage_240_236_236[53] U8G_FONT_SECTION("fontpage_240_236_236") = {
  0x00,0x10,0x13,0x00,0xFC,0x00,0x00,0x00,0x00,0x00,0xEC,0xEC,0x00,0x0D,0xFE,0x00,
  0x00,0x0F,0x0F,0x1E,0x10,0x00,0xFE,0x01,0xFE,0xFC,0x20,0x10,0x20,0x11,0xFC,0x21,
  0x24,0x3D,0x24,0x65,0xFC,0x65,0x24,0xA5,0x24,0x25,0xFC,0x25,0x20,0x3C,0xA0,0x24,
  0x40,0x20,0xB0,0x03,0x0E};
const u8g_fntpgm_uint8_t fontpage_240_238_238[55] U8G_FONT_SECTION("fontpage_240_238_238") = {
  0x00,0x10,0x13,0x00,0xFC,0x00,0x00,0x00,0x00,0x00,0xEE,0xEE,0x00,0x0E,0xFE,0x00,
  0x00,0x0F,0x10,0x20,0x10,0x00,0xFE,0x00,0x40,0x00,0x40,0xFC,0x7C,0x10,0x84,0x11,
  0x08,0x22,0xFE,0x3C,0x92,0x64,0x92,0x64,0xFE,0xA4,0x92,0x24,0x92,0x24,0xFE,0x3C,
  0x92,0x25,0x12,0x21,0x0A,0x02,0x04};
const u8g_fntpgm_uint8_t fontpage_241_232_232[55] U8G_FONT_SECTION("fontpage_241_232_232") = {
  0x00,0x10,0x13,0x00,0xFC,0x00,0x00,0x00,0x00,0x00,0xE8,0xE8,0x00,0x0E,0xFE,0x00,
  0x00,0x0F,0x10,0x20,0x10,0x00,0xFE,0x00,0x80,0x3F,0xFE,0x22,0x10,0x2F,0x7C,0x22,
  0x10,0x27,0x38,0x2A,0xD4,0x22,0x10,0x2F,0xFC,0x21,0x00,0x22,0x00,0x27,0xF8,0x4A,
  0x08,0x52,0x08,0x83,0xF8,0x02,0x08};
const u8g_fntpgm_uint8_t fontpage_242_186_186[53] U8G_FONT_SECTION("fontpage_242_186_186") = {
  0x00,0x10,0x13,0x00,0xFC,0x00,0x00,0x00,0x00,0x00,0xBA,0xBA,0x00,0x0D,0xFE,0x00,
  0x00,0x0F,0x0F,0x1E,0x10,0x00,0xFE,0x3F,0xF8,0x00,0x00,0x00,0x00,0x00,0x00,0x00,
  0x00,0xFF,0xFE,0x01,0x00,0x01,0x00,0x11,0x10,0x11,0x08,0x21,0x04,0x41,0x02,0x81,
  0x02,0x05,0x00,0x02,0x00};
const u8g_fntpgm_uint8_t fontpage_243_129_129[55] U8G_FONT_SECTION("fontpage_243_129_129") = {
  0x00,0x10,0x13,0x00,0xFC,0x00,0x00,0x00,0x00,0x00,0x81,0x81,0x00,0x0E,0xFE,0x00,
  0x00,0x0F,0x10,0x20,0x10,0x00,0xFE,0x08,0x20,0x08,0x20,0x7E,0xFC,0x08,0x20,0x1C,
  0x70,0x2A,0xA8,0xC8,0x26,0x00,0x00,0x3F,0xF8,0x00,0x00,0x00,0x00,0xFF,0xFE,0x01,
  0x00,0x11,0x10,0x25,0x08,0x42,0x04};
const u8g_fntpgm_uint8_t fontpage_243_187_187[55] U8G_FONT_SECTION("fontpage_243_187_187") = {
  0x00,0x10,0x13,0x00,0xFC,0x00,0x00,0x00,0x00,0x00,0xBB,0xBB,0x00,0x0E,0xFE,0x00,
  0x00,0x0F,0x10,0x20,0x10,0x00,0xFE,0x02,0x00,0x01,0x00,0xFF,0xFE,0x00,0x00,0x14,
  0x50,0x13,0x90,0x14,0x50,0x1F,0xF0,0x01,0x00,0x7F,0xFC,0x42,0x04,0x44,0x44,0x4F,
  0xE4,0x44,0x24,0x40,0x14,0x40,0x08};
const u8g_fntpgm_uint8_t fontpage_243_210_210[55] U8G_FONT_SECTION("fontpage_243_210_210") = {
  0x00,0x10,0x13,0x00,0xFC,0x00,0x00,0x00,0x00,0x00,0xD2,0xD2,0x00,0x0E,0xFE,0x00,
  0x00,0x0F,0x10,0x20,0x10,0x00,0xFE,0x08,0x20,0x1C,0x20,0xF0,0x20,0x10,0xA8,0x10,
  0xA4,0xFC,0xA2,0x11,0x22,0x31,0x20,0x3A,0x24,0x54,0x24,0x54,0x28,0x90,0x08,0x10,
  0x10,0x10,0x20,0x10,0xC0,0x13,0x00};
const u8g_fntpgm_uint8_t fontpage_243_240_240[55] U8G_FONT_SECTION("fontpage_243_240_240") = {
  0x00,0x10,0x13,0x00,0xFC,0x00,0x00,0x00,0x00,0x00,0xF0,0xF0,0x00,0x0E,0xFE,0x00,
  0x00,0x0F,0x10,0x20,0x10,0x00,0xFE,0x08,0x80,0x1C,0x80,0xF0,0x80,0x10,0xFE,0x11,
  0x02,0xFD,0x04,0x12,0x20,0x30,0x20,0x38,0xA8,0x54,0xA4,0x51,0x24,0x91,0x22,0x12,
  0x22,0x10,0x20,0x10,0xA0,0x10,0x40};
const u8g_fntpgm_uint8_t fontpage_243_251_251[55] U8G_FONT_SECTION("fontpage_243_251_251") = {
  0x00,0x10,0x13,0x00,0xFC,0x00,0x00,0x00,0x00,0x00,0xFB,0xFB,0x00,0x0E,0xFE,0x00,
  0x00,0x0F,0x10,0x20,0x10,0x00,0xFE,0x08,0x20,0x1C,0x20,0xF0,0x7C,0x10,0x84,0x11,
  0x48,0xFC,0x30,0x10,0x20,0x30,0x48,0x39,0x90,0x54,0x3E,0x54,0x42,0x91,0xA4,0x10,
  0x18,0x10,0x10,0x10,0x60,0x11,0x80};
const u8g_fntpgm_uint8_t fontpage_244_250_250[53] U8G_FONT_SECTION("fontpage_244_250_250") = {
  0x00,0x10,0x13,0x00,0xFC,0x00,0x00,0x00,0x00,0x00,0xFA,0xFA,0x00,0x0E,0xFF,0x00,
  0x00,0x0F,0x0F,0x1E,0x10,0x00,0xFF,0x02,0x00,0x01,0x00,0x7F,0xFE,0x40,0x02,0x88,
  0x24,0x10,0x10,0x20,0x08,0x00,0x00,0x1F,0xF0,0x01,0x00,0x01,0x00,0x01,0x00,0x01,
  0x00,0x01,0x00,0x7F,0xFC};
const u8g_fntpgm_uint8_t fontpage_245_239_239[55] U8G_FONT_SECTION("fontpage_245_239_239") = {
  0x00,0x10,0x13,0x00,0xFC,0x00,0x00,0x00,0x00,0x00,0xEF,0xEF,0x00,0x0E,0xFE,0x00,
  0x00,0x0F,0x10,0x20,0x10,0x00,0xFE,0x20,0x20,0x11,0x24,0x11,0x24,0xFD,0x24,0x01,
  0xFC,0x08,0x00,0x8B,0xFE,0x88,0x20,0x48,0x40,0x49,0xFC,0x51,0x54,0x51,0x54,0x1D,
  0x54,0xE1,0x54,0x41,0x54,0x01,0x0C};
const u8g_fntpgm_uint8_t fontpage_246_148_148[55] U8G_FONT_SECTION("fontpage_246_148_148") = {
  0x00,0x10,0x13,0x00,0xFC,0x00,0x00,0x00,0x00,0x00,0x94,0x94,0x00,0x0E,0xFE,0x00,
  0x00,0x0F,0x10,0x20,0x10,0x00,0xFE,0x10,0x40,0x10,0x40,0x3F,0x7E,0x48,0x90,0x85,
  0x08,0x00,0xF8,0x3F,0x00,0x01,0x00,0x01,0xF8,0x3F,0x00,0x01,0x00,0x01,0xFC,0x7F,
  0x02,0x01,0x02,0x01,0x02,0x00,0xFE};
const u8g_fntpgm_uint8_t fontpage_246_172_172[55] U8G_FONT_SECTION("fontpage_246_172_172") = {
  0x00,0x10,0x13,0x00,0xFC,0x00,0x00,0x00,0x00,0x00,0xAC,0xAC,0x00,0x0E,0xFE,0x00,
  0x00,0x0F,0x10,0x20,0x10,0x00,0xFE,0x20,0x40,0x3F,0x7E,0x48,0x90,0x85,0x08,0x3F,
  0xF8,0x01,0x08,0x01,0x08,0x3F,0xF8,0x21,0x00,0x21,0x00,0x3F,0xFC,0x03,0x04,0x05,
  0x04,0x19,0x28,0xE1,0x10,0x01,0x00};
const u8g_fntpgm_uint8_t fontpage_246_201_201[55] U8G_FONT_SECTION("fontpage_246_201_201") = {
  0x00,0x10,0x13,0x00,0xFC,0x00,0x00,0x00,0x00,0x00,0xC9,0xC9,0x00,0x0E,0xFE,0x00,
  0x00,0x0F,0x10,0x20,0x10,0x00,0xFE,0x20,0x40,0x3F,0x7E,0x48,0x90,0x85,0x08,0x01,
  0x00,0x3F,0xF8,0x01,0x00,0x01,0x00,0xFF,0xFE,0x00,0x00,0x00,0x20,0x7F,0xFC,0x08,
  0x20,0x04,0x20,0x04,0xA0,0x00,0x40};
const u8g_fntpgm_uint8_t fontpage_247_151_151[55] U8G_FONT_SECTION("fontpage_247_151_151") = {
  0x00,0x10,0x13,0x00,0xFC,0x00,0x00,0x00,0x00,0x00,0x97,0x97,0x00,0x0E,0xFE,0x00,
  0x00,0x0F,0x10,0x20,0x10,0x00,0xFE,0x20,0x40,0x3E,0x7E,0x48,0x90,0x80,0x00,0x3F,
  0xF8,0x20,0x08,0x3F,0xF8,0x20,0x08,0x3F,0xF8,0x20,0x08,0x3F,0xF8,0x08,0x20,0xFF,
  0xFE,0x08,0x20,0x10,0x20,0x20,0x20};
const u8g_fntpgm_uint8_t fontpage_247_161_161[55] U8G_FONT_SECTION("fontpage_247_161_161") = {
  0x00,0x10,0x13,0x00,0xFC,0x00,0x00,0x00,0x00,0x00,0xA1,0xA1,0x00,0x0E,0xFE,0x00,
  0x00,0x0F,0x10,0x20,0x10,0x00,0xFE,0x20,0x40,0x3F,0x7E,0x48,0x90,0x85,0x08,0x01,
  0x00,0x7F,0xFE,0x40,0x02,0x9F,0xE4,0x10,0x20,0x1F,0xE0,0x10,0x00,0x1F,0xF0,0x10,
  0x10,0x10,0x10,0x1F,0xF0,0x10,0x10};
const u8g_fntpgm_uint8_t fontpage_247_177_177[55] U8G_FONT_SECTION("fontpage_247_177_177") = {
  0x00,0x10,0x13,0x00,0xFC,0x00,0x00,0x00,0x00,0x00,0xB1,0xB1,0x00,0x0E,0xFE,0x00,
  0x00,0x0F,0x10,0x20,0x10,0x00,0xFE,0x10,0x40,0x10,0x40,0x3F,0x7E,0x28,0x90,0x45,
  0x08,0x88,0x00,0x08,0xFC,0x7E,0x84,0x08,0x84,0x18,0xFC,0x1C,0x84,0x2A,0x84,0x2A,
  0xFC,0x48,0x84,0x88,0x84,0x08,0xFC};
const u8g_fntpgm_uint8_t fontpage_248_251_251[55] U8G_FONT_SECTION("fontpage_248_251_251") = {
  0x00,0x10,0x13,0x00,0xFC,0x00,0x00,0x00,0x00,0x00,0xFB,0xFB,0x00,0x0E,0xFE,0x00,
  0x00,0x0F,0x10,0x20,0x10,0x00,0xFE,0x01,0x00,0x11,0x10,0x09,0x20,0x01,0x00,0x7F,
  0xFC,0x05,0x40,0x09,0x20,0x11,0x10,0x60,0x08,0x01,0x00,0xFF,0xFE,0x02,0x80,0x04,
  0x40,0x08,0x20,0x30,0x18,0xC0,0x06};
const u8g_fntpgm_uint8_t fontpage_249_190_190[55] U8G_FONT_SECTION("fontpage_249_190_190") = {
  0x00,0x10,0x13,0x00,0xFC,0x00,0x00,0x00,0x00,0x00,0xBE,0xBE,0x00,0x0E,0xFE,0x00,
  0x00,0x0F,0x10,0x20,0x10,0x00,0xFE,0x10,0x20,0x10,0x20,0x95,0xFE,0x54,0x20,0x58,
  0xFC,0x10,0x20,0xFD,0xFE,0x30,0x00,0x38,0xFC,0x54,0x84,0x54,0xFC,0x90,0x84,0x10,
  0xFC,0x10,0x84,0x10,0x94,0x10,0x88};
const u8g_fntpgm_uint8_t fontpage_249_251_251[55] U8G_FONT_SECTION("fontpage_249_251_251") = {
  0x00,0x10,0x13,0x00,0xFC,0x00,0x00,0x00,0x00,0x00,0xFB,0xFB,0x00,0x0E,0xFE,0x00,
  0x00,0x0D,0x10,0x20,0x10,0x01,0xFE,0x01,0xF0,0x7E,0x00,0x08,0x00,0x10,0x40,0x20,
  0x80,0x7F,0x00,0x02,0x00,0x0C,0x20,0x30,0x10,0xFF,0xF8,0x02,0x08,0x12,0x40,0x22,
  0x20,0x42,0x10,0x8A,0x08,0x04,0x00};
const u8g_fntpgm_uint8_t fontpage_250_162_162[55] U8G_FONT_SECTION("fontpage_250_162_162") = {
  0x00,0x10,0x13,0x00,0xFC,0x00,0x00,0x00,0x00,0x00,0xA2,0xA2,0x00,0x0E,0xFE,0x00,
  0x00,0x0F,0x10,0x20,0x10,0x00,0xFE,0x01,0x00,0x01,0x00,0x3F,0xF8,0x01,0x00,0x01,
  0x00,0x7F,0xFE,0x42,0x02,0x84,0x24,0x1F,0xC0,0x01,0x80,0x06,0x10,0x3F,0xF8,0x01,
  0x08,0x11,0x20,0x25,0x10,0x42,0x08};
const u8g_fntpgm_uint8_t fontpage_250_167_167[55] U8G_FONT_SECTION("fontpage_250_167_167") = {
  0x00,0x10,0x13,0x00,0xFC,0x00,0x00,0x00,0x00,0x00,0xA7,0xA7,0x00,0x0E,0xFE,0x00,
  0x00,0x0D,0x10,0x20,0x10,0x01,0xFE,0x08,0x00,0x4B,0xF8,0x49,0x10,0x48,0xA0,0x48,
  0x40,0x48,0xA0,0x05,0x18,0x08,0x40,0x3F,0x80,0x03,0x00,0x0C,0x20,0x7F,0xF0,0x02,
  0x10,0x22,0x40,0x4A,0x20,0x84,0x10};
const u8g_fntpgm_uint8_t fontpage_250_171_171[55] U8G_FONT_SECTION("fontpage_250_171_171") = {
  0x00,0x10,0x13,0x00,0xFC,0x00,0x00,0x00,0x00,0x00,0xAB,0xAB,0x00,0x0E,0xFE,0x00,
  0x00,0x0E,0x10,0x20,0x10,0x00,0xFE,0x08,0x80,0x28,0x88,0x2E,0xF0,0x28,0x84,0x2E,
  0x84,0xF0,0x7C,0x02,0x00,0x04,0x20,0x1F,0xC0,0x01,0x80,0x06,0x10,0x3F,0xF8,0x01,
  0x08,0x11,0x20,0x25,0x10,0x42,0x08};
const u8g_fntpgm_uint8_t fontpage_253_162_162[53] U8G_FONT_SECTION("fontpage_253_162_162") = {
  0x00,0x10,0x13,0x00,0xFC,0x00,0x00,0x00,0x00,0x00,0xA2,0xA2,0x00,0x0E,0xFF,0x00,
  0x00,0x0F,0x0F,0x1E,0x10,0x00,0xFF,0x10,0x00,0x10,0x00,0x21,0xFC,0x24,0x20,0x44,
  0x20,0xF8,0x20,0x10,0x20,0x20,0x20,0x40,0x20,0xFC,0x20,0x40,0x20,0x00,0x20,0x1C,
  0x20,0xE0,0x20,0x43,0xFE};
const u8g_fntpgm_uint8_t fontpage_253_167_167[55] U8G_FONT_SECTION("fontpage_253_167_167") = {
  0x00,0x10,0x13,0x00,0xFC,0x00,0x00,0x00,0x00,0x00,0xA7,0xA7,0x00,0x0E,0xFE,0x00,
  0x00,0x0F,0x10,0x20,0x10,0x00,0xFE,0x10,0x00,0x13,0xFC,0x20,0x84,0x20,0x88,0x48,
  0x88,0xF8,0x90,0x10,0x9C,0x20,0x84,0x41,0x44,0xF9,0x44,0x41,0x28,0x01,0x28,0x1A,
  0x10,0xE2,0x28,0x44,0x44,0x01,0x82};
const u8g_fntpgm_uint8_t fontpage_253_191_191[55] U8G_FONT_SECTION("fontpage_253_191_191") = {
  0x00,0x10,0x13,0x00,0xFC,0x00,0x00,0x00,0x00,0x00,0xBF,0xBF,0x00,0x0E,0xFE,0x00,
  0x00,0x0F,0x10,0x20,0x10,0x00,0xFE,0x10,0x50,0x10,0x48,0x20,0x40,0x24,0x5C,0x45,
  0xE0,0xF8,0x40,0x10,0x5E,0x23,0xE0,0x40,0x44,0xFC,0x48,0x40,0x30,0x00,0x22,0x1C,
  0x52,0xE0,0x8A,0x43,0x06,0x00,0x02};
const u8g_fntpgm_uint8_t fontpage_253_198_198[55] U8G_FONT_SECTION("fontpage_253_198_198") = {
  0x00,0x10,0x13,0x00,0xFC,0x00,0x00,0x00,0x00,0x00,0xC6,0xC6,0x00,0x0E,0xFE,0x00,
  0x00,0x0E,0x10,0x20,0x10,0x00,0xFE,0x10,0x00,0x10,0x00,0x21,0xFC,0x25,0x24,0x45,
  0x24,0xF9,0x24,0x11,0x24,0x21,0x24,0x41,0xFC,0xFD,0x24,0x41,0x24,0x01,0x24,0x1D,
  0x24,0xE1,0x24,0x41,0xFC,0x01,0x04};
const u8g_fntpgm_uint8_t fontpage_253_200_200[55] U8G_FONT_SECTION("fontpage_253_200_200") = {
  0x00,0x10,0x13,0x00,0xFC,0x00,0x00,0x00,0x00,0x00,0xC8,0xC8,0x00,0x0E,0xFE,0x00,
  0x00,0x0F,0x10,0x20,0x10,0x00,0xFE,0x10,0x80,0x10,0x80,0x20,0xF8,0x21,0x08,0x4B,
  0x10,0xFC,0xA0,0x10,0x40,0x20,0xA0,0x43,0x18,0xFC,0x06,0x40,0xC0,0x00,0x20,0x18,
  0x10,0xE1,0x80,0x40,0x60,0x00,0x10};
const u8g_fntpgm_uint8_t fontpage_253_211_211[55] U8G_FONT_SECTION("fontpage_253_211_211") = {
  0x00,0x10,0x13,0x00,0xFC,0x00,0x00,0x00,0x00,0x00,0xD3,0xD3,0x00,0x0E,0xFE,0x00,
  0x00,0x0F,0x10,0x20,0x10,0x00,0xFE,0x10,0x20,0x10,0x20,0x20,0x20,0x27,0xFE,0x44,
  0x20,0xF8,0x20,0x11,0xFC,0x20,0x00,0x40,0x00,0xFD,0xFC,0x41,0x04,0x01,0x04,0x1D,
  0x04,0xE1,0x04,0x41,0xFC,0x01,0x04};
const u8g_fntpgm_uint8_t fontpage_253_216_217[93] U8G_FONT_SECTION("fontpage_253_216_217") = {
  0x00,0x10,0x13,0x00,0xFC,0x00,0x00,0x00,0x00,0x00,0xD8,0xD9,0x00,0x0E,0xFE,0x00,
  0x00,0x0F,0x10,0x20,0x10,0x00,0xFE,0x10,0x40,0x10,0x40,0x20,0xA0,0x21,0x10,0x4A,
  0x08,0xF4,0x06,0x11,0xF0,0x20,0x00,0x40,0x00,0xFB,0xFC,0x40,0x40,0x00,0x80,0x19,
  0x10,0xE2,0x08,0x47,0xFC,0x02,0x04,0x0F,0x10,0x20,0x10,0x00,0xFE,0x10,0x40,0x10,
  0x40,0x20,0xA0,0x21,0x10,0x4A,0x08,0xF4,0x06,0x13,0xF8,0x20,0x00,0x40,0x00,0xFB,
  0xF8,0x42,0x08,0x02,0x08,0x1A,0x08,0xE2,0x08,0x43,0xF8,0x02,0x08};
const u8g_fntpgm_uint8_t fontpage_253_223_223[55] U8G_FONT_SECTION("fontpage_253_223_223") = {
  0x00,0x10,0x13,0x00,0xFC,0x00,0x00,0x00,0x00,0x00,0xDF,0xDF,0x00,0x0E,0xFE,0x00,
  0x00,0x0F,0x10,0x20,0x10,0x00,0xFE,0x10,0x40,0x10,0x20,0x20,0x20,0x23,0xFE,0x48,
  0x40,0xF8,0x88,0x11,0x04,0x23,0xFE,0x40,0x92,0xF8,0x90,0x40,0x90,0x00,0x90,0x19,
  0x12,0xE1,0x12,0x42,0x0E,0x04,0x00};
const u8g_fntpgm_uint8_t fontpage_253_231_231[53] U8G_FONT_SECTION("fontpage_253_231_231") = {
  0x00,0x10,0x13,0x00,0xFC,0x00,0x00,0x00,0x00,0x00,0xE7,0xE7,0x00,0x0E,0xFF,0x00,
  0x00,0x0F,0x0F,0x1E,0x10,0x00,0xFF,0x10,0x20,0x12,0x20,0x22,0x20,0x23,0x24,0x4A,
  0xA8,0xF2,0x20,0x13,0xFC,0x22,0x20,0x42,0x70,0xFA,0xA8,0x43,0x24,0x02,0x20,0x1A,
  0x20,0xE2,0x20,0x43,0xFE};
const u8g_fntpgm_uint8_t fontpage_253_234_234[55] U8G_FONT_SECTION("fontpage_253_234_234") = {
  0x00,0x10,0x13,0x00,0xFC,0x00,0x00,0x00,0x00,0x00,0xEA,0xEA,0x00,0x0E,0xFE,0x00,
  0x00,0x0F,0x10,0x20,0x10,0x00,0xFE,0x10,0x40,0x10,0x44,0x23,0xF4,0x20,0x48,0x48,
  0x50,0xF7,0xFE,0x10,0x40,0x20,0x80,0x41,0xF8,0xFB,0x08,0x45,0x08,0x01,0xF8,0x19,
  0x08,0xE1,0x08,0x41,0xF8,0x01,0x08};
const u8g_fntpgm_uint8_t fontpage_253_237_237[55] U8G_FONT_SECTION("fontpage_253_237_237") = {
  0x00,0x10,0x13,0x00,0xFC,0x00,0x00,0x00,0x00,0x00,0xED,0xED,0x00,0x0E,0xFE,0x00,
  0x00,0x0F,0x10,0x20,0x10,0x00,0xFE,0x10,0x20,0x10,0x20,0x21,0xFC,0x24,0x20,0x44,
  0x20,0xFB,0xFE,0x10,0x02,0x20,0x94,0x40,0x50,0xFD,0x10,0x40,0x90,0x03,0xFE,0x1C,
  0x28,0xE0,0x44,0x40,0x82,0x03,0x02};
const u8g_fntpgm_uint8_t fontpage_253_255_255[55] U8G_FONT_SECTION("fontpage_253_255_255") = {
  0x00,0x10,0x13,0x00,0xFC,0x00,0x00,0x00,0x00,0x00,0xFF,0xFF,0x00,0x0E,0xFE,0x00,
  0x00,0x0F,0x10,0x20,0x10,0x00,0xFE,0x10,0x00,0x11,0xF8,0x20,0x08,0x20,0x08,0x49,
  0xF8,0xF8,0x08,0x10,0x08,0x23,0xFE,0x40,0x20,0xFA,0x22,0x41,0x74,0x00,0xA8,0x19,
  0x24,0xE2,0x22,0x40,0xA0,0x00,0x40};
const u8g_fntpgm_uint8_t fontpage_254_150_150[55] U8G_FONT_SECTION("fontpage_254_150_150") = {
  0x00,0x10,0x13,0x00,0xFC,0x00,0x00,0x00,0x00,0x00,0x96,0x96,0x00,0x0E,0xFE,0x00,
  0x00,0x0E,0x10,0x20,0x10,0x00,0xFE,0x10,0x80,0x10,0x40,0x23,0xFC,0x22,0x04,0x4A,
  0x04,0xFB,0xFC,0x12,0x00,0x22,0x00,0x43,0xFC,0xFB,0x54,0x43,0x54,0x05,0xFC,0x1D,
  0x54,0xE5,0x54,0x49,0x44,0x01,0x0C};
const u8g_fntpgm_uint8_t fontpage_254_169_169[55] U8G_FONT_SECTION("fontpage_254_169_169") = {
  0x00,0x10,0x13,0x00,0xFC,0x00,0x00,0x00,0x00,0x00,0xA9,0xA9,0x00,0x0E,0xFE,0x00,
  0x00,0x0F,0x10,0x20,0x10,0x00,0xFE,0x20,0x40,0x20,0x20,0x27,0xFE,0x44,0x02,0x51,
  0x00,0xF1,0xFE,0x22,0x10,0x26,0x20,0x4A,0x7C,0xF2,0x44,0x42,0x44,0x02,0x7C,0x32,
  0x44,0xC2,0x44,0x02,0x7C,0x02,0x44};
const u8g_fntpgm_uint8_t fontpage_254_186_186[55] U8G_FONT_SECTION("fontpage_254_186_186") = {
  0x00,0x10,0x13,0x00,0xFC,0x00,0x00,0x00,0x00,0x00,0xBA,0xBA,0x00,0x0E,0xFE,0x00,
  0x00,0x0F,0x10,0x20,0x10,0x00,0xFE,0x20,0x20,0x20,0x20,0x3C,0x20,0x51,0xFC,0x90,
  0x24,0x10,0x24,0xFE,0x24,0x10,0x24,0x13,0xFE,0x54,0x20,0x54,0x50,0x54,0x50,0x5C,
  0x88,0x64,0x88,0x05,0x04,0x02,0x02};
const u8g_fntpgm_uint8_t fontpage_254_209_209[53] U8G_FONT_SECTION("fontpage_254_209_209") = {
  0x00,0x10,0x13,0x00,0xFC,0x00,0x00,0x00,0x00,0x00,0xD1,0xD1,0x00,0x0D,0xFE,0x00,
  0x00,0x0D,0x0F,0x1E,0x10,0x01,0xFE,0xFF,0xF8,0x80,0x08,0x80,0x08,0x84,0x28,0xA5,
  0x28,0x94,0xA8,0x88,0x48,0x88,0x48,0x94,0xA8,0x94,0xA8,0xA5,0x28,0xC2,0x08,0x80,
  0x08,0x80,0x28,0x80,0x10};
const u8g_fntpgm_uint8_t fontpage_254_238_238[55] U8G_FONT_SECTION("fontpage_254_238_238") = {
  0x00,0x10,0x13,0x00,0xFC,0x00,0x00,0x00,0x00,0x00,0xEE,0xEE,0x00,0x0E,0xFE,0x00,
  0x00,0x0F,0x10,0x20,0x10,0x00,0xFE,0x7F,0xFC,0x44,0x44,0x44,0x44,0x7F,0xFC,0x01,
  0x00,0xFF,0xFE,0x02,0x00,0x1F,0xF0,0x10,0x10,0x1F,0xF0,0x10,0x10,0x1F,0xF0,0x10,
  0x10,0x1F,0xF0,0x10,0x10,0xFF,0xFE};
const u8g_fntpgm_uint8_t fontpage_254_242_242[53] U8G_FONT_SECTION("fontpage_254_242_242") = {
  0x00,0x10,0x13,0x00,0xFC,0x00,0x00,0x00,0x00,0x00,0xF2,0xF2,0x00,0x0D,0xFE,0x00,
  0x00,0x0F,0x0F,0x1E,0x10,0x00,0xFE,0x3F,0xF8,0x24,0x48,0x24,0x48,0x3F,0xF8,0x02,
  0x00,0x1F,0xD0,0x02,0x20,0xFF,0xFE,0x03,0x00,0x0F,0xF0,0x38,0x10,0xCF,0xF0,0x08,
  0x10,0x0F,0xF0,0x08,0x10};
const u8g_fntpgm_uint8_t fontpage_256_131_131[55] U8G_FONT_SECTION("fontpage_256_131_131") = {
  0x00,0x10,0x13,0x00,0xFC,0x00,0x00,0x00,0x00,0x00,0x83,0x83,0x00,0x0E,0xFE,0x00,
  0x00,0x0F,0x10,0x20,0x10,0x00,0xFE,0x02,0x00,0x02,0x08,0x3F,0xD0,0x02,0x20,0x02,
  0x40,0xFF,0xFE,0x01,0x00,0x02,0x00,0x0F,0xF8,0x12,0x00,0x24,0x00,0x47,0xF0,0x80,
  0x10,0x00,0x10,0x00,0xA0,0x00,0x40};
const u8g_fntpgm_uint8_t fontpage_256_133_133[55] U8G_FONT_SECTION("fontpage_256_133_133") = {
  0x00,0x10,0x13,0x00,0xFC,0x00,0x00,0x00,0x00,0x00,0x85,0x85,0x00,0x0E,0xFE,0x00,
  0x00,0x0F,0x10,0x20,0x10,0x00,0xFE,0x02,0x00,0x02,0x08,0x3F,0xD0,0x02,0x20,0x02,
  0x40,0xFF,0xFE,0x01,0x00,0x02,0x00,0x0F,0xF0,0x18,0x10,0x28,0x10,0x4F,0xF0,0x88,
  0x10,0x08,0x10,0x0F,0xF0,0x08,0x10};
const u8g_fntpgm_uint8_t fontpage_256_151_151[55] U8G_FONT_SECTION("fontpage_256_151_151") = {
  0x00,0x10,0x13,0x00,0xFC,0x00,0x00,0x00,0x00,0x00,0x97,0x97,0x00,0x0E,0xFE,0x00,
  0x00,0x0F,0x10,0x20,0x10,0x00,0xFE,0x10,0x08,0x10,0x1C,0x10,0xE0,0xFE,0x20,0x10,
  0x20,0x7C,0x3C,0x10,0xE0,0xFE,0x20,0x10,0x20,0x38,0x3E,0x35,0xE0,0x54,0x20,0x50,
  0x22,0x90,0x22,0x10,0x22,0x10,0x1E};
const u8g_fntpgm_uint8_t fontpage_256_234_234[55] U8G_FONT_SECTION("fontpage_256_234_234") = {
  0x00,0x10,0x13,0x00,0xFC,0x00,0x00,0x00,0x00,0x00,0xEA,0xEA,0x00,0x0E,0xFE,0x00,
  0x00,0x0F,0x10,0x20,0x10,0x00,0xFE,0x00,0x88,0xFC,0x48,0x48,0x50,0x49,0xFC,0x79,
  0x04,0x49,0x04,0x49,0x04,0x79,0xFC,0x48,0x20,0x48,0x10,0x4C,0x54,0x79,0x42,0xC9,
  0x42,0x09,0x4A,0x0A,0x38,0x08,0x00};
const u8g_fntpgm_uint8_t fontpage_257_204_204[55] U8G_FONT_SECTION("fontpage_257_204_204") = {
  0x00,0x10,0x13,0x00,0xFC,0x00,0x00,0x00,0x00,0x00,0xCC,0xCC,0x00,0x0E,0xFE,0x00,
  0x00,0x0E,0x10,0x20,0x10,0x00,0xFE,0x04,0x80,0x04,0x98,0x7C,0xE0,0x04,0x84,0x1C,
  0x84,0xE4,0x7C,0x40,0x00,0x1F,0xF0,0x10,0x10,0x1F,0xF0,0x10,0x10,0x1F,0xF0,0x10,
  0x10,0x10,0x10,0x10,0x50,0x10,0x20};
const u8g_fntpgm_uint8_t fontpage_257_253_253[55] U8G_FONT_SECTION("fontpage_257_253_253") = {
  0x00,0x10,0x13,0x00,0xFC,0x00,0x00,0x00,0x00,0x00,0xFD,0xFD,0x00,0x0E,0xFE,0x00,
  0x00,0x0F,0x10,0x20,0x10,0x00,0xFE,0x10,0x40,0x24,0x44,0x42,0x48,0xFF,0x70,0x01,
  0x40,0x00,0x42,0x7E,0x42,0x42,0x3E,0x42,0x00,0x7E,0x44,0x42,0x48,0x42,0x70,0x7E,
  0x40,0x42,0x42,0x4A,0x42,0x44,0x3E};
const u8g_fntpgm_uint8_t fontpage_258_137_137[55] U8G_FONT_SECTION("fontpage_258_137_137") = {
  0x00,0x10,0x13,0x00,0xFC,0x00,0x00,0x00,0x00,0x00,0x89,0x89,0x00,0x0E,0xFE,0x00,
  0x00,0x0F,0x10,0x20,0x10,0x00,0xFE,0x00,0x40,0x78,0x20,0x48,0x10,0x49,0xE0,0x48,
  0x22,0x78,0x34,0x4B,0xB8,0x48,0xB0,0x48,0xA8,0x78,0xA8,0x49,0x28,0x49,0x24,0x4A,
  0x24,0x4C,0x22,0x48,0xA0,0x98,0x40};
const u8g_fntpgm_uint8_t fontpage_259_234_234[55] U8G_FONT_SECTION("fontpage_259_234_234") = {
  0x00,0x10,0x13,0x00,0xFC,0x00,0x00,0x00,0x00,0x00,0xEA,0xEA,0x00,0x0E,0xFE,0x00,
  0x00,0x09,0x10,0x20,0x10,0x03,0xFE,0x08,0x00,0x10,0x00,0x20,0x00,0xFF,0x80,0x80,
  0x80,0x80,0x80,0x80,0x80,0xFF,0x80,0x80,0x80,0x80,0x80,0xFF,0x80,0x80,0x80,0x80,
  0x80,0x80,0x80,0xFF,0x80,0x80,0x80};
const u8g_fntpgm_uint8_t fontpage_259_243_243[51] U8G_FONT_SECTION("fontpage_259_243_243") = {
  0x00,0x10,0x13,0x00,0xFC,0x00,0x00,0x00,0x00,0x00,0xF3,0xF3,0x00,0x0D,0xFF,0x00,
  0x00,0x0F,0x0E,0x1C,0x10,0x00,0xFF,0x7F,0xFC,0x02,0x00,0x04,0x00,0x08,0x20,0x10,
  0x10,0x3F,0xF8,0x00,0x08,0x01,0x00,0x01,0x00,0x3F,0xF8,0x01,0x00,0x01,0x00,0x01,
  0x00,0xFF,0xFE};
const u8g_fntpgm_uint8_t fontpage_260_242_242[53] U8G_FONT_SECTION("fontpage_260_242_242") = {
  0x00,0x10,0x13,0x00,0xFC,0x00,0x00,0x00,0x00,0x00,0xF2,0xF2,0x00,0x0E,0xFF,0x00,
  0x00,0x0F,0x0F,0x1E,0x10,0x00,0xFF,0x08,0x00,0x08,0x00,0x1F,0xE0,0x20,0x20,0x40,
  0x40,0xBF,0xF8,0x21,0x08,0x21,0x08,0x21,0x08,0x3F,0xF8,0x20,0x00,0x20,0x02,0x20,
  0x02,0x20,0x02,0x1F,0xFE};
const u8g_fntpgm_uint8_t fontpage_262_131_131[53] U8G_FONT_SECTION("fontpage_262_131_131") = {
  0x00,0x10,0x13,0x00,0xFC,0x00,0x00,0x00,0x00,0x00,0x83,0x83,0x00,0x0E,0xFF,0x00,
  0x00,0x0F,0x0F,0x1E,0x10,0x00,0xFF,0x04,0x40,0x04,0x40,0xFF,0xFE,0x04,0x40,0x10,
  0x00,0x09,0xF8,0x49,0x08,0x21,0x08,0x25,0x08,0x05,0x28,0x09,0x10,0x71,0x02,0x11,
  0x02,0x11,0x02,0x10,0xFE};
const u8g_fntpgm_uint8_t fontpage_263_183_183[55] U8G_FONT_SECTION("fontpage_263_183_183") = {
  0x00,0x10,0x13,0x00,0xFC,0x00,0x00,0x00,0x00,0x00,0xB7,0xB7,0x00,0x0E,0xFE,0x00,
  0x00,0x0F,0x10,0x20,0x10,0x00,0xFE,0x08,0x20,0x08,0x20,0xFF,0xFE,0x08,0x20,0x44,
  0x40,0x28,0x50,0x10,0x48,0x28,0x40,0x4F,0xFE,0x98,0x40,0x28,0xA0,0x48,0xA0,0x89,
  0x10,0x09,0x10,0x52,0x08,0x24,0x06};
const u8g_fntpgm_uint8_t fontpage_263_220_220[55] U8G_FONT_SECTION("fontpage_263_220_220") = {
  0x00,0x10,0x13,0x00,0xFC,0x00,0x00,0x00,0x00,0x00,0xDC,0xDC,0x00,0x0E,0xFE,0x00,
  0x00,0x0F,0x10,0x20,0x10,0x00,0xFE,0x08,0x20,0x08,0x20,0xFF,0xFE,0x08,0x20,0x00,
  0x10,0x00,0xF8,0x3F,0x00,0x11,0x10,0x08,0x20,0x01,0x00,0x7F,0xFC,0x05,0x40,0x09,
  0x20,0x31,0x18,0xC1,0x06,0x01,0x00};
const u8g_fntpgm_uint8_t fontpage_264_189_189[55] U8G_FONT_SECTION("fontpage_264_189_189") = {
  0x00,0x10,0x13,0x00,0xFC,0x00,0x00,0x00,0x00,0x00,0xBD,0xBD,0x00,0x0E,0xFE,0x00,
  0x00,0x0F,0x10,0x20,0x10,0x00,0xFE,0x08,0x20,0x08,0x20,0xFF,0xFE,0x08,0x20,0x20,
  0x80,0x10,0xF8,0x11,0x08,0x82,0x90,0x48,0x60,0x49,0x98,0x16,0x06,0xE1,0xF8,0x21,
  0x08,0x21,0x08,0x21,0xF8,0x21,0x08};
const u8g_fntpgm_uint8_t fontpage_265_221_221[53] U8G_FONT_SECTION("fontpage_265_221_221") = {
  0x00,0x10,0x13,0x00,0xFC,0x00,0x00,0x00,0x00,0x00,0xDD,0xDD,0x00,0x0E,0xFF,0x00,
  0x00,0x0F,0x0F,0x1E,0x10,0x00,0xFF,0x08,0x20,0x08,0x20,0xFF,0xFE,0x08,0x20,0x04,
  0x80,0x24,0x80,0x24,0xFC,0x24,0xA0,0x25,0x10,0x00,0x00,0x3F,0xF8,0x24,0x48,0x24,
  0x48,0x24,0x48,0xFF,0xFE};
const u8g_fntpgm_uint8_t fontpage_269_199_199[53] U8G_FONT_SECTION("fontpage_269_199_199") = {
  0x00,0x10,0x13,0x00,0xFC,0x00,0x00,0x00,0x00,0x00,0xC7,0xC7,0x00,0x0E,0xFF,0x00,
  0x00,0x0F,0x0F,0x1E,0x10,0x00,0xFF,0x10,0x20,0x10,0x10,0x10,0x10,0x7D,0xFE,0x55,
  0x02,0x56,0x04,0x54,0x80,0x54,0x88,0x7C,0x90,0x50,0xA0,0x10,0xC0,0x14,0x82,0x1E,
  0x82,0xE2,0x82,0x40,0x7E};
const u8g_fntpgm_uint8_t fontpage_272_204_204[55] U8G_FONT_SECTION("fontpage_272_204_204") = {
  0x00,0x10,0x13,0x00,0xFC,0x00,0x00,0x00,0x00,0x00,0xCC,0xCC,0x00,0x0E,0xFE,0x00,
  0x00,0x0F,0x10,0x20,0x10,0x00,0xFE,0x08,0x00,0x09,0xFC,0x10,0x00,0x20,0x00,0x48,
  0x00,0x08,0x00,0x13,0xFE,0x30,0x20,0x50,0x20,0x90,0x20,0x10,0x20,0x10,0x20,0x10,
  0x20,0x10,0x20,0x10,0xA0,0x10,0x40};
const u8g_fntpgm_uint8_t fontpage_272_229_229[55] U8G_FONT_SECTION("fontpage_272_229_229") = {
  0x00,0x10,0x13,0x00,0xFC,0x00,0x00,0x00,0x00,0x00,0xE5,0xE5,0x00,0x0E,0xFE,0x00,
  0x00,0x0D,0x10,0x20,0x10,0x01,0xFE,0x20,0x80,0x10,0x80,0x00,0x80,0xFC,0x80,0x04,
  0x80,0x08,0xC0,0x10,0xA0,0x34,0x90,0x58,0x88,0x94,0x88,0x14,0x80,0x10,0x80,0x10,
  0x80,0x10,0x80,0x10,0x80,0x10,0x80};
const u8g_fntpgm_uint8_t fontpage_273_171_171[55] U8G_FONT_SECTION("fontpage_273_171_171") = {
  0x00,0x10,0x13,0x00,0xFC,0x00,0x00,0x00,0x00,0x00,0xAB,0xAB,0x00,0x0E,0xFE,0x00,
  0x00,0x0F,0x10,0x20,0x10,0x00,0xFE,0x20,0x10,0x10,0x10,0x00,0x10,0xF9,0xFE,0x09,
  0x12,0x11,0x14,0x15,0x10,0x39,0xFC,0x55,0x44,0x91,0x44,0x11,0x28,0x11,0x28,0x11,
  0x10,0x12,0x28,0x12,0x44,0x14,0x82};
const u8g_fntpgm_uint8_t fontpage_273_197_197[55] U8G_FONT_SECTION("fontpage_273_197_197") = {
  0x00,0x10,0x13,0x00,0xFC,0x00,0x00,0x00,0x00,0x00,0xC5,0xC5,0x00,0x0E,0xFE,0x00,
  0x00,0x0F,0x10,0x20,0x10,0x00,0xFE,0x08,0x20,0x48,0x20,0x2B,0xFE,0x08,0x20,0x18,
  0x20,0x28,0x20,0xC9,0xFC,0x0A,0x00,0x01,0x00,0xFF,0xFE,0x05,0x00,0x0C,0x88,0x34,
  0x50,0xC5,0x30,0x06,0x0E,0x04,0x00};
const u8g_fntpgm_uint8_t fontpage_275_129_129[53] U8G_FONT_SECTION("fontpage_275_129_129") = {
  0x00,0x10,0x13,0x00,0xFC,0x00,0x00,0x00,0x00,0x00,0x81,0x81,0x00,0x0D,0xFE,0x00,
  0x00,0x0D,0x0F,0x1E,0x10,0x01,0xFE,0xFF,0xF8,0x08,0x80,0x08,0x80,0x7F,0xF0,0x48,
  0x90,0x48,0x90,0x7F,0xF0,0x04,0x00,0xFF,0xF8,0x08,0x40,0x10,0x80,0x39,0x00,0x07,
  0x00,0x0C,0xE0,0x70,0x10};
const u8g_fntpgm_uint8_t fontpage_275_193_193[53] U8G_FONT_SECTION("fontpage_275_193_193") = {
  0x00,0x10,0x13,0x00,0xFC,0x00,0x00,0x00,0x00,0x00,0xC1,0xC1,0x00,0x0D,0xFE,0x00,
  0x00,0x0F,0x0F,0x1E,0x10,0x00,0xFE,0x1F,0xF0,0x10,0x10,0x10,0x10,0x11,0x10,0x11,
  0x10,0x11,0x10,0x11,0x10,0x11,0x10,0x12,0x90,0x12,0x90,0x04,0x80,0x04,0x80,0x08,
  0x82,0x30,0x82,0xC0,0x7E};
const u8g_fntpgm_uint8_t fontpage_275_200_200[55] U8G_FONT_SECTION("fontpage_275_200_200") = {
  0x00,0x10,0x13,0x00,0xFC,0x00,0x00,0x00,0x00,0x00,0xC8,0xC8,0x00,0x0E,0xFE,0x00,
  0x00,0x0D,0x10,0x20,0x10,0x01,0xFE,0x08,0x80,0x48,0x80,0x48,0xF8,0x49,0x20,0x4A,
  0x10,0x08,0x00,0x3F,0xE0,0x20,0x20,0x22,0x20,0x22,0x20,0x22,0x20,0x25,0x20,0x05,
  0x00,0x09,0x08,0x31,0x08,0xC0,0xF8};
const u8g_fntpgm_uint8_t fontpage_275_210_210[55] U8G_FONT_SECTION("fontpage_275_210_210") = {
  0x00,0x10,0x13,0x00,0xFC,0x00,0x00,0x00,0x00,0x00,0xD2,0xD2,0x00,0x0E,0xFE,0x00,
  0x00,0x0D,0x10,0x20,0x10,0x00,0xFE,0x08,0x00,0x08,0x00,0x1F,0xE0,0x20,0x20,0x40,
  0x40,0xBF,0xF8,0x21,0x08,0x21,0x08,0x3F,0xF8,0x21,0x08,0x21,0x08,0x3F,0xF8,0x21,
  0x08,0x41,0x08,0x41,0x28,0x80,0x10};
const u8g_fntpgm_uint8_t fontpage_275_227_227[55] U8G_FONT_SECTION("fontpage_275_227_227") = {
  0x00,0x10,0x13,0x00,0xFC,0x00,0x00,0x00,0x00,0x00,0xE3,0xE3,0x00,0x0E,0xFE,0x00,
  0x00,0x0F,0x10,0x20,0x10,0x00,0xFE,0x10,0x00,0x10,0xFC,0x3C,0x24,0x24,0x24,0x48,
  0x54,0xBE,0x88,0x2A,0x10,0x2A,0x50,0x3E,0x7C,0x2A,0x90,0x2A,0x10,0x3E,0xFE,0x2A,
  0x10,0x4A,0x10,0x42,0x10,0x86,0x10};
const u8g_fntpgm_uint8_t fontpage_275_230_230[55] U8G_FONT_SECTION("fontpage_275_230_230") = {
  0x00,0x10,0x13,0x00,0xFC,0x00,0x00,0x00,0x00,0x00,0xE6,0xE6,0x00,0x0E,0xFE,0x00,
  0x00,0x0F,0x10,0x20,0x10,0x00,0xFE,0x20,0x20,0x20,0x20,0x78,0x20,0x49,0xFC,0x91,
  0x24,0x7D,0x24,0x55,0x24,0x55,0x24,0x7D,0xFC,0x55,0x24,0x54,0x20,0x7C,0x28,0x54,
  0x24,0x57,0xFE,0x45,0x02,0x8C,0x00};
const u8g_fntpgm_uint8_t fontpage_276_128_128[55] U8G_FONT_SECTION("fontpage_276_128_128") = {
  0x00,0x10,0x13,0x00,0xFC,0x00,0x00,0x00,0x00,0x00,0x80,0x80,0x00,0x0E,0xFE,0x00,
  0x00,0x0F,0x10,0x20,0x10,0x00,0xFE,0x02,0x00,0x01,0x00,0xFF,0xFE,0x00,0x00,0x00,
  0x00,0x3F,0xF8,0x00,0x00,0x00,0x00,0x3F,0xF8,0x00,0x00,0x00,0x00,0x3F,0xF8,0x20,
  0x08,0x20,0x08,0x3F,0xF8,0x20,0x08};
const u8g_fntpgm_uint8_t fontpage_278_230_230[55] U8G_FONT_SECTION("fontpage_278_230_230") = {
  0x00,0x10,0x13,0x00,0xFC,0x00,0x00,0x00,0x00,0x00,0xE6,0xE6,0x00,0x0E,0xFE,0x00,
  0x00,0x0F,0x10,0x20,0x10,0x00,0xFE,0x24,0x20,0xFF,0x20,0x24,0x7E,0x7E,0xC4,0x82,
  0x28,0x7A,0x10,0x4A,0x28,0x7A,0xC6,0x05,0x00,0xFF,0xFE,0x00,0x00,0x3F,0xF8,0x00,
  0x00,0x3F,0xF8,0x20,0x08,0x3F,0xF8};
const u8g_fntpgm_uint8_t fontpage_279_161_161[55] U8G_FONT_SECTION("fontpage_279_161_161") = {
  0x00,0x10,0x13,0x00,0xFC,0x00,0x00,0x00,0x00,0x00,0xA1,0xA1,0x00,0x0E,0xFE,0x00,
  0x00,0x0F,0x10,0x20,0x10,0x00,0xFE,0x00,0x40,0x20,0x40,0x10,0x40,0x10,0x40,0x00,
  0x40,0x00,0x40,0xF7,0xFE,0x10,0x40,0x10,0x40,0x10,0x40,0x10,0x40,0x10,0x40,0x14,
  0x40,0x18,0x40,0x10,0x40,0x00,0x40};
const u8g_fntpgm_uint8_t fontpage_279_164_164[55] U8G_FONT_SECTION("fontpage_279_164_164") = {
  0x00,0x10,0x13,0x00,0xFC,0x00,0x00,0x00,0x00,0x00,0xA4,0xA4,0x00,0x0E,0xFE,0x00,
  0x00,0x0F,0x10,0x20,0x10,0x00,0xFE,0x00,0x40,0x20,0x40,0x10,0x40,0x10,0x40,0x00,
  0x40,0x00,0x40,0xF0,0x40,0x10,0x40,0x10,0xA0,0x10,0xA0,0x10,0xA0,0x15,0x10,0x19,
  0x10,0x12,0x08,0x04,0x04,0x08,0x02};
const u8g_fntpgm_uint8_t fontpage_279_174_174[55] U8G_FONT_SECTION("fontpage_279_174_174") = {
  0x00,0x10,0x13,0x00,0xFC,0x00,0x00,0x00,0x00,0x00,0xAE,0xAE,0x00,0x0E,0xFE,0x00,
  0x00,0x0F,0x10,0x20,0x10,0x00,0xFE,0x00,0x80,0x20,0x48,0x12,0x48,0x12,0x08,0x02,
  0x08,0x01,0x10,0xF1,0x10,0x11,0x10,0x10,0xA0,0x10,0xA0,0x10,0x40,0x14,0x40,0x18,
  0xA0,0x11,0x10,0x02,0x08,0x0C,0x06};
const u8g_fntpgm_uint8_t fontpage_279_176_176[51] U8G_FONT_SECTION("fontpage_279_176_176") = {
  0x00,0x10,0x13,0x00,0xFC,0x00,0x00,0x00,0x00,0x00,0xB0,0xB0,0x00,0x0D,0xFF,0x00,
  0x00,0x0F,0x0E,0x1C,0x10,0x00,0xFF,0x20,0x00,0x11,0xF8,0x10,0x08,0x00,0x08,0x00,
  0x08,0xF0,0x08,0x11,0xF8,0x11,0x08,0x11,0x00,0x11,0x00,0x11,0x00,0x15,0x02,0x19,
  0x02,0x10,0xFE};
const u8g_fntpgm_uint8_t fontpage_279_184_184[55] U8G_FONT_SECTION("fontpage_279_184_184") = {
  0x00,0x10,0x13,0x00,0xFC,0x00,0x00,0x00,0x00,0x00,0xB8,0xB8,0x00,0x0E,0xFE,0x00,
  0x00,0x0F,0x10,0x20,0x10,0x00,0xFE,0x00,0x80,0x20,0x80,0x10,0x80,0x11,0xFC,0x01,
  0x20,0x02,0x20,0xF0,0x20,0x10,0x20,0x13,0xFE,0x10,0x20,0x10,0x20,0x10,0x20,0x14,
  0x20,0x18,0x20,0x10,0x20,0x00,0x20};
const u8g_fntpgm_uint8_t fontpage_279_190_190[53] U8G_FONT_SECTION("fontpage_279_190_190") = {
  0x00,0x10,0x13,0x00,0xFC,0x00,0x00,0x00,0x00,0x00,0xBE,0xBE,0x00,0x0D,0xFE,0x00,
  0x00,0x0F,0x0F,0x1E,0x10,0x00,0xFE,0x21,0xF0,0x11,0x10,0x11,0x10,0x01,0x10,0x02,
  0x0E,0xF4,0x00,0x13,0xF8,0x11,0x08,0x11,0x10,0x10,0x90,0x14,0xA0,0x18,0x40,0x10,
  0xA0,0x03,0x18,0x0C,0x06};
const u8g_fntpgm_uint8_t fontpage_279_209_209[53] U8G_FONT_SECTION("fontpage_279_209_209") = {
  0x00,0x10,0x13,0x00,0xFC,0x00,0x00,0x00,0x00,0x00,0xD1,0xD1,0x00,0x0D,0xFE,0x00,
  0x00,0x0F,0x0F,0x1E,0x10,0x00,0xFE,0x23,0xFC,0x11,0x04,0x10,0x88,0x00,0x50,0x00,
  0x20,0xF0,0xD8,0x13,0x26,0x10,0x20,0x11,0xFC,0x10,0x20,0x14,0x20,0x1B,0xFE,0x10,
  0x20,0x00,0x20,0x00,0x20};
const u8g_fntpgm_uint8_t fontpage_279_213_213[55] U8G_FONT_SECTION("fontpage_279_213_213") = {
  0x00,0x10,0x13,0x00,0xFC,0x00,0x00,0x00,0x00,0x00,0xD5,0xD5,0x00,0x0E,0xFE,0x00,
  0x00,0x0F,0x10,0x20,0x10,0x00,0xFE,0x00,0x28,0x20,0x24,0x10,0x24,0x10,0x20,0x07,
  0xFE,0x00,0x20,0xF0,0x20,0x17,0xE0,0x11,0x20,0x11,0x10,0x11,0x10,0x15,0x10,0x19,
  0xCA,0x17,0x0A,0x02,0x06,0x00,0x02};
const u8g_fntpgm_uint8_t fontpage_279_230_230[55] U8G_FONT_SECTION("fontpage_279_230_230") = {
  0x00,0x10,0x13,0x00,0xFC,0x00,0x00,0x00,0x00,0x00,0xE6,0xE6,0x00,0x0E,0xFE,0x00,
  0x00,0x0F,0x10,0x20,0x10,0x00,0xFE,0x02,0x08,0x21,0x08,0x11,0x10,0x10,0x00,0x07,
  0xFC,0x00,0x40,0xF0,0x40,0x13,0xF8,0x10,0x40,0x10,0x40,0x17,0xFE,0x10,0x40,0x14,
  0x40,0x18,0x40,0x10,0x40,0x00,0x40};
const u8g_fntpgm_uint8_t fontpage_279_237_237[53] U8G_FONT_SECTION("fontpage_279_237_237") = {
  0x00,0x10,0x13,0x00,0xFC,0x00,0x00,0x00,0x00,0x00,0xED,0xED,0x00,0x0D,0xFE,0x00,
  0x00,0x0F,0x0F,0x1E,0x10,0x00,0xFE,0x47,0xFC,0x20,0x40,0x20,0x40,0x03,0xF8,0x00,
  0x88,0xE0,0x88,0x27,0xFE,0x20,0x00,0x20,0x00,0x23,0xF8,0x22,0x08,0x2A,0x08,0x32,
  0x08,0x23,0xF8,0x02,0x08};
const u8g_fntpgm_uint8_t fontpage_279_239_239[53] U8G_FONT_SECTION("fontpage_279_239_239") = {
  0x00,0x10,0x13,0x00,0xFC,0x00,0x00,0x00,0x00,0x00,0xEF,0xEF,0x00,0x0D,0xFE,0x00,
  0x00,0x0F,0x0F,0x1E,0x10,0x00,0xFE,0x43,0xF8,0x22,0x08,0x22,0x08,0x03,0xF8,0x00,
  0x00,0xE7,0xFC,0x20,0x40,0x20,0x40,0x2F,0xFE,0x20,0x40,0x20,0xA0,0x28,0xA0,0x31,
  0x10,0x22,0x08,0x04,0x06};
const u8g_fntpgm_uint8_t fontpage_279_244_244[55] U8G_FONT_SECTION("fontpage_279_244_244") = {
  0x00,0x10,0x13,0x00,0xFC,0x00,0x00,0x00,0x00,0x00,0xF4,0xF4,0x00,0x0E,0xFE,0x00,
  0x00,0x0F,0x10,0x20,0x10,0x00,0xFE,0x02,0x08,0x21,0x08,0x11,0x10,0x10,0x20,0x03,
  0xF8,0x02,0x08,0xF2,0x08,0x12,0x08,0x13,0xF8,0x10,0xA0,0x10,0xA0,0x15,0x20,0x19,
  0x22,0x12,0x22,0x04,0x1E,0x08,0x00};
const u8g_fntpgm_uint8_t fontpage_279_247_247[55] U8G_FONT_SECTION("fontpage_279_247_247") = {
  0x00,0x10,0x13,0x00,0xFC,0x00,0x00,0x00,0x00,0x00,0xF7,0xF7,0x00,0x0E,0xFE,0x00,
  0x00,0x0F,0x10,0x20,0x10,0x00,0xFE,0x00,0x40,0x40,0x40,0x27,0xFC,0x20,0x40,0x03,
  0xF8,0x00,0x40,0xE7,0xFE,0x20,0x00,0x23,0xF8,0x22,0x08,0x23,0xF8,0x22,0x08,0x2B,
  0xF8,0x32,0x08,0x22,0x28,0x02,0x10};
const u8g_fntpgm_uint8_t fontpage_279_251_251[55] U8G_FONT_SECTION("fontpage_279_251_251") = {
  0x00,0x10,0x13,0x00,0xFC,0x00,0x00,0x00,0x00,0x00,0xFB,0xFB,0x00,0x0E,0xFE,0x00,
  0x00,0x0F,0x10,0x20,0x10,0x00,0xFE,0x00,0x20,0x20,0x20,0x11,0xFC,0x10,0x20,0x00,
  0x20,0x03,0xFE,0xF0,0x02,0x10,0x94,0x10,0x50,0x11,0x10,0x10,0x90,0x13,0xFE,0x14,
  0x28,0x18,0x44,0x10,0x82,0x03,0x02};
const u8g_fntpgm_uint8_t fontpage_280_131_131[53] U8G_FONT_SECTION("fontpage_280_131_131") = {
  0x00,0x10,0x13,0x00,0xFC,0x00,0x00,0x00,0x00,0x00,0x83,0x83,0x00,0x0D,0xFE,0x00,
  0x00,0x0E,0x0F,0x1E,0x10,0x00,0xFE,0x47,0xFC,0x24,0x44,0x24,0x44,0x05,0xF4,0x04,
  0x44,0xE4,0x44,0x27,0xFC,0x24,0x04,0x25,0xF4,0x25,0x14,0x2D,0x14,0x35,0xF4,0x24,
  0x04,0x04,0x14,0x08,0x08};
const u8g_fntpgm_uint8_t fontpage_282_165_165[55] U8G_FONT_SECTION("fontpage_282_165_165") = {
  0x00,0x10,0x13,0x00,0xFC,0x00,0x00,0x00,0x00,0x00,0xA5,0xA5,0x00,0x0E,0xFE,0x00,
  0x00,0x0F,0x10,0x20,0x10,0x00,0xFE,0x00,0x40,0x7C,0x40,0x44,0x40,0x54,0x80,0x54,
  0xFE,0x55,0x08,0x56,0x88,0x54,0x88,0x54,0x88,0x54,0x50,0x54,0x50,0x10,0x20,0x28,
  0x50,0x24,0x88,0x45,0x04,0x82,0x02};
const u8g_fntpgm_uint8_t fontpage_282_168_168[55] U8G_FONT_SECTION("fontpage_282_168_168") = {
  0x00,0x10,0x13,0x00,0xFC,0x00,0x00,0x00,0x00,0x00,0xA8,0xA8,0x00,0x0E,0xFE,0x00,
  0x00,0x0F,0x10,0x20,0x10,0x00,0xFE,0x00,0x7C,0x3F,0xC0,0x20,0x40,0x20,0x40,0x3F,
  0xFE,0x20,0x40,0x20,0x40,0x27,0xFC,0x24,0x04,0x24,0x44,0x24,0x44,0x24,0x44,0x24,
  0xB4,0x41,0x08,0x46,0x04,0x98,0x02};
const u8g_fntpgm_uint8_t fontpage_282_170_170[55] U8G_FONT_SECTION("fontpage_282_170_170") = {
  0x00,0x10,0x13,0x00,0xFC,0x00,0x00,0x00,0x00,0x00,0xAA,0xAA,0x00,0x0E,0xFE,0x00,
  0x00,0x0F,0x10,0x20,0x10,0x00,0xFE,0x01,0x00,0x02,0x80,0x04,0x40,0x09,0x20,0x30,
  0x98,0xCF,0xE6,0x00,0x40,0x00,0x80,0x1F,0xF0,0x10,0x10,0x11,0x10,0x11,0x10,0x11,
  0x10,0x02,0x60,0x0C,0x18,0x70,0x04};
const u8g_fntpgm_uint8_t fontpage_282_247_247[55] U8G_FONT_SECTION("fontpage_282_247_247") = {
  0x00,0x10,0x13,0x00,0xFC,0x00,0x00,0x00,0x00,0x00,0xF7,0xF7,0x00,0x0E,0xFE,0x00,
  0x00,0x0F,0x10,0x20,0x10,0x00,0xFE,0x08,0x00,0x08,0x00,0x08,0xF8,0x7E,0x08,0x08,
  0x08,0x08,0x08,0xFE,0xF8,0x08,0x88,0x28,0x80,0x28,0x80,0x2E,0x84,0x28,0x84,0x28,
  0x7C,0x58,0x00,0x4F,0xFE,0x80,0x00};
const u8g_fntpgm_uint8_t fontpage_283_133_133[55] U8G_FONT_SECTION("fontpage_283_133_133") = {
  0x00,0x10,0x13,0x00,0xFC,0x00,0x00,0x00,0x00,0x00,0x85,0x85,0x00,0x0E,0xFE,0x00,
  0x00,0x0F,0x10,0x20,0x10,0x00,0xFE,0x08,0x00,0x09,0xFC,0x08,0x44,0x7E,0x44,0x08,
  0x44,0x08,0x94,0xFF,0x08,0x08,0xFC,0x28,0x84,0x28,0x84,0x2E,0x84,0x28,0xFC,0x28,
  0x00,0x58,0x00,0x4F,0xFE,0x80,0x00};
const u8g_fntpgm_uint8_t fontpage_283_138_138[55] U8G_FONT_SECTION("fontpage_283_138_138") = {
  0x00,0x10,0x13,0x00,0xFC,0x00,0x00,0x00,0x00,0x00,0x8A,0x8A,0x00,0x0E,0xFE,0x00,
  0x00,0x0F,0x10,0x20,0x10,0x00,0xFE,0x10,0x28,0x10,0x24,0x10,0x20,0x7D,0xFC,0x11,
  0x20,0x11,0x24,0xFD,0x24,0x11,0x28,0x11,0x28,0x51,0x10,0x5D,0x94,0x51,0x2C,0x70,
  0x44,0x50,0x00,0x4F,0xFE,0x80,0x00};
const u8g_fntpgm_uint8_t fontpage_283_221_221[51] U8G_FONT_SECTION("fontpage_283_221_221") = {
  0x00,0x10,0x13,0x00,0xFC,0x00,0x00,0x00,0x00,0x00,0xDD,0xDD,0x00,0x0D,0xFF,0x00,
  0x00,0x0F,0x0E,0x1C,0x10,0x00,0xFF,0x7D,0xFE,0x45,0x00,0x45,0x00,0x45,0x00,0x7D,
  0xFC,0x11,0x04,0x11,0x04,0x5D,0x04,0x51,0x04,0x51,0xFC,0x51,0x00,0x5D,0x00,0xE1,
  0x00,0x01,0xFE};
const u8g_fntpgm_uint8_t fontpage_283_239_239[55] U8G_FONT_SECTION("fontpage_283_239_239") = {
  0x00,0x10,0x13,0x00,0xFC,0x00,0x00,0x00,0x00,0x00,0xEF,0xEF,0x00,0x0E,0xFE,0x00,
  0x00,0x0F,0x10,0x20,0x10,0x00,0xFE,0x00,0x40,0x7C,0x40,0x44,0x78,0x44,0x88,0x45,
  0x50,0x7C,0x20,0x10,0x50,0x10,0x88,0x11,0x06,0x5C,0xF8,0x50,0x88,0x50,0x88,0x50,
  0x88,0x5C,0x88,0xE0,0xF8,0x00,0x88};
const u8g_fntpgm_uint8_t fontpage_283_243_243[55] U8G_FONT_SECTION("fontpage_283_243_243") = {
  0x00,0x10,0x13,0x00,0xFC,0x00,0x00,0x00,0x00,0x00,0xF3,0xF3,0x00,0x0E,0xFE,0x00,
  0x00,0x0F,0x10,0x20,0x10,0x00,0xFE,0x00,0x50,0x7C,0x50,0x44,0x50,0x45,0x52,0x44,
  0xD4,0x7C,0x58,0x10,0x50,0x10,0x58,0x10,0xD4,0x5D,0x52,0x50,0x50,0x50,0x50,0x50,
  0x92,0x5C,0x92,0xE1,0x12,0x02,0x0E};
const u8g_fntpgm_uint8_t fontpage_286_232_232[55] U8G_FONT_SECTION("fontpage_286_232_232") = {
  0x00,0x10,0x13,0x00,0xFC,0x00,0x00,0x00,0x00,0x00,0xE8,0xE8,0x00,0x0E,0xFE,0x00,
  0x00,0x0F,0x10,0x20,0x10,0x00,0xFE,0x20,0x80,0x20,0x80,0x20,0x80,0xFC,0x80,0x43,
  0xF0,0x50,0x90,0x90,0x90,0xFC,0x90,0x10,0x90,0x10,0x90,0x1C,0x90,0xF0,0x92,0x51,
  0x12,0x11,0x12,0x12,0x0E,0x14,0x00};
const u8g_fntpgm_uint8_t fontpage_286_236_236[55] U8G_FONT_SECTION("fontpage_286_236_236") = {
  0x00,0x10,0x13,0x00,0xFC,0x00,0x00,0x00,0x00,0x00,0xEC,0xEC,0x00,0x0E,0xFE,0x00,
  0x00,0x0F,0x10,0x20,0x10,0x00,0xFE,0x20,0x20,0x20,0x20,0x20,0x20,0xFD,0xFC,0x40,
  0x20,0x50,0x40,0x93,0xFE,0xFC,0x40,0x10,0x80,0x11,0xFC,0x1C,0x04,0xF0,0x88,0x50,
  0x50,0x10,0x20,0x10,0x10,0x10,0x10};
const u8g_fntpgm_uint8_t fontpage_286_238_239[93] U8G_FONT_SECTION("fontpage_286_238_239") = {
  0x00,0x10,0x13,0x00,0xFC,0x00,0x00,0x00,0x00,0x00,0xEE,0xEF,0x00,0x0E,0xFE,0x00,
  0x00,0x0F,0x10,0x20,0x10,0x00,0xFE,0x20,0x40,0x20,0x40,0x20,0xA0,0xFC,0xA0,0x41,
  0x10,0x52,0x08,0x94,0x06,0xFD,0x10,0x11,0x20,0x11,0x40,0x1D,0x80,0xF1,0x00,0x51,
  0x04,0x11,0x04,0x10,0xFC,0x10,0x00,0x0F,0x10,0x20,0x10,0x00,0xFE,0x10,0x40,0x10,
  0x40,0x10,0x40,0xFE,0x7C,0x20,0x84,0x28,0x88,0x49,0x20,0x7E,0x20,0x08,0x20,0x08,
  0x50,0x0E,0x50,0xF8,0x50,0x48,0x88,0x08,0x88,0x09,0x04,0x0A,0x02};
const u8g_fntpgm_uint8_t fontpage_286_244_244[55] U8G_FONT_SECTION("fontpage_286_244_244") = {
  0x00,0x10,0x13,0x00,0xFC,0x00,0x00,0x00,0x00,0x00,0xF4,0xF4,0x00,0x0E,0xFE,0x00,
  0x00,0x0E,0x10,0x20,0x10,0x00,0xFE,0x20,0x20,0x20,0x20,0x20,0x20,0xFC,0x20,0x41,
  0xFC,0x51,0x24,0x91,0x24,0xFD,0x24,0x11,0x24,0x11,0xFC,0x1D,0x24,0xF1,0x24,0x51,
  0x24,0x11,0x24,0x11,0xFC,0x11,0x04};
const u8g_fntpgm_uint8_t fontpage_286_253_253[55] U8G_FONT_SECTION("fontpage_286_253_253") = {
  0x00,0x10,0x13,0x00,0xFC,0x00,0x00,0x00,0x00,0x00,0xFD,0xFD,0x00,0x0E,0xFE,0x00,
  0x00,0x0F,0x10,0x20,0x10,0x00,0xFE,0x08,0x20,0x08,0x28,0x7F,0x24,0x08,0x20,0xFF,
  0xFE,0x10,0x20,0x10,0x24,0xFF,0x24,0x20,0x24,0x48,0x28,0x7F,0x28,0x08,0x10,0x0F,
  0x12,0xF8,0x2A,0x08,0x46,0x08,0x82};
const u8g_fntpgm_uint8_t fontpage_287_133_133[55] U8G_FONT_SECTION("fontpage_287_133_133") = {
  0x00,0x10,0x13,0x00,0xFC,0x00,0x00,0x00,0x00,0x00,0x85,0x85,0x00,0x0E,0xFE,0x00,
  0x00,0x0F,0x10,0x20,0x10,0x00,0xFE,0x20,0x28,0x20,0x24,0x23,0xFE,0xFC,0x20,0x40,
  0x20,0x51,0xFC,0x91,0x24,0xFD,0x24,0x11,0xFC,0x11,0x24,0x1D,0x24,0xF1,0xFC,0x51,
  0x24,0x11,0x24,0x11,0x24,0x11,0x0C};
const u8g_fntpgm_uint8_t fontpage_287_145_145[55] U8G_FONT_SECTION("fontpage_287_145_145") = {
  0x00,0x10,0x13,0x00,0xFC,0x00,0x00,0x00,0x00,0x00,0x91,0x91,0x00,0x0E,0xFE,0x00,
  0x00,0x0F,0x10,0x20,0x10,0x00,0xFE,0x20,0x00,0x21,0xF8,0x21,0x08,0xFD,0x08,0x41,
  0xF8,0x50,0x00,0x97,0xFE,0xFD,0x08,0x11,0xF8,0x11,0x08,0x1D,0xF8,0xF1,0x08,0x51,
  0x3E,0x17,0xC8,0x10,0x08,0x10,0x08};
const u8g_fntpgm_uint8_t fontpage_287_147_147[55] U8G_FONT_SECTION("fontpage_287_147_147") = {
  0x00,0x10,0x13,0x00,0xFC,0x00,0x00,0x00,0x00,0x00,0x93,0x93,0x00,0x0E,0xFE,0x00,
  0x00,0x0F,0x10,0x20,0x10,0x00,0xFE,0x20,0x40,0x20,0xA0,0x21,0x10,0xFA,0x08,0x25,
  0xF6,0x40,0x00,0x53,0xC4,0x92,0x54,0xFA,0x54,0x13,0xD4,0x1A,0x54,0xF2,0x54,0x53,
  0xD4,0x12,0x44,0x12,0x54,0x12,0xC8};
const u8g_fntpgm_uint8_t fontpage_287_185_185[53] U8G_FONT_SECTION("fontpage_287_185_185") = {
  0x00,0x10,0x13,0x00,0xFC,0x00,0x00,0x00,0x00,0x00,0xB9,0xB9,0x00,0x0E,0xFF,0x00,
  0x00,0x0F,0x0F,0x1E,0x10,0x00,0xFF,0x00,0x40,0x20,0x40,0x10,0x40,0x13,0xFC,0x00,
  0x44,0x00,0x44,0xF0,0x44,0x10,0x84,0x10,0x84,0x11,0x04,0x11,0x04,0x12,0x28,0x14,
  0x10,0x28,0x00,0x47,0xFE};
const u8g_fntpgm_uint8_t fontpage_287_190_190[53] U8G_FONT_SECTION("fontpage_287_190_190") = {
  0x00,0x10,0x13,0x00,0xFC,0x00,0x00,0x00,0x00,0x00,0xBE,0xBE,0x00,0x0E,0xFF,0x00,
  0x00,0x0F,0x0F,0x1E,0x10,0x00,0xFF,0x00,0x40,0x20,0x40,0x10,0x40,0x10,0x40,0x07,
  0xFE,0x00,0x40,0xF0,0x40,0x10,0xA0,0x10,0x90,0x11,0x08,0x12,0x04,0x14,0x04,0x10,
  0x00,0x28,0x00,0x47,0xFE};
const u8g_fntpgm_uint8_t fontpage_287_193_193[53] U8G_FONT_SECTION("fontpage_287_193_193") = {
  0x00,0x10,0x13,0x00,0xFC,0x00,0x00,0x00,0x00,0x00,0xC1,0xC1,0x00,0x0E,0xFF,0x00,
  0x00,0x0F,0x0F,0x1E,0x10,0x00,0xFF,0x00,0x10,0x20,0x78,0x13,0xC0,0x10,0x40,0x00,
  0x40,0x00,0x40,0xF7,0xFE,0x10,0x40,0x10,0x40,0x10,0x40,0x10,0x40,0x10,0x40,0x10,
  0x40,0x28,0x00,0x47,0xFE};
const u8g_fntpgm_uint8_t fontpage_287_199_199[53] U8G_FONT_SECTION("fontpage_287_199_199") = {
  0x00,0x10,0x13,0x00,0xFC,0x00,0x00,0x00,0x00,0x00,0xC7,0xC7,0x00,0x0E,0xFF,0x00,
  0x00,0x0F,0x0F,0x1E,0x10,0x00,0xFF,0x00,0x10,0x20,0x10,0x10,0x10,0x17,0xFE,0x00,
  0x10,0x00,0x10,0xF2,0x10,0x11,0x10,0x11,0x10,0x10,0x10,0x10,0x10,0x10,0x50,0x10,
  0x20,0x28,0x00,0x47,0xFE};
const u8g_fntpgm_uint8_t fontpage_287_208_209[87] U8G_FONT_SECTION("fontpage_287_208_209") = {
  0x00,0x10,0x13,0x00,0xFC,0x00,0x00,0x00,0x00,0x00,0xD0,0xD1,0x00,0x0E,0xFF,0x00,
  0x00,0x0F,0x0E,0x1C,0x10,0x00,0xFF,0x23,0xF8,0x10,0x00,0x10,0x00,0x00,0x00,0x07,
  0xFC,0xF0,0x40,0x10,0x80,0x11,0x10,0x12,0x08,0x17,0xFC,0x12,0x04,0x10,0x00,0x28,
  0x00,0x47,0xFE,0x0F,0x0F,0x1E,0x10,0x00,0xFF,0x00,0x08,0x20,0x1C,0x11,0xE0,0x11,
  0x00,0x01,0x00,0x01,0xFE,0xF1,0x10,0x11,0x10,0x11,0x10,0x11,0x10,0x12,0x10,0x12,
  0x10,0x14,0x10,0x28,0x00,0x47,0xFE};
const u8g_fntpgm_uint8_t fontpage_287_212_212[53] U8G_FONT_SECTION("fontpage_287_212_212") = {
  0x00,0x10,0x13,0x00,0xFC,0x00,0x00,0x00,0x00,0x00,0xD4,0xD4,0x00,0x0E,0xFF,0x00,
  0x00,0x0F,0x0F,0x1E,0x10,0x00,0xFF,0x00,0x08,0x20,0x3C,0x13,0xC0,0x12,0x00,0x02,
  0x00,0x03,0xFC,0xF2,0x04,0x12,0x88,0x12,0x50,0x12,0x20,0x12,0x50,0x14,0x88,0x15,
  0x04,0x28,0x00,0x47,0xFE};
const u8g_fntpgm_uint8_t fontpage_287_216_216[51] U8G_FONT_SECTION("fontpage_287_216_216") = {
  0x00,0x10,0x13,0x00,0xFC,0x00,0x00,0x00,0x00,0x00,0xD8,0xD8,0x00,0x0D,0xFF,0x00,
  0x00,0x0F,0x0E,0x1C,0x10,0x00,0xFF,0x23,0xFC,0x10,0x20,0x10,0x20,0x00,0x40,0x00,
  0x40,0xF0,0xD0,0x11,0x48,0x12,0x44,0x14,0x44,0x10,0x40,0x10,0x40,0x10,0x40,0x28,
  0x00,0x47,0xFE};
const u8g_fntpgm_uint8_t fontpage_287_219_219[53] U8G_FONT_SECTION("fontpage_287_219_219") = {
  0x00,0x10,0x13,0x00,0xFC,0x00,0x00,0x00,0x00,0x00,0xDB,0xDB,0x00,0x0E,0xFF,0x00,
  0x00,0x0F,0x0F,0x1E,0x10,0x00,0xFF,0x00,0x90,0x20,0x90,0x10,0x90,0x13,0xFC,0x00,
  0x90,0x00,0x90,0xF0,0x90,0x17,0xFE,0x10,0x90,0x10,0x90,0x11,0x10,0x11,0x10,0x12,
  0x10,0x28,0x00,0x47,0xFE};
const u8g_fntpgm_uint8_t fontpage_287_222_222[53] U8G_FONT_SECTION("fontpage_287_222_222") = {
  0x00,0x10,0x13,0x00,0xFC,0x00,0x00,0x00,0x00,0x00,0xDE,0xDE,0x00,0x0E,0xFF,0x00,
  0x00,0x0F,0x0F,0x1E,0x10,0x00,0xFF,0x00,0x40,0x20,0x40,0x17,0xFE,0x10,0x80,0x00,
  0xA0,0x01,0x20,0xF3,0xFC,0x10,0x20,0x10,0x20,0x10,0x20,0x17,0xFE,0x10,0x20,0x10,
  0x20,0x28,0x20,0x47,0xFE};
const u8g_fntpgm_uint8_t fontpage_287_237_237[53] U8G_FONT_SECTION("fontpage_287_237_237") = {
  0x00,0x10,0x13,0x00,0xFC,0x00,0x00,0x00,0x00,0x00,0xED,0xED,0x00,0x0E,0xFF,0x00,
  0x00,0x0F,0x0F,0x1E,0x10,0x00,0xFF,0x00,0x40,0x22,0x40,0x12,0x40,0x13,0xFC,0x02,
  0x40,0x04,0x40,0xF0,0x40,0x17,0xFE,0x10,0x40,0x10,0xA0,0x10,0x90,0x11,0x08,0x12,
  0x08,0x28,0x00,0x47,0xFE};
const u8g_fntpgm_uint8_t fontpage_287_247_247[53] U8G_FONT_SECTION("fontpage_287_247_247") = {
  0x00,0x10,0x13,0x00,0xFC,0x00,0x00,0x00,0x00,0x00,0xF7,0xF7,0x00,0x0E,0xFF,0x00,
  0x00,0x0F,0x0F,0x1E,0x10,0x00,0xFF,0x00,0x40,0x22,0x48,0x11,0x48,0x11,0x50,0x00,
  0x40,0x07,0xFC,0xF0,0x40,0x10,0xE0,0x11,0x50,0x12,0x48,0x14,0x44,0x10,0x40,0x10,
  0x40,0x28,0x00,0x47,0xFE};
const u8g_fntpgm_uint8_t fontpage_287_249_249[53] U8G_FONT_SECTION("fontpage_287_249_249") = {
  0x00,0x10,0x13,0x00,0xFC,0x00,0x00,0x00,0x00,0x00,0xF9,0xF9,0x00,0x0E,0xFF,0x00,
  0x00,0x0F,0x0F,0x1E,0x10,0x00,0xFF,0x00,0x40,0x20,0x20,0x10,0x20,0x17,0xFE,0x00,
  0x90,0x00,0x90,0xF2,0x94,0x12,0x92,0x14,0x92,0x11,0x10,0x11,0x10,0x12,0x50,0x14,
  0x20,0x28,0x00,0x47,0xFE};
const u8g_fntpgm_uint8_t fontpage_288_128_129[91] U8G_FONT_SECTION("fontpage_288_128_129") = {
  0x00,0x10,0x13,0x00,0xFC,0x00,0x00,0x00,0x00,0x00,0x80,0x81,0x00,0x0E,0xFE,0x00,
  0x00,0x0F,0x0F,0x1E,0x10,0x00,0xFF,0x03,0xF8,0x22,0x08,0x12,0x08,0x13,0xF8,0x02,
  0x08,0x02,0x08,0xF3,0xF8,0x12,0x44,0x12,0x28,0x12,0x10,0x12,0x88,0x13,0x04,0x12,
  0x04,0x28,0x00,0x47,0xFE,0x10,0x10,0x20,0x10,0x00,0xFE,0x02,0x02,0x41,0x04,0x30,
  0x88,0x10,0x10,0x03,0xFE,0x00,0x20,0xF0,0x20,0x10,0x20,0x17,0xFF,0x10,0x20,0x10,
  0x50,0x10,0x88,0x11,0x04,0x2A,0x02,0x44,0x01,0x83,0xFF};
const u8g_fntpgm_uint8_t fontpage_288_137_137[53] U8G_FONT_SECTION("fontpage_288_137_137") = {
  0x00,0x10,0x13,0x00,0xFC,0x00,0x00,0x00,0x00,0x00,0x89,0x89,0x00,0x0E,0xFF,0x00,
  0x00,0x0F,0x0F,0x1E,0x10,0x00,0xFF,0x00,0x40,0x22,0x40,0x12,0x40,0x13,0xF8,0x04,
  0x40,0x00,0x40,0xF7,0xFC,0x11,0x20,0x11,0x20,0x11,0x20,0x12,0x24,0x12,0x24,0x14,
  0x1C,0x28,0x00,0x47,0xFE};
const u8g_fntpgm_uint8_t fontpage_288_144_144[51] U8G_FONT_SECTION("fontpage_288_144_144") = {
  0x00,0x10,0x13,0x00,0xFC,0x00,0x00,0x00,0x00,0x00,0x90,0x90,0x00,0x0D,0xFF,0x00,
  0x00,0x0F,0x0E,0x1C,0x10,0x00,0xFF,0x23,0xFC,0x10,0x40,0x10,0x80,0x01,0x44,0x06,
  0x68,0xF0,0xB0,0x11,0x28,0x16,0x68,0x10,0xA4,0x11,0x24,0x16,0x20,0x10,0xA0,0x28,
  0x40,0x47,0xFE};
const u8g_fntpgm_uint8_t fontpage_288_154_154[53] U8G_FONT_SECTION("fontpage_288_154_154") = {
  0x00,0x10,0x13,0x00,0xFC,0x00,0x00,0x00,0x00,0x00,0x9A,0x9A,0x00,0x0D,0xFE,0x00,
  0x00,0x0F,0x0F,0x1E,0x10,0x00,0xFE,0x47,0xF8,0x20,0x10,0x21,0xA0,0x00,0x40,0x07,
  0xFC,0xE4,0x44,0x24,0x44,0x27,0xFC,0x24,0x44,0x24,0x44,0x27,0xFC,0x24,0x44,0x24,
  0x54,0x54,0x08,0x8F,0xFE};
const u8g_fntpgm_uint8_t fontpage_288_159_159[53] U8G_FONT_SECTION("fontpage_288_159_159") = {
  0x00,0x10,0x13,0x00,0xFC,0x00,0x00,0x00,0x00,0x00,0x9F,0x9F,0x00,0x0E,0xFF,0x00,
  0x00,0x0F,0x0F,0x1E,0x10,0x00,0xFF,0x00,0x40,0x20,0x40,0x17,0xFC,0x10,0x40,0x03,
  0xF8,0x02,0x48,0xF2,0x48,0x13,0xF8,0x10,0xE0,0x11,0x50,0x12,0x48,0x14,0x44,0x10,
  0x40,0x28,0x00,0x47,0xFE};
const u8g_fntpgm_uint8_t fontpage_288_211_211[53] U8G_FONT_SECTION("fontpage_288_211_211") = {
  0x00,0x10,0x13,0x00,0xFC,0x00,0x00,0x00,0x00,0x00,0xD3,0xD3,0x00,0x0E,0xFF,0x00,
  0x00,0x0F,0x0F,0x1E,0x10,0x00,0xFF,0x02,0x08,0x21,0x10,0x10,0x00,0x17,0xFC,0x00,
  0x80,0x03,0xF8,0xF2,0x08,0x13,0xF8,0x12,0x08,0x13,0xF8,0x12,0x08,0x13,0xF8,0x12,
  0x08,0x28,0x00,0x47,0xFE};
const u8g_fntpgm_uint8_t fontpage_288_255_255[53] U8G_FONT_SECTION("fontpage_288_255_255") = {
  0x00,0x10,0x13,0x00,0xFC,0x00,0x00,0x00,0x00,0x00,0xFF,0xFF,0x00,0x0E,0xFF,0x00,
  0x00,0x0F,0x0F,0x1E,0x10,0x00,0xFF,0x00,0x10,0x47,0x88,0x24,0xBE,0x24,0x80,0x04,
  0xA2,0x07,0x94,0xE4,0x3E,0x28,0x08,0x2F,0x88,0x34,0xBE,0x24,0x88,0x27,0x88,0x24,
  0x88,0x50,0x00,0x8F,0xFE};
const u8g_fntpgm_uint8_t fontpage_289_232_232[55] U8G_FONT_SECTION("fontpage_289_232_232") = {
  0x00,0x10,0x13,0x00,0xFC,0x00,0x00,0x00,0x00,0x00,0xE8,0xE8,0x00,0x0E,0xFE,0x00,
  0x00,0x0F,0x10,0x20,0x10,0x00,0xFE,0x10,0x00,0x08,0x3E,0x7F,0xA2,0x00,0x24,0x21,
  0x24,0x12,0x28,0xFF,0xE4,0x00,0x24,0x00,0x22,0x3F,0x22,0x21,0x22,0x21,0x34,0x21,
  0x28,0x3F,0x20,0x21,0x20,0x00,0x20};
const u8g_fntpgm_uint8_t fontpage_290_205_205[53] U8G_FONT_SECTION("fontpage_290_205_205") = {
  0x00,0x10,0x13,0x00,0xFC,0x00,0x00,0x00,0x00,0x00,0xCD,0xCD,0x00,0x0D,0xFE,0x00,
  0x00,0x0F,0x0F,0x1E,0x10,0x00,0xFE,0xFE,0x00,0x28,0xF8,0x28,0x08,0xFE,0x08,0xAA,
  0x08,0xAA,0x08,0xAA,0xF8,0xAE,0x88,0xC2,0x80,0x82,0x80,0xFE,0x80,0x82,0x82,0x82,
  0x82,0xFE,0x7E,0x82,0x00};
const u8g_fntpgm_uint8_t fontpage_291_202_202[55] U8G_FONT_SECTION("fontpage_291_202_202") = {
  0x00,0x10,0x13,0x00,0xFC,0x00,0x00,0x00,0x00,0x00,0xCA,0xCA,0x00,0x0E,0xFE,0x00,
  0x00,0x0F,0x10,0x20,0x10,0x00,0xFE,0x0C,0x00,0xF3,0xFC,0x11,0x04,0x54,0x88,0x38,
  0x50,0x10,0x20,0xFC,0xD8,0x13,0x26,0x30,0x20,0x39,0xFC,0x54,0x20,0x50,0x20,0x93,
  0xFE,0x10,0x20,0x10,0x20,0x10,0x20};
const u8g_fntpgm_uint8_t fontpage_291_205_205[53] U8G_FONT_SECTION("fontpage_291_205_205") = {
  0x00,0x10,0x13,0x00,0xFC,0x00,0x00,0x00,0x00,0x00,0xCD,0xCD,0x00,0x0E,0xFF,0x00,
  0x00,0x0F,0x0F,0x1E,0x10,0x00,0xFF,0x00,0x10,0x00,0xF8,0x3F,0x00,0x01,0x00,0xFF,
  0xFE,0x01,0x00,0x1F,0xF0,0x11,0x10,0x1F,0xF0,0x11,0x10,0x1F,0xF0,0x01,0x00,0x3F,
  0xF8,0x01,0x00,0xFF,0xFE};
const u8g_fntpgm_uint8_t fontpage_291_207_207[53] U8G_FONT_SECTION("fontpage_291_207_207") = {
  0x00,0x10,0x13,0x00,0xFC,0x00,0x00,0x00,0x00,0x00,0xCF,0xCF,0x00,0x0D,0xFE,0x00,
  0x00,0x0F,0x0F,0x1E,0x10,0x00,0xFE,0x1F,0xF0,0x10,0x10,0x1F,0xF0,0x10,0x10,0xFF,
  0xFE,0x00,0x00,0x1F,0xF0,0x11,0x10,0x1F,0xF0,0x11,0x10,0x1F,0xF0,0x01,0x00,0x1F,
  0xF0,0x01,0x00,0x7F,0xFC};
const u8g_fntpgm_uint8_t fontpage_297_136_136[55] U8G_FONT_SECTION("fontpage_297_136_136") = {
  0x00,0x10,0x13,0x00,0xFC,0x00,0x00,0x00,0x00,0x00,0x88,0x88,0x00,0x0E,0xFE,0x00,
  0x00,0x0F,0x10,0x20,0x10,0x00,0xFE,0x10,0x20,0x10,0x20,0x1E,0x20,0x20,0x20,0x20,
  0x20,0x7C,0x20,0x93,0xFE,0x10,0x20,0xFE,0x20,0x10,0x20,0x10,0x20,0x12,0x20,0x14,
  0x20,0x18,0x20,0x10,0x20,0x00,0x20};
const u8g_fntpgm_uint8_t fontpage_297_174_174[53] U8G_FONT_SECTION("fontpage_297_174_174") = {
  0x00,0x10,0x13,0x00,0xFC,0x00,0x00,0x00,0x00,0x00,0xAE,0xAE,0x00,0x0E,0xFF,0x00,
  0x00,0x0F,0x0F,0x1E,0x10,0x00,0xFF,0x10,0x00,0x11,0xF8,0x3C,0x48,0x20,0x48,0x40,
  0x48,0xBC,0x48,0x10,0x48,0x11,0xF8,0xFC,0x88,0x10,0x88,0x10,0x88,0x10,0x88,0x14,
  0x88,0x18,0x88,0x13,0xFE};
const u8g_fntpgm_uint8_t fontpage_298_129_129[55] U8G_FONT_SECTION("fontpage_298_129_129") = {
  0x00,0x10,0x13,0x00,0xFC,0x00,0x00,0x00,0x00,0x00,0x81,0x81,0x00,0x0E,0xFE,0x00,
  0x00,0x0F,0x10,0x20,0x10,0x00,0xFE,0x10,0x20,0x11,0x24,0x3C,0xA4,0x20,0xA8,0x40,
  0x20,0xBD,0xFC,0x11,0x04,0x11,0x24,0xFD,0x24,0x11,0x24,0x11,0x24,0x11,0x24,0x14,
  0x50,0x18,0x88,0x11,0x04,0x02,0x02};
const u8g_fntpgm_uint8_t fontpage_298_153_153[55] U8G_FONT_SECTION("fontpage_298_153_153") = {
  0x00,0x10,0x13,0x00,0xFC,0x00,0x00,0x00,0x00,0x00,0x99,0x99,0x00,0x0E,0xFE,0x00,
  0x00,0x0F,0x10,0x20,0x10,0x00,0xFE,0x21,0x10,0x21,0x10,0x39,0x10,0x27,0xFC,0x41,
  0x10,0x79,0x10,0xAF,0xFE,0x20,0x00,0xFB,0xF8,0x22,0x08,0x22,0x08,0x23,0xF8,0x2A,
  0x08,0x32,0x08,0x23,0xF8,0x02,0x08};
const u8g_fntpgm_uint8_t fontpage_298_220_220[55] U8G_FONT_SECTION("fontpage_298_220_220") = {
  0x00,0x10,0x13,0x00,0xFC,0x00,0x00,0x00,0x00,0x00,0xDC,0xDC,0x00,0x0E,0xFE,0x00,
  0x00,0x0F,0x10,0x20,0x10,0x00,0xFE,0x20,0x80,0x20,0x40,0x3B,0xF8,0x21,0x10,0x40,
  0xA0,0x77,0xFE,0xA0,0x00,0x23,0xF8,0xFA,0x08,0x23,0xF8,0x22,0x08,0x23,0xF8,0x29,
  0x20,0x31,0x22,0x22,0x22,0x0C,0x1E};
const u8g_fntpgm_uint8_t fontpage_298_255_255[55] U8G_FONT_SECTION("fontpage_298_255_255") = {
  0x00,0x10,0x13,0x00,0xFC,0x00,0x00,0x00,0x00,0x00,0xFF,0xFF,0x00,0x0E,0xFE,0x00,
  0x00,0x0F,0x10,0x20,0x10,0x00,0xFE,0x08,0x00,0x08,0x10,0x08,0x20,0x08,0x40,0x08,
  0x80,0x09,0x00,0x08,0x00,0xFF,0xFE,0x0A,0x00,0x09,0x00,0x08,0x80,0x08,0x40,0x09,
  0x20,0x0A,0x18,0x0C,0x06,0x08,0x00};
const u8g_fntpgm_uint8_t fontpage_299_237_237[55] U8G_FONT_SECTION("fontpage_299_237_237") = {
  0x00,0x10,0x13,0x00,0xFC,0x00,0x00,0x00,0x00,0x00,0xED,0xED,0x00,0x0E,0xFE,0x00,
  0x00,0x0D,0x10,0x20,0x10,0x01,0xFE,0x40,0x00,0x2F,0xF8,0x00,0x08,0x81,0x08,0x81,
  0x08,0xBF,0xE8,0x81,0x08,0x83,0x08,0x85,0x08,0x89,0x08,0x91,0x08,0xA1,0x08,0x85,
  0x08,0x82,0x08,0x80,0x28,0x80,0x10};
const u8g_fntpgm_uint8_t fontpage_299_242_242[55] U8G_FONT_SECTION("fontpage_299_242_242") = {
  0x00,0x10,0x13,0x00,0xFC,0x00,0x00,0x00,0x00,0x00,0xF2,0xF2,0x00,0x0E,0xFE,0x00,
  0x00,0x0D,0x10,0x20,0x10,0x01,0xFE,0x40,0x00,0x2F,0xF8,0x00,0x08,0x82,0x08,0x82,
  0x08,0x82,0x08,0xBF,0xE8,0x82,0x08,0x87,0x08,0x8A,0x88,0x92,0x48,0xA2,0x28,0x82,
  0x08,0x82,0x08,0x80,0x28,0x80,0x10};
const u8g_fntpgm_uint8_t fontpage_299_244_244[55] U8G_FONT_SECTION("fontpage_299_244_244") = {
  0x00,0x10,0x13,0x00,0xFC,0x00,0x00,0x00,0x00,0x00,0xF4,0xF4,0x00,0x0E,0xFE,0x00,
  0x00,0x0D,0x10,0x20,0x10,0x01,0xFE,0x40,0x00,0x27,0xF8,0x20,0x08,0x80,0x08,0x8F,
  0x88,0x88,0x88,0x88,0x88,0x88,0x88,0x8F,0x88,0x88,0x88,0x88,0x88,0x88,0x88,0x8F,
  0x88,0x80,0x08,0x80,0x28,0x80,0x10};
const u8g_fntpgm_uint8_t fontpage_300_136_136[55] U8G_FONT_SECTION("fontpage_300_136_136") = {
  0x00,0x10,0x13,0x00,0xFC,0x00,0x00,0x00,0x00,0x00,0x88,0x88,0x00,0x0E,0xFE,0x00,
  0x00,0x0D,0x10,0x20,0x10,0x01,0xFE,0x40,0x00,0x2F,0xF8,0x01,0x08,0x81,0x48,0x81,
  0x28,0xBF,0xE8,0x81,0x08,0x9D,0x48,0x95,0x48,0x9D,0x48,0x81,0x88,0x8C,0xA8,0xB1,
  0x68,0x82,0x28,0x84,0x08,0x80,0x18};
const u8g_fntpgm_uint8_t fontpage_300_159_159[55] U8G_FONT_SECTION("fontpage_300_159_159") = {
  0x00,0x10,0x13,0x00,0xFC,0x00,0x00,0x00,0x00,0x00,0x9F,0x9F,0x00,0x0E,0xFE,0x00,
  0x00,0x0E,0x10,0x20,0x10,0x01,0xFE,0x00,0x80,0xF8,0x80,0x88,0x80,0x90,0x80,0x90,
  0x80,0xA0,0x80,0x90,0x80,0x90,0x80,0x89,0x40,0x89,0x40,0x89,0x40,0xD2,0x20,0xA2,
  0x20,0x84,0x10,0x88,0x08,0x90,0x04};
const u8g_fntpgm_uint8_t fontpage_300_182_182[55] U8G_FONT_SECTION("fontpage_300_182_182") = {
  0x00,0x10,0x13,0x00,0xFC,0x00,0x00,0x00,0x00,0x00,0xB6,0xB6,0x00,0x0E,0xFE,0x00,
  0x00,0x0E,0x10,0x20,0x10,0x01,0xFE,0x00,0x40,0xF8,0x40,0x88,0xA0,0x90,0xA0,0x91,
  0x10,0xA2,0x08,0x94,0x04,0x91,0x10,0x89,0x10,0x89,0x10,0x89,0x10,0xD1,0x10,0xA1,
  0x10,0x82,0x10,0x82,0x10,0x84,0x10};
const u8g_fntpgm_uint8_t fontpage_300_187_187[53] U8G_FONT_SECTION("fontpage_300_187_187") = {
  0x00,0x10,0x13,0x00,0xFC,0x00,0x00,0x00,0x00,0x00,0xBB,0xBB,0x00,0x0D,0xFE,0x00,
  0x00,0x0E,0x0F,0x1E,0x10,0x01,0xFE,0xFB,0xF0,0x8A,0x10,0x92,0x10,0x92,0x10,0xA3,
  0xF0,0x92,0x10,0x92,0x10,0x8A,0x10,0x8B,0xF0,0x8A,0x10,0xD2,0x10,0xA2,0x10,0x82,
  0x10,0x8F,0xFC,0x80,0x00};
const u8g_fntpgm_uint8_t fontpage_300_205_205[55] U8G_FONT_SECTION("fontpage_300_205_205") = {
  0x00,0x10,0x13,0x00,0xFC,0x00,0x00,0x00,0x00,0x00,0xCD,0xCD,0x00,0x0E,0xFE,0x00,
  0x00,0x0E,0x10,0x20,0x10,0x01,0xFE,0x01,0x00,0xF9,0x00,0x89,0xF8,0x92,0x10,0x95,
  0x20,0xA0,0xC0,0x93,0x30,0x9C,0x4C,0x88,0x40,0x8B,0xF8,0x88,0x40,0xD4,0x40,0xA7,
  0xFC,0x80,0x40,0x80,0x40,0x80,0x40};
const u8g_fntpgm_uint8_t fontpage_300_208_208[53] U8G_FONT_SECTION("fontpage_300_208_208") = {
  0x00,0x10,0x13,0x00,0xFC,0x00,0x00,0x00,0x00,0x00,0xD0,0xD0,0x00,0x0D,0xFE,0x00,
  0x00,0x0E,0x0F,0x1E,0x10,0x01,0xFE,0xF7,0xF0,0x94,0x10,0xA4,0x10,0xA7,0xF0,0xC4,
  0x10,0xA4,0x10,0x97,0xF0,0x94,0x88,0x94,0x90,0xD4,0x60,0xA4,0x40,0x84,0x20,0x85,
  0x10,0x86,0x0C,0x84,0x00};
const u8g_fntpgm_uint8_t fontpage_300_228_228[53] U8G_FONT_SECTION("fontpage_300_228_228") = {
  0x00,0x10,0x13,0x00,0xFC,0x00,0x00,0x00,0x00,0x00,0xE4,0xE4,0x00,0x0D,0xFE,0x00,
  0x00,0x0E,0x0F,0x1E,0x10,0x01,0xFE,0xF0,0x80,0x90,0x80,0xA1,0x40,0xA2,0x20,0xC4,
  0x10,0xAB,0xEC,0x90,0x80,0x90,0x80,0x97,0xF8,0xD0,0x80,0xA2,0xA0,0x84,0x90,0x88,
  0x88,0x82,0x88,0x81,0x00};
const u8g_fntpgm_uint8_t fontpage_300_233_233[55] U8G_FONT_SECTION("fontpage_300_233_233") = {
  0x00,0x10,0x13,0x00,0xFC,0x00,0x00,0x00,0x00,0x00,0xE9,0xE9,0x00,0x0E,0xFE,0x00,
  0x00,0x0E,0x10,0x20,0x10,0x01,0xFE,0x00,0x80,0xF0,0x80,0x91,0x40,0xA1,0x40,0xA2,
  0x20,0xC4,0x10,0xAB,0xEC,0x90,0x00,0x91,0x10,0x90,0x90,0xD4,0x90,0xA2,0xA0,0x82,
  0x20,0x80,0x40,0x8F,0xFC,0x80,0x00};
const u8g_fntpgm_uint8_t fontpage_301_156_156[55] U8G_FONT_SECTION("fontpage_301_156_156") = {
  0x00,0x10,0x13,0x00,0xFC,0x00,0x00,0x00,0x00,0x00,0x9C,0x9C,0x00,0x0E,0xFE,0x00,
  0x00,0x0E,0x10,0x20,0x10,0x01,0xFE,0x00,0x40,0xFB,0xF8,0x89,0x10,0x90,0xA0,0x97,
  0xFC,0xA0,0x00,0x93,0xF8,0x92,0x08,0x8B,0xF8,0x8A,0x08,0x8B,0xF8,0xD0,0x40,0xA7,
  0xFC,0x80,0x40,0x80,0x40,0x80,0x40};
const u8g_fntpgm_uint8_t fontpage_301_246_246[55] U8G_FONT_SECTION("fontpage_301_246_246") = {
  0x00,0x10,0x13,0x00,0xFC,0x00,0x00,0x00,0x00,0x00,0xF6,0xF6,0x00,0x0E,0xFE,0x00,
  0x00,0x0F,0x10,0x20,0x10,0x00,0xFE,0x3F,0xF8,0x01,0x00,0x7F,0xFE,0x41,0x02,0x9D,
  0x74,0x01,0x00,0x1D,0x70,0x02,0x80,0x0C,0x60,0x32,0x18,0xC1,0x06,0x1F,0xE0,0x00,
  0x20,0x06,0x40,0x01,0x80,0x00,0x40};
const u8g_fntpgm_uint8_t fontpage_302_128_128[53] U8G_FONT_SECTION("fontpage_302_128_128") = {
  0x00,0x10,0x13,0x00,0xFC,0x00,0x00,0x00,0x00,0x00,0x80,0x80,0x00,0x0D,0xFE,0x00,
  0x00,0x0F,0x0F,0x1E,0x10,0x00,0xFE,0x3F,0xF8,0x01,0x00,0x7F,0xFE,0x41,0x02,0x9D,
  0x74,0x01,0x00,0x1D,0x70,0x00,0x00,0xFF,0xFE,0x02,0x00,0x3F,0xF8,0x24,0x88,0x24,
  0x88,0x24,0xA8,0x20,0x10};
const u8g_fntpgm_uint8_t fontpage_302_210_210[55] U8G_FONT_SECTION("fontpage_302_210_210") = {
  0x00,0x10,0x13,0x00,0xFC,0x00,0x00,0x00,0x00,0x00,0xD2,0xD2,0x00,0x0E,0xFE,0x00,
  0x00,0x0F,0x10,0x20,0x10,0x00,0xFE,0x01,0x00,0x01,0x00,0x7F,0xFC,0x01,0x00,0x3F,
  0xF8,0x01,0x00,0xFF,0xFE,0x00,0x00,0x1F,0xF0,0x10,0x10,0x1F,0xF0,0x10,0x10,0x1F,
  0xF0,0x10,0x10,0x10,0x50,0x10,0x20};
const u8g_fntpgm_uint8_t fontpage_302_222_222[55] U8G_FONT_SECTION("fontpage_302_222_222") = {
  0x00,0x10,0x13,0x00,0xFC,0x00,0x00,0x00,0x00,0x00,0xDE,0xDE,0x00,0x0E,0xFE,0x00,
  0x00,0x0F,0x10,0x20,0x10,0x00,0xFE,0x04,0x40,0x04,0x40,0x04,0x40,0xFC,0x7E,0x04,
  0x40,0x04,0x40,0x04,0x40,0x7C,0x7C,0x04,0x40,0x04,0x40,0x04,0x40,0x04,0x40,0xFC,
  0x7E,0x04,0x40,0x04,0x40,0x04,0x40};
const u8g_fntpgm_uint8_t fontpage_302_224_224[55] U8G_FONT_SECTION("fontpage_302_224_224") = {
  0x00,0x10,0x13,0x00,0xFC,0x00,0x00,0x00,0x00,0x00,0xE0,0xE0,0x00,0x0E,0xFE,0x00,
  0x00,0x0F,0x10,0x20,0x10,0x00,0xFE,0x11,0x00,0x1F,0xF0,0x21,0x00,0xFF,0xFE,0x00,
  0x00,0x1F,0xF0,0x10,0x10,0x1F,0xF0,0x04,0x40,0x7C,0x7C,0x04,0x40,0x3C,0x78,0x04,
  0x40,0x7C,0x7C,0x04,0x40,0x04,0x40};
const u8g_fntpgm_uint8_t fontpage_302_226_226[53] U8G_FONT_SECTION("fontpage_302_226_226") = {
  0x00,0x10,0x13,0x00,0xFC,0x00,0x00,0x00,0x00,0x00,0xE2,0xE2,0x00,0x0D,0xFE,0x00,
  0x00,0x0F,0x0F,0x1E,0x10,0x00,0xFE,0xFF,0xFE,0x02,0x00,0x02,0x00,0x04,0x00,0x3F,
  0xF8,0x24,0x48,0x24,0x48,0x27,0xC8,0x24,0x48,0x24,0x48,0x27,0xC8,0x24,0x48,0x24,
  0x48,0x3F,0xF8,0x20,0x08};
const u8g_fntpgm_uint8_t fontpage_303_243_243[55] U8G_FONT_SECTION("fontpage_303_243_243") = {
  0x00,0x10,0x13,0x00,0xFC,0x00,0x00,0x00,0x00,0x00,0xF3,0xF3,0x00,0x0E,0xFE,0x00,
  0x00,0x0F,0x10,0x20,0x10,0x00,0xFE,0x02,0x00,0x01,0x00,0x3F,0xF8,0x00,0x00,0x08,
  0x20,0x04,0x40,0xFF,0xFE,0x00,0x00,0x1F,0xF0,0x10,0x10,0x10,0x10,0x1F,0xF0,0x10,
  0x10,0x10,0x10,0x1F,0xF0,0x10,0x10};
const u8g_fntpgm_uint8_t fontpage_304_245_245[53] U8G_FONT_SECTION("fontpage_304_245_245") = {
  0x00,0x10,0x13,0x00,0xFC,0x00,0x00,0x00,0x00,0x00,0xF5,0xF5,0x00,0x0D,0xFE,0x00,
  0x00,0x0D,0x0F,0x1E,0x10,0x01,0xFE,0xFF,0xF8,0x04,0x00,0x08,0x00,0x3F,0xE0,0x20,
  0x20,0x22,0x20,0x22,0x20,0x22,0x20,0x22,0x20,0x22,0x20,0x25,0x20,0x04,0x80,0x08,
  0x40,0x30,0x20,0xC0,0x10};
const u8g_fntpgm_uint8_t fontpage_304_249_249[53] U8G_FONT_SECTION("fontpage_304_249_249") = {
  0x00,0x10,0x13,0x00,0xFC,0x00,0x00,0x00,0x00,0x00,0xF9,0xF9,0x00,0x0D,0xFE,0x00,
  0x00,0x0F,0x0F,0x1E,0x10,0x00,0xFE,0x01,0xFE,0x00,0x20,0xFC,0x40,0x11,0xFC,0x11,
  0x04,0x11,0x24,0x11,0x24,0x11,0x24,0x11,0x24,0x11,0x24,0x1D,0x44,0xE0,0x50,0x40,
  0x88,0x01,0x04,0x02,0x02};
const u8g_fntpgm_uint8_t fontpage_305_132_132[53] U8G_FONT_SECTION("fontpage_305_132_132") = {
  0x00,0x10,0x13,0x00,0xFC,0x00,0x00,0x00,0x00,0x00,0x84,0x84,0x00,0x0D,0xFE,0x00,
  0x00,0x0F,0x0F,0x1E,0x10,0x00,0xFE,0xF9,0xFE,0x08,0x20,0x50,0x40,0x21,0xFC,0x11,
  0x04,0xFD,0x24,0x25,0x24,0x29,0x24,0x21,0x24,0x21,0x24,0x21,0x44,0x20,0x50,0x20,
  0x88,0xA1,0x04,0x42,0x02};
const u8g_fntpgm_uint8_t fontpage_305_145_145[55] U8G_FONT_SECTION("fontpage_305_145_145") = {
  0x00,0x10,0x13,0x00,0xFC,0x00,0x00,0x00,0x00,0x00,0x91,0x91,0x00,0x0E,0xFE,0x00,
  0x00,0x0F,0x10,0x20,0x10,0x00,0xFE,0x10,0x00,0x11,0xFE,0x50,0x20,0x5C,0x40,0x51,
  0xFC,0x51,0x04,0xFF,0x24,0x01,0x24,0x11,0x24,0x55,0x24,0x55,0x24,0x55,0x44,0x84,
  0x50,0x08,0x88,0x31,0x04,0xC2,0x02};
const u8g_fntpgm_uint8_t fontpage_305_156_157[93] U8G_FONT_SECTION("fontpage_305_156_157") = {
  0x00,0x10,0x13,0x00,0xFC,0x00,0x00,0x00,0x00,0x00,0x9C,0x9D,0x00,0x0E,0xFE,0x00,
  0x00,0x0F,0x10,0x20,0x10,0x00,0xFE,0x10,0x00,0x08,0xFE,0x7F,0x10,0x22,0x20,0x14,
  0x7C,0x7F,0x44,0x44,0x54,0x48,0x54,0x52,0x54,0x44,0x54,0x48,0x54,0x51,0x54,0x42,
  0x28,0x44,0x24,0x88,0x42,0x30,0x82,0x0F,0x10,0x20,0x10,0x00,0xFE,0x10,0x00,0x08,
  0xFE,0x7F,0x10,0x41,0x20,0x10,0x7C,0x1E,0x44,0x22,0x54,0x54,0x54,0x08,0x54,0x14,
  0x54,0x22,0x54,0x7F,0x54,0xA2,0x28,0x22,0x24,0x3E,0x42,0x22,0x82};
const u8g_fntpgm_uint8_t fontpage_305_206_206[53] U8G_FONT_SECTION("fontpage_305_206_206") = {
  0x00,0x10,0x13,0x00,0xFC,0x00,0x00,0x00,0x00,0x00,0xCE,0xCE,0x00,0x0D,0xFE,0x00,
  0x00,0x0F,0x0F,0x1E,0x10,0x00,0xFE,0x3F,0xF0,0x20,0x10,0x20,0x10,0x28,0x50,0x24,
  0x50,0x22,0x90,0x22,0x90,0x21,0x10,0x21,0x10,0x22,0x90,0x22,0x92,0x24,0x4A,0x48,
  0x4A,0x40,0x06,0x80,0x02};
const u8g_fntpgm_uint8_t fontpage_306_241_241[53] U8G_FONT_SECTION("fontpage_306_241_241") = {
  0x00,0x10,0x13,0x00,0xFC,0x00,0x00,0x00,0x00,0x00,0xF1,0xF1,0x00,0x0E,0xFF,0x00,
  0x00,0x0F,0x0F,0x1E,0x10,0x00,0xFF,0x20,0x80,0x20,0x80,0x21,0xFC,0x39,0x04,0x4A,
  0x04,0x55,0xF4,0x81,0x14,0x21,0x14,0x21,0x14,0x21,0xF4,0x21,0x04,0x21,0x28,0x29,
  0x12,0x31,0x02,0x20,0xFE};
const u8g_fntpgm_uint8_t fontpage_307_150_150[55] U8G_FONT_SECTION("fontpage_307_150_150") = {
  0x00,0x10,0x13,0x00,0xFC,0x00,0x00,0x00,0x00,0x00,0x96,0x96,0x00,0x0E,0xFE,0x00,
  0x00,0x0F,0x10,0x20,0x10,0x00,0xFE,0x10,0x10,0x08,0x20,0xFF,0xFE,0x02,0x00,0x04,
  0x00,0x3F,0xF8,0x20,0x08,0x20,0x08,0x3F,0xF8,0x20,0x08,0x20,0x08,0x3F,0xF8,0x20,
  0x08,0x20,0x08,0x3F,0xF8,0x20,0x08};
const u8g_fntpgm_uint8_t fontpage_308_236_236[53] U8G_FONT_SECTION("fontpage_308_236_236") = {
  0x00,0x10,0x13,0x00,0xFC,0x00,0x00,0x00,0x00,0x00,0xEC,0xEC,0x00,0x0D,0xFE,0x00,
  0x00,0x0E,0x0F,0x1E,0x10,0x00,0xFE,0x7F,0xE0,0x00,0x20,0x00,0x20,0x10,0x20,0x10,
  0x20,0x10,0x20,0x1F,0xFC,0x00,0x04,0x00,0x04,0x00,0x04,0xFF,0xE4,0x00,0x04,0x00,
  0x04,0x00,0x28,0x00,0x10};
const u8g_fntpgm_uint8_t fontpage_308_241_241[53] U8G_FONT_SECTION("fontpage_308_241_241") = {
  0x00,0x10,0x13,0x00,0xFC,0x00,0x00,0x00,0x00,0x00,0xF1,0xF1,0x00,0x0D,0xFE,0x00,
  0x00,0x0F,0x0F,0x1E,0x10,0x00,0xFE,0xF9,0xFE,0x09,0x00,0x49,0x04,0x49,0x44,0x49,
  0x28,0x49,0x28,0x7D,0x10,0x05,0x10,0x05,0x28,0x1D,0x28,0xE5,0x44,0x45,0x84,0x05,
  0x00,0x29,0xFE,0x10,0x00};
const u8g_fntpgm_uint8_t fontpage_309_140_140[55] U8G_FONT_SECTION("fontpage_309_140_140") = {
  0x00,0x10,0x13,0x00,0xFC,0x00,0x00,0x00,0x00,0x00,0x8C,0x8C,0x00,0x0E,0xFE,0x00,
  0x00,0x0F,0x10,0x20,0x10,0x00,0xFE,0x00,0x20,0xF8,0x20,0x08,0x50,0x48,0x50,0x48,
  0x88,0x49,0x04,0x4A,0xFA,0x7C,0x00,0x04,0x44,0x04,0x24,0x1D,0x24,0xE4,0xA8,0x44,
  0x88,0x04,0x10,0x2B,0xFE,0x10,0x00};
const u8g_fntpgm_uint8_t fontpage_309_216_216[55] U8G_FONT_SECTION("fontpage_309_216_216") = {
  0x00,0x10,0x13,0x00,0xFC,0x00,0x00,0x00,0x00,0x00,0xD8,0xD8,0x00,0x0E,0xFE,0x00,
  0x00,0x0F,0x10,0x20,0x10,0x00,0xFE,0x02,0x00,0x01,0x00,0xFF,0xFE,0x00,0x00,0x0F,
  0xE0,0x08,0x20,0x08,0x20,0x0F,0xE0,0x00,0x00,0x7F,0xFC,0x40,0x04,0x4F,0xE4,0x48,
  0x24,0x48,0x24,0x4F,0xE4,0x40,0x0C};
const u8g_fntpgm_uint8_t fontpage_317_196_196[55] U8G_FONT_SECTION("fontpage_317_196_196") = {
  0x00,0x10,0x13,0x00,0xFC,0x00,0x00,0x00,0x00,0x00,0xC4,0xC4,0x00,0x0E,0xFE,0x00,
  0x00,0x0F,0x10,0x20,0x10,0x00,0xFE,0x04,0x40,0x04,0x40,0x3F,0xF8,0x04,0x40,0x04,
  0x40,0xFF,0xFE,0x01,0x00,0x1F,0xF0,0x11,0x10,0x1F,0xF0,0x11,0x10,0x1F,0xF0,0x00,
  0x00,0x08,0x20,0x10,0x10,0x60,0x0C};
const u8g_fntpgm_uint8_t fontpage_317_216_216[55] U8G_FONT_SECTION("fontpage_317_216_216") = {
  0x00,0x10,0x13,0x00,0xFC,0x00,0x00,0x00,0x00,0x00,0xD8,0xD8,0x00,0x0E,0xFE,0x00,
  0x00,0x0F,0x10,0x20,0x10,0x00,0xFE,0x00,0x20,0xFE,0x28,0x92,0x24,0xD6,0x24,0xBA,
  0x20,0x93,0xFE,0xFE,0x20,0x10,0x20,0xFE,0x20,0x10,0x50,0x1E,0x50,0xE0,0x50,0x02,
  0x88,0xAA,0x88,0xA9,0x04,0x82,0x02};
const u8g_fntpgm_uint8_t fontpage_317_222_222[55] U8G_FONT_SECTION("fontpage_317_222_222") = {
  0x00,0x10,0x13,0x00,0xFC,0x00,0x00,0x00,0x00,0x00,0xDE,0xDE,0x00,0x0E,0xFE,0x00,
  0x00,0x0F,0x10,0x20,0x10,0x00,0xFE,0x00,0x10,0xFE,0x10,0x92,0x10,0xD6,0x10,0xBA,
  0x1E,0x92,0x10,0xFE,0x10,0x10,0x10,0xFE,0xFE,0x10,0x82,0x1E,0x82,0xE0,0x82,0x02,
  0x82,0xAA,0x82,0xA8,0xFE,0x80,0x82};
const u8g_fntpgm_uint8_t fontpage_318_147_147[55] U8G_FONT_SECTION("fontpage_318_147_147") = {
  0x00,0x10,0x13,0x00,0xFC,0x00,0x00,0x00,0x00,0x00,0x93,0x93,0x00,0x0E,0xFE,0x00,
  0x00,0x0F,0x10,0x20,0x10,0x00,0xFE,0x08,0x10,0x08,0x10,0xFF,0x10,0x08,0xFE,0x08,
  0x10,0x7E,0x10,0x00,0xFC,0x7E,0x44,0x42,0x44,0x42,0x44,0x7E,0x28,0x42,0x28,0x24,
  0x10,0x0F,0x28,0xF0,0x44,0x40,0x82};
const u8g_fntpgm_uint8_t fontpage_318_208_208[55] U8G_FONT_SECTION("fontpage_318_208_208") = {
  0x00,0x10,0x13,0x00,0xFC,0x00,0x00,0x00,0x00,0x00,0xD0,0xD0,0x00,0x0E,0xFE,0x00,
  0x00,0x0F,0x10,0x20,0x10,0x00,0xFE,0x02,0x00,0x01,0x00,0x7F,0xFC,0x08,0x20,0x04,
  0x40,0x03,0x80,0x0C,0x60,0x30,0x18,0xC8,0x26,0x08,0x20,0x08,0x20,0x08,0x20,0x08,
  0x20,0x10,0x20,0x10,0x20,0x20,0x20};
const u8g_fntpgm_uint8_t fontpage_510_154_154[31] U8G_FONT_SECTION("fontpage_510_154_154") = {
  0x00,0x10,0x13,0x00,0xFC,0x00,0x00,0x00,0x00,0x00,0x9A,0x9A,0x00,0x0A,0x00,0x00,
  0x00,0x02,0x08,0x08,0x10,0x07,0x02,0xC0,0xC0,0x00,0x00,0x00,0x00,0xC0,0xC0};

static const uxg_fontinfo_t g_fontinfo_zh_CN[] PROGMEM = {
  FONTDATA_ITEM(69, 191, 191, fontpage_69_191_191), // ' ⊿ ' - ' ⊿ '
  FONTDATA_ITEM(96, 130, 130, fontpage_96_130_130), // ' 。 ' - ' 。 '
  FONTDATA_ITEM(156, 128, 128, fontpage_156_128_128), // ' 一 ' - ' 一 '
  FONTDATA_ITEM(156, 137, 139, fontpage_156_137_139), // ' 三 ' - ' 下 '
  FONTDATA_ITEM(156, 141, 141, fontpage_156_141_141), // ' 不 ' - ' 不 '
  FONTDATA_ITEM(156, 147, 148, fontpage_156_147_148), // ' 专 ' - ' 且 '
  FONTDATA_ITEM(156, 157, 157, fontpage_156_157_157), // ' 丝 ' - ' 丝 '
  FONTDATA_ITEM(156, 170, 170, fontpage_156_170_170), // ' 个 ' - ' 个 '
  FONTDATA_ITEM(156, 173, 173, fontpage_156_173_173), // ' 中 ' - ' 中 '
  FONTDATA_ITEM(156, 186, 187, fontpage_156_186_187), // ' 为 ' - ' 主 '
  FONTDATA_ITEM(156, 201, 201, fontpage_156_201_201), // ' 义 ' - ' 义 '
  FONTDATA_ITEM(156, 203, 203, fontpage_156_203_203), // ' 之 ' - ' 之 '
  FONTDATA_ITEM(157, 134, 134, fontpage_157_134_134), // ' 了 ' - ' 了 '
  FONTDATA_ITEM(157, 140, 140, fontpage_157_140_140), // ' 二 ' - ' 二 '
  FONTDATA_ITEM(157, 142, 142, fontpage_157_142_142), // ' 于 ' - ' 于 '
  FONTDATA_ITEM(157, 164, 164, fontpage_157_164_164), // ' 交 ' - ' 交 '
  FONTDATA_ITEM(157, 174, 174, fontpage_157_174_174), // ' 亮 ' - ' 亮 '
  FONTDATA_ITEM(157, 203, 203, fontpage_157_203_203), // ' 介 ' - ' 介 '
  FONTDATA_ITEM(157, 206, 206, fontpage_157_206_206), // ' 从 ' - ' 从 '
  FONTDATA_ITEM(157, 227, 229, fontpage_157_227_229), // ' 代 ' - ' 以 '
  FONTDATA_ITEM(157, 246, 246, fontpage_157_246_246), // ' 件 ' - ' 件 '
  FONTDATA_ITEM(157, 251, 251, fontpage_157_251_251), // ' 任 ' - ' 任 '
  FONTDATA_ITEM(157, 253, 253, fontpage_157_253_253), // ' 份 ' - ' 份 '
  FONTDATA_ITEM(158, 145, 145, fontpage_158_145_145), // ' 休 ' - ' 休 '
  FONTDATA_ITEM(158, 160, 160, fontpage_158_160_160), // ' 传 ' - ' 传 '
  FONTDATA_ITEM(158, 205, 207, fontpage_158_205_207), // ' 位 ' - ' 住 '
  FONTDATA_ITEM(158, 211, 211, fontpage_158_211_211), // ' 体 ' - ' 体 '
  FONTDATA_ITEM(158, 217, 217, fontpage_158_217_217), // ' 余 ' - ' 余 '
  FONTDATA_ITEM(158, 220, 220, fontpage_158_220_220), // ' 作 ' - ' 作 '
  FONTDATA_ITEM(158, 255, 255, fontpage_158_255_255), // ' 使 ' - ' 使 '
  FONTDATA_ITEM(159, 155, 155, fontpage_159_155_155), // ' 供 ' - ' 供 '
  FONTDATA_ITEM(159, 181, 181, fontpage_159_181_181), // ' 侵 ' - ' 侵 '
  FONTDATA_ITEM(159, 221, 221, fontpage_159_221_221), // ' 保 ' - ' 保 '
  FONTDATA_ITEM(159, 225, 225, fontpage_159_225_225), // ' 信 ' - ' 信 '
  FONTDATA_ITEM(159, 238, 238, fontpage_159_238_238), // ' 修 ' - ' 修 '
  FONTDATA_ITEM(160, 188, 188, fontpage_160_188_188), // ' 值 ' - ' 值 '
  FONTDATA_ITEM(160, 190, 190, fontpage_160_190_190), // ' 倾 ' - ' 倾 '
  FONTDATA_ITEM(160, 207, 207, fontpage_160_207_207), // ' 偏 ' - ' 偏 '
  FONTDATA_ITEM(160, 220, 220, fontpage_160_220_220), // ' 停 ' - ' 停 '
  FONTDATA_ITEM(160, 255, 255, fontpage_160_255_255), // ' 偿 ' - ' 偿 '
  FONTDATA_ITEM(161, 168, 168, fontpage_161_168_168), // ' 储 ' - ' 储 '
  FONTDATA_ITEM(161, 207, 207, fontpage_161_207_207), // ' 像 ' - ' 像 '
  FONTDATA_ITEM(162, 193, 193, fontpage_162_193_193), // ' 允 ' - ' 允 '
  FONTDATA_ITEM(162, 197, 197, fontpage_162_197_197), // ' 充 ' - ' 充 '
  FONTDATA_ITEM(162, 200, 201, fontpage_162_200_201), // ' 先 ' - ' 光 '
  FONTDATA_ITEM(162, 205, 205, fontpage_162_205_205), // ' 免 ' - ' 免 '
  FONTDATA_ITEM(162, 229, 229, fontpage_162_229_229), // ' 入 ' - ' 入 '
  FONTDATA_ITEM(162, 232, 232, fontpage_162_232_232), // ' 全 ' - ' 全 '
  FONTDATA_ITEM(162, 236, 236, fontpage_162_236_236), // ' 公 ' - ' 公 '
  FONTDATA_ITEM(162, 241, 241, fontpage_162_241_241), // ' 共 ' - ' 共 '
  FONTDATA_ITEM(162, 243, 243, fontpage_162_243_243), // ' 关 ' - ' 关 '
  FONTDATA_ITEM(162, 246, 247, fontpage_162_246_247), // ' 其 ' - ' 具 '
  FONTDATA_ITEM(163, 133, 133, fontpage_163_133_133), // ' 内 ' - ' 内 '
  FONTDATA_ITEM(163, 141, 141, fontpage_163_141_141), // ' 再 ' - ' 再 '
  FONTDATA_ITEM(163, 151, 151, fontpage_163_151_151), // ' 冗 ' - ' 冗 '
  FONTDATA_ITEM(163, 153, 153, fontpage_163_153_153), // ' 写 ' - ' 写 '
  FONTDATA_ITEM(163, 178, 178, fontpage_163_178_178), // ' 冲 ' - ' 冲 '
  FONTDATA_ITEM(163, 183, 183, fontpage_163_183_183), // ' 冷 ' - ' 冷 '
  FONTDATA_ITEM(163, 198, 198, fontpage_163_198_198), // ' 准 ' - ' 准 '
  FONTDATA_ITEM(163, 250, 251, fontpage_163_250_251), // ' 出 ' - ' 击 '
  FONTDATA_ITEM(164, 128, 128, fontpage_164_128_128), // ' 刀 ' - ' 刀 '
  FONTDATA_ITEM(164, 134, 135, fontpage_164_134_135), // ' 分 ' - ' 切 '
  FONTDATA_ITEM(164, 151, 151, fontpage_164_151_151), // ' 列 ' - ' 列 '
  FONTDATA_ITEM(164, 155, 155, fontpage_164_155_155), // ' 创 ' - ' 创 '
  FONTDATA_ITEM(164, 157, 157, fontpage_164_157_157), // ' 初 ' - ' 初 '
  FONTDATA_ITEM(164, 160, 160, fontpage_164_160_160), // ' 删 ' - ' 删 '
  FONTDATA_ITEM(164, 171, 171, fontpage_164_171_171), // ' 别 ' - ' 别 '
  FONTDATA_ITEM(164, 176, 176, fontpage_164_176_176), // ' 到 ' - ' 到 '
  FONTDATA_ITEM(164, 182, 183, fontpage_164_182_183), // ' 制 ' - ' 刷 '
  FONTDATA_ITEM(164, 205, 205, fontpage_164_205_205), // ' 前 ' - ' 前 '
  FONTDATA_ITEM(164, 233, 233, fontpage_164_233_233), // ' 剩 ' - ' 剩 '
  FONTDATA_ITEM(164, 242, 242, fontpage_164_242_242), // ' 割 ' - ' 割 '
  FONTDATA_ITEM(165, 155, 155, fontpage_165_155_155), // ' 力 ' - ' 力 '
  FONTDATA_ITEM(165, 159, 161, fontpage_165_159_161), // ' 功 ' - ' 务 '
  FONTDATA_ITEM(165, 168, 169, fontpage_165_168_169), // ' 动 ' - ' 助 '
  FONTDATA_ITEM(166, 150, 150, fontpage_166_150_150), // ' 化 ' - ' 化 '
  FONTDATA_ITEM(166, 186, 186, fontpage_166_186_186), // ' 区 ' - ' 区 '
  FONTDATA_ITEM(166, 199, 199, fontpage_166_199_199), // ' 升 ' - ' 升 '
  FONTDATA_ITEM(166, 202, 202, fontpage_166_202_202), // ' 半 ' - ' 半 '
  FONTDATA_ITEM(166, 207, 207, fontpage_166_207_207), // ' 协 ' - ' 协 '
  FONTDATA_ITEM(166, 213, 213, fontpage_166_213_213), // ' 单 ' - ' 单 '
  FONTDATA_ITEM(166, 225, 225, fontpage_166_225_225), // ' 卡 ' - ' 卡 '
  FONTDATA_ITEM(166, 240, 241, fontpage_166_240_241), // ' 印 ' - ' 危 '
  FONTDATA_ITEM(166, 244, 244, fontpage_166_244_244), // ' 却 ' - ' 却 '
  FONTDATA_ITEM(166, 248, 248, fontpage_166_248_248), // ' 卸 ' - ' 卸 '
  FONTDATA_ITEM(167, 139, 139, fontpage_167_139_139), // ' 压 ' - ' 压 '
  FONTDATA_ITEM(167, 159, 159, fontpage_167_159_159), // ' 原 ' - ' 原 '
  FONTDATA_ITEM(167, 194, 194, fontpage_167_194_194), // ' 参 ' - ' 参 '
  FONTDATA_ITEM(167, 204, 205, fontpage_167_204_205), // ' 双 ' - ' 反 '
  FONTDATA_ITEM(167, 209, 209, fontpage_167_209_209), // ' 发 ' - ' 发 '
  FONTDATA_ITEM(167, 214, 214, fontpage_167_214_214), // ' 取 ' - ' 取 '
  FONTDATA_ITEM(167, 216, 216, fontpage_167_216_216), // ' 变 ' - ' 变 '
  FONTDATA_ITEM(167, 239, 240, fontpage_167_239_240), // ' 可 ' - ' 台 '
  FONTDATA_ITEM(167, 243, 243, fontpage_167_243_243), // ' 右 ' - ' 右 '
  FONTDATA_ITEM(167, 247, 247, fontpage_167_247_247), // ' 号 ' - ' 号 '
  FONTDATA_ITEM(168, 131, 131, fontpage_168_131_131), // ' 吃 ' - ' 吃 '
  FONTDATA_ITEM(168, 136, 136, fontpage_168_136_136), // ' 合 ' - ' 合 '
  FONTDATA_ITEM(168, 140, 142, fontpage_168_140_142), // ' 同 ' - ' 后 '
  FONTDATA_ITEM(168, 145, 145, fontpage_168_145_145), // ' 向 ' - ' 向 '
  FONTDATA_ITEM(168, 166, 166, fontpage_168_166_166), // ' 否 ' - ' 否 '
  FONTDATA_ITEM(168, 175, 175, fontpage_168_175_175), // ' 启 ' - ' 启 '
  FONTDATA_ITEM(168, 184, 184, fontpage_168_184_184), // ' 吸 ' - ' 吸 '
  FONTDATA_ITEM(168, 202, 202, fontpage_168_202_202), // ' 告 ' - ' 告 '
  FONTDATA_ITEM(168, 232, 232, fontpage_168_232_232), // ' 周 ' - ' 周 '
  FONTDATA_ITEM(168, 253, 253, fontpage_168_253_253), // ' 命 ' - ' 命 '
  FONTDATA_ITEM(169, 140, 140, fontpage_169_140_140), // ' 和 ' - ' 和 '
  FONTDATA_ITEM(169, 205, 205, fontpage_169_205_205), // ' 响 ' - ' 响 '
  FONTDATA_ITEM(171, 183, 183, fontpage_171_183_183), // ' 喷 ' - ' 喷 '
  FONTDATA_ITEM(172, 180, 180, fontpage_172_180_180), // ' 嘴 ' - ' 嘴 '
  FONTDATA_ITEM(172, 232, 232, fontpage_172_232_232), // ' 器 ' - ' 器 '
  FONTDATA_ITEM(173, 222, 222, fontpage_173_222_222), // ' 回 ' - ' 回 '
  FONTDATA_ITEM(173, 224, 224, fontpage_173_224_224), // ' 因 ' - ' 因 '
  FONTDATA_ITEM(173, 244, 244, fontpage_173_244_244), // ' 围 ' - ' 围 '
  FONTDATA_ITEM(173, 250, 250, fontpage_173_250_250), // ' 固 ' - ' 固 '
  FONTDATA_ITEM(173, 254, 254, fontpage_173_254_254), // ' 图 ' - ' 图 '
  FONTDATA_ITEM(174, 168, 168, fontpage_174_168_168), // ' 在 ' - ' 在 '
  FONTDATA_ITEM(174, 207, 207, fontpage_174_207_207), // ' 坏 ' - ' 坏 '
  FONTDATA_ITEM(174, 215, 215, fontpage_174_215_215), // ' 块 ' - ' 块 '
  FONTDATA_ITEM(175, 139, 139, fontpage_175_139_139), // ' 型 ' - ' 型 '
  FONTDATA_ITEM(175, 171, 171, fontpage_175_171_171), // ' 垫 ' - ' 垫 '
  FONTDATA_ITEM(175, 223, 223, fontpage_175_223_223), // ' 域 ' - ' 域 '
  FONTDATA_ITEM(175, 250, 250, fontpage_175_250_250), // ' 基 ' - ' 基 '
  FONTDATA_ITEM(176, 181, 181, fontpage_176_181_181), // ' 堵 ' - ' 堵 '
  FONTDATA_ITEM(176, 212, 212, fontpage_176_212_212), // ' 塔 ' - ' 塔 '
  FONTDATA_ITEM(176, 235, 235, fontpage_176_235_235), // ' 填 ' - ' 填 '
  FONTDATA_ITEM(177, 131, 131, fontpage_177_131_131), // ' 境 ' - ' 境 '
  FONTDATA_ITEM(177, 158, 158, fontpage_177_158_158), // ' 增 ' - ' 增 '
  FONTDATA_ITEM(177, 240, 240, fontpage_177_240_240), // ' 声 ' - ' 声 '
  FONTDATA_ITEM(177, 243, 243, fontpage_177_243_243), // ' 壳 ' - ' 壳 '
  FONTDATA_ITEM(178, 135, 135, fontpage_178_135_135), // ' 备 ' - ' 备 '
  FONTDATA_ITEM(178, 141, 141, fontpage_178_141_141), // ' 复 ' - ' 复 '
  FONTDATA_ITEM(178, 150, 150, fontpage_178_150_150), // ' 外 ' - ' 外 '
  FONTDATA_ITEM(178, 154, 154, fontpage_178_154_154), // ' 多 ' - ' 多 '
  FONTDATA_ITEM(178, 167, 167, fontpage_178_167_167), // ' 大 ' - ' 大 '
  FONTDATA_ITEM(178, 169, 170, fontpage_178_169_170), // ' 天 ' - ' 太 '
  FONTDATA_ITEM(178, 177, 177, fontpage_178_177_177), // ' 失 ' - ' 失 '
  FONTDATA_ITEM(178, 180, 180, fontpage_178_180_180), // ' 头 ' - ' 头 '
  FONTDATA_ITEM(178, 253, 253, fontpage_178_253_253), // ' 好 ' - ' 好 '
  FONTDATA_ITEM(179, 130, 130, fontpage_179_130_130), // ' 如 ' - ' 如 '
  FONTDATA_ITEM(179, 203, 203, fontpage_179_203_203), // ' 始 ' - ' 始 '
  FONTDATA_ITEM(182, 208, 208, fontpage_182_208_208), // ' 子 ' - ' 子 '
  FONTDATA_ITEM(182, 215, 216, fontpage_182_215_216), // ' 字 ' - ' 存 '
  FONTDATA_ITEM(182, 230, 230, fontpage_182_230_230), // ' 学 ' - ' 学 '
  FONTDATA_ITEM(183, 137, 137, fontpage_183_137_137), // ' 安 ' - ' 安 '
  FONTDATA_ITEM(183, 140, 140, fontpage_183_140_140), // ' 完 ' - ' 完 '
  FONTDATA_ITEM(183, 154, 154, fontpage_183_154_154), // ' 定 ' - ' 定 '
  FONTDATA_ITEM(183, 158, 158, fontpage_183_158_158), // ' 实 ' - ' 实 '
  FONTDATA_ITEM(183, 162, 162, fontpage_183_162_162), // ' 客 ' - ' 客 '
  FONTDATA_ITEM(183, 164, 164, fontpage_183_164_164), // ' 室 ' - ' 室 '
  FONTDATA_ITEM(183, 171, 171, fontpage_183_171_171), // ' 宫 ' - ' 宫 '
  FONTDATA_ITEM(183, 185, 185, fontpage_183_185_185), // ' 容 ' - ' 容 '
  FONTDATA_ITEM(183, 198, 198, fontpage_183_198_198), // ' 密 ' - ' 密 '
  FONTDATA_ITEM(183, 248, 249, fontpage_183_248_249), // ' 寸 ' - ' 对 '
  FONTDATA_ITEM(183, 252, 252, fontpage_183_252_252), // ' 导 ' - ' 导 '
  FONTDATA_ITEM(184, 132, 132, fontpage_184_132_132), // ' 射 ' - ' 射 '
  FONTDATA_ITEM(184, 134, 134, fontpage_184_134_134), // ' 将 ' - ' 将 '
  FONTDATA_ITEM(184, 143, 143, fontpage_184_143_143), // ' 小 ' - ' 小 '
  FONTDATA_ITEM(184, 152, 152, fontpage_184_152_152), // ' 尘 ' - ' 尘 '
  FONTDATA_ITEM(184, 157, 157, fontpage_184_157_157), // ' 尝 ' - ' 尝 '
  FONTDATA_ITEM(184, 177, 177, fontpage_184_177_177), // ' 就 ' - ' 就 '
  FONTDATA_ITEM(184, 186, 186, fontpage_184_186_186), // ' 尺 ' - ' 尺 '
  FONTDATA_ITEM(184, 188, 189, fontpage_184_188_189), // ' 尼 ' - ' 尽 '
  FONTDATA_ITEM(184, 197, 197, fontpage_184_197_197), // ' 居 ' - ' 居 '
  FONTDATA_ITEM(184, 207, 207, fontpage_184_207_207), // ' 屏 ' - ' 屏 '
  FONTDATA_ITEM(187, 229, 230, fontpage_187_229_230), // ' 工 ' - ' 左 '
  FONTDATA_ITEM(187, 238, 238, fontpage_187_238_238), // ' 差 ' - ' 差 '
  FONTDATA_ITEM(187, 242, 242, fontpage_187_242_242), // ' 已 ' - ' 已 '
  FONTDATA_ITEM(188, 166, 166, fontpage_188_166_166), // ' 带 ' - ' 带 '
  FONTDATA_ITEM(188, 184, 184, fontpage_188_184_184), // ' 常 ' - ' 常 '
  FONTDATA_ITEM(188, 243, 243, fontpage_188_243_243), // ' 平 ' - ' 平 '
  FONTDATA_ITEM(188, 246, 246, fontpage_188_246_246), // ' 并 ' - ' 并 '
  FONTDATA_ITEM(189, 138, 138, fontpage_189_138_138), // ' 床 ' - ' 床 '
  FONTDATA_ITEM(189, 143, 143, fontpage_189_143_143), // ' 序 ' - ' 序 '
  FONTDATA_ITEM(189, 148, 148, fontpage_189_148_148), // ' 应 ' - ' 应 '
  FONTDATA_ITEM(189, 159, 159, fontpage_189_159_159), // ' 废 ' - ' 废 '
  FONTDATA_ITEM(189, 166, 166, fontpage_189_166_166), // ' 度 ' - ' 度 '
  FONTDATA_ITEM(190, 128, 128, fontpage_190_128_128), // ' 开 ' - ' 开 '
  FONTDATA_ITEM(190, 130, 130, fontpage_190_130_130), // ' 异 ' - ' 异 '
  FONTDATA_ITEM(190, 143, 143, fontpage_190_143_143), // ' 式 ' - ' 式 '
  FONTDATA_ITEM(190, 149, 149, fontpage_190_149_149), // ' 引 ' - ' 引 '
  FONTDATA_ITEM(190, 185, 185, fontpage_190_185_185), // ' 弹 ' - ' 弹 '
  FONTDATA_ITEM(190, 210, 211, fontpage_190_210_211), // ' 归 ' - ' 当 '
  FONTDATA_ITEM(190, 213, 213, fontpage_190_213_213), // ' 录 ' - ' 录 '
  FONTDATA_ITEM(190, 226, 226, fontpage_190_226_226), // ' 形 ' - ' 形 '
  FONTDATA_ITEM(191, 132, 133, fontpage_191_132_133), // ' 径 ' - ' 待 '
  FONTDATA_ITEM(191, 151, 151, fontpage_191_151_151), // ' 得 ' - ' 得 '
  FONTDATA_ITEM(191, 170, 170, fontpage_191_170_170), // ' 循 ' - ' 循 '
  FONTDATA_ITEM(191, 174, 174, fontpage_191_174_174), // ' 微 ' - ' 微 '
  FONTDATA_ITEM(191, 195, 195, fontpage_191_195_195), // ' 心 ' - ' 心 '
  FONTDATA_ITEM(191, 217, 217, fontpage_191_217_217), // ' 忙 ' - ' 忙 '
  FONTDATA_ITEM(191, 253, 253, fontpage_191_253_253), // ' 忽 ' - ' 忽 '
  FONTDATA_ITEM(192, 129, 129, fontpage_192_129_129), // ' 态 ' - ' 态 '
  FONTDATA_ITEM(192, 167, 167, fontpage_192_167_167), // ' 性 ' - ' 性 '
  FONTDATA_ITEM(192, 187, 187, fontpage_192_187_187), // ' 总 ' - ' 总 '
  FONTDATA_ITEM(192, 210, 210, fontpage_192_210_210), // ' 恒 ' - ' 恒 '
  FONTDATA_ITEM(192, 226, 226, fontpage_192_226_226), // ' 恢 ' - ' 恢 '
  FONTDATA_ITEM(192, 239, 239, fontpage_192_239_239), // ' 息 ' - ' 息 '
  FONTDATA_ITEM(193, 197, 197, fontpage_193_197_197), // ' 情 ' - ' 情 '
  FONTDATA_ITEM(194, 143, 143, fontpage_194_143_143), // ' 意 ' - ' 意 '
  FONTDATA_ITEM(194, 159, 159, fontpage_194_159_159), // ' 感 ' - ' 感 '
  FONTDATA_ITEM(196, 143, 144, fontpage_196_143_144), // ' 戏 ' - ' 成 '
  FONTDATA_ITEM(196, 150, 150, fontpage_196_150_150), // ' 或 ' - ' 或 '
  FONTDATA_ITEM(196, 183, 183, fontpage_196_183_183), // ' 户 ' - ' 户 '
  FONTDATA_ITEM(196, 192, 192, fontpage_196_192_192), // ' 所 ' - ' 所 '
  FONTDATA_ITEM(196, 199, 199, fontpage_196_199_199), // ' 扇 ' - ' 扇 '
  FONTDATA_ITEM(196, 203, 203, fontpage_196_203_203), // ' 手 ' - ' 手 '
  FONTDATA_ITEM(196, 211, 211, fontpage_196_211_211), // ' 打 ' - ' 打 '
  FONTDATA_ITEM(196, 231, 231, fontpage_196_231_231), // ' 执 ' - ' 执 '
  FONTDATA_ITEM(196, 237, 237, fontpage_196_237_237), // ' 扭 ' - ' 扭 '
  FONTDATA_ITEM(196, 249, 249, fontpage_196_249_249), // ' 批 ' - ' 批 '
  FONTDATA_ITEM(196, 254, 254, fontpage_196_254_254), // ' 找 ' - ' 找 '
  FONTDATA_ITEM(197, 150, 150, fontpage_197_150_150), // ' 抖 ' - ' 抖 '
  FONTDATA_ITEM(197, 164, 164, fontpage_197_164_164), // ' 护 ' - ' 护 '
  FONTDATA_ITEM(197, 172, 172, fontpage_197_172_172), // ' 抬 ' - ' 抬 '
  FONTDATA_ITEM(197, 189, 189, fontpage_197_189_189), // ' 抽 ' - ' 抽 '
  FONTDATA_ITEM(197, 212, 212, fontpage_197_212_212), // ' 拔 ' - ' 拔 '
  FONTDATA_ITEM(197, 233, 233, fontpage_197_233_233), // ' 择 ' - ' 择 '
  FONTDATA_ITEM(197, 237, 237, fontpage_197_237_237), // ' 拭 ' - ' 拭 '
  FONTDATA_ITEM(198, 129, 130, fontpage_198_129_130), // ' 持 ' - ' 挂 '
  FONTDATA_ITEM(198, 137, 137, fontpage_198_137_137), // ' 按 ' - ' 按 '
  FONTDATA_ITEM(198, 161, 161, fontpage_198_161_161), // ' 挡 ' - ' 挡 '
  FONTDATA_ITEM(198, 164, 164, fontpage_198_164_164), // ' 挤 ' - ' 挤 '
  FONTDATA_ITEM(198, 175, 175, fontpage_198_175_175), // ' 振 ' - ' 振 '
  FONTDATA_ITEM(198, 223, 223, fontpage_198_223_223), // ' 损 ' - ' 损 '
  FONTDATA_ITEM(198, 226, 226, fontpage_198_226_226), // ' 换 ' - ' 换 '
  FONTDATA_ITEM(198, 238, 238, fontpage_198_238_238), // ' 据 ' - ' 据 '
  FONTDATA_ITEM(199, 146, 146, fontpage_199_146_146), // ' 排 ' - ' 排 '
  FONTDATA_ITEM(199, 162, 162, fontpage_199_162_162), // ' 探 ' - ' 探 '
  FONTDATA_ITEM(199, 165, 165, fontpage_199_165_165), // ' 接 ' - ' 接 '
  FONTDATA_ITEM(199, 167, 168, fontpage_199_167_168), // ' 控 ' - ' 推 '
  FONTDATA_ITEM(199, 208, 208, fontpage_199_208_208), // ' 提 ' - ' 提 '
  FONTDATA_ITEM(199, 210, 210, fontpage_199_210_210), // ' 插 ' - ' 插 '
  FONTDATA_ITEM(200, 248, 248, fontpage_200_248_248), // ' 摸 ' - ' 摸 '
  FONTDATA_ITEM(201, 205, 205, fontpage_201_205_205), // ' 操 ' - ' 操 '
  FONTDATA_ITEM(201, 230, 230, fontpage_201_230_230), // ' 擦 ' - ' 擦 '
  FONTDATA_ITEM(202, 175, 175, fontpage_202_175_175), // ' 支 ' - ' 支 '
  FONTDATA_ITEM(202, 182, 182, fontpage_202_182_182), // ' 收 ' - ' 收 '
  FONTDATA_ITEM(202, 190, 190, fontpage_202_190_190), // ' 放 ' - ' 放 '
  FONTDATA_ITEM(202, 197, 197, fontpage_202_197_197), // ' 故 ' - ' 故 '
  FONTDATA_ITEM(202, 200, 200, fontpage_202_200_200), // ' 效 ' - ' 效 '
  FONTDATA_ITEM(202, 207, 207, fontpage_202_207_207), // ' 敏 ' - ' 敏 '
  FONTDATA_ITEM(202, 240, 240, fontpage_202_240_240), // ' 数 ' - ' 数 '
  FONTDATA_ITEM(202, 242, 242, fontpage_202_242_242), // ' 敲 ' - ' 敲 '
  FONTDATA_ITEM(202, 244, 244, fontpage_202_244_244), // ' 整 ' - ' 整 '
  FONTDATA_ITEM(203, 135, 135, fontpage_203_135_135), // ' 文 ' - ' 文 '
  FONTDATA_ITEM(203, 153, 153, fontpage_203_153_153), // ' 料 ' - ' 料 '
  FONTDATA_ITEM(203, 156, 156, fontpage_203_156_156), // ' 斜 ' - ' 斜 '
  FONTDATA_ITEM(203, 173, 173, fontpage_203_173_173), // ' 断 ' - ' 断 '
  FONTDATA_ITEM(203, 176, 176, fontpage_203_176_176), // ' 新 ' - ' 新 '
  FONTDATA_ITEM(203, 185, 185, fontpage_203_185_185), // ' 方 ' - ' 方 '
  FONTDATA_ITEM(203, 203, 203, fontpage_203_203_203), // ' 旋 ' - ' 旋 '
  FONTDATA_ITEM(203, 224, 224, fontpage_203_224_224), // ' 无 ' - ' 无 '
  FONTDATA_ITEM(203, 231, 231, fontpage_203_231_231), // ' 旧 ' - ' 旧 '
  FONTDATA_ITEM(203, 233, 233, fontpage_203_233_233), // ' 早 ' - ' 早 '
  FONTDATA_ITEM(203, 246, 246, fontpage_203_246_246), // ' 时 ' - ' 时 '
  FONTDATA_ITEM(204, 142, 142, fontpage_204_142_142), // ' 明 ' - ' 明 '
  FONTDATA_ITEM(204, 175, 175, fontpage_204_175_175), // ' 是 ' - ' 是 '
  FONTDATA_ITEM(204, 190, 190, fontpage_204_190_190), // ' 显 ' - ' 显 '
  FONTDATA_ITEM(205, 130, 130, fontpage_205_130_130), // ' 暂 ' - ' 暂 '
  FONTDATA_ITEM(205, 171, 171, fontpage_205_171_171), // ' 暫 ' - ' 暫 '
  FONTDATA_ITEM(205, 242, 242, fontpage_205_242_242), // ' 曲 ' - ' 曲 '
  FONTDATA_ITEM(205, 244, 244, fontpage_205_244_244), // ' 更 ' - ' 更 '
  FONTDATA_ITEM(206, 128, 128, fontpage_206_128_128), // ' 最 ' - ' 最 '
  FONTDATA_ITEM(206, 137, 137, fontpage_206_137_137), // ' 有 ' - ' 有 '
  FONTDATA_ITEM(206, 159, 159, fontpage_206_159_159), // ' 期 ' - ' 期 '
  FONTDATA_ITEM(206, 170, 170, fontpage_206_170_170), // ' 未 ' - ' 未 '
  FONTDATA_ITEM(206, 172, 172, fontpage_206_172_172), // ' 本 ' - ' 本 '
  FONTDATA_ITEM(206, 186, 186, fontpage_206_186_186), // ' 机 ' - ' 机 '
  FONTDATA_ITEM(206, 198, 198, fontpage_206_198_198), // ' 杆 ' - ' 杆 '
  FONTDATA_ITEM(206, 208, 208, fontpage_206_208_208), // ' 材 ' - ' 材 '
  FONTDATA_ITEM(206, 223, 223, fontpage_206_223_223), // ' 束 ' - ' 束 '
  FONTDATA_ITEM(206, 225, 225, fontpage_206_225_225), // ' 条 ' - ' 条 '
  FONTDATA_ITEM(206, 229, 229, fontpage_206_229_229), // ' 来 ' - ' 来 '
  FONTDATA_ITEM(206, 254, 255, fontpage_206_254_255), // ' 松 ' - ' 板 '
  FONTDATA_ITEM(207, 151, 151, fontpage_207_151_151), // ' 林 ' - ' 林 '
  FONTDATA_ITEM(207, 229, 229, fontpage_207_229_229), // ' 查 ' - ' 查 '
  FONTDATA_ITEM(207, 241, 241, fontpage_207_241_241), // ' 柱 ' - ' 柱 '
  FONTDATA_ITEM(208, 161, 161, fontpage_208_161_161), // ' 校 ' - ' 校 '
  FONTDATA_ITEM(208, 188, 188, fontpage_208_188_188), // ' 格 ' - ' 格 '
  FONTDATA_ITEM(209, 175, 175, fontpage_209_175_175), // ' 梯 ' - ' 梯 '
  FONTDATA_ITEM(209, 192, 192, fontpage_209_192_192), // ' 检 ' - ' 检 '
  FONTDATA_ITEM(211, 253, 253, fontpage_211_253_253), // ' 槽 ' - ' 槽 '
  FONTDATA_ITEM(212, 161, 161, fontpage_212_161_161), // ' 模 ' - ' 模 '
  FONTDATA_ITEM(212, 217, 217, fontpage_212_217_217), // ' 橙 ' - ' 橙 '
  FONTDATA_ITEM(214, 160, 161, fontpage_214_160_161), // ' 欠 ' - ' 次 '
  FONTDATA_ITEM(214, 226, 229, fontpage_214_226_229), // ' 止 ' - ' 步 '
  FONTDATA_ITEM(215, 181, 181, fontpage_215_181_181), // ' 段 ' - ' 段 '
  FONTDATA_ITEM(215, 212, 212, fontpage_215_212_212), // ' 比 ' - ' 比 '
  FONTDATA_ITEM(216, 148, 148, fontpage_216_148_148), // ' 气 ' - ' 气 '
  FONTDATA_ITEM(216, 180, 180, fontpage_216_180_180), // ' 水 ' - ' 水 '
  FONTDATA_ITEM(216, 194, 194, fontpage_216_194_194), // ' 求 ' - ' 求 '
  FONTDATA_ITEM(217, 161, 161, fontpage_217_161_161), // ' 没 ' - ' 没 '
  FONTDATA_ITEM(217, 213, 213, fontpage_217_213_213), // ' 法 ' - ' 法 '
  FONTDATA_ITEM(217, 226, 226, fontpage_217_226_226), // ' 波 ' - ' 波 '
  FONTDATA_ITEM(217, 232, 232, fontpage_217_232_232), // ' 注 ' - ' 注 '
  FONTDATA_ITEM(218, 151, 151, fontpage_218_151_151), // ' 洗 ' - ' 洗 '
  FONTDATA_ITEM(218, 187, 187, fontpage_218_187_187), // ' 活 ' - ' 活 '
  FONTDATA_ITEM(218, 193, 193, fontpage_218_193_193), // ' 流 ' - ' 流 '
  FONTDATA_ITEM(218, 203, 203, fontpage_218_203_203), // ' 测 ' - ' 测 '
  FONTDATA_ITEM(219, 136, 136, fontpage_219_136_136), // ' 消 ' - ' 消 '
  FONTDATA_ITEM(219, 178, 178, fontpage_219_178_178), // ' 液 ' - ' 液 '
  FONTDATA_ITEM(219, 225, 225, fontpage_219_225_225), // ' 淡 ' - ' 淡 '
  FONTDATA_ITEM(219, 247, 247, fontpage_219_247_247), // ' 混 ' - ' 混 '
  FONTDATA_ITEM(220, 133, 133, fontpage_220_133_133), // ' 清 ' - ' 清 '
  FONTDATA_ITEM(220, 169, 169, fontpage_220_169_169), // ' 温 ' - ' 温 '
  FONTDATA_ITEM(220, 184, 184, fontpage_220_184_184), // ' 游 ' - ' 游 '
  FONTDATA_ITEM(221, 144, 144, fontpage_221_144_144), // ' 源 ' - ' 源 '
  FONTDATA_ITEM(221, 162, 162, fontpage_221_162_162), // ' 溢 ' - ' 溢 '
  FONTDATA_ITEM(221, 209, 209, fontpage_221_209_209), // ' 滑 ' - ' 滑 '
  FONTDATA_ITEM(221, 218, 218, fontpage_221_218_218), // ' 滚 ' - ' 滚 '
  FONTDATA_ITEM(221, 225, 225, fontpage_221_225_225), // ' 满 ' - ' 满 '
  FONTDATA_ITEM(223, 192, 192, fontpage_223_192_192), // ' 激 ' - ' 激 '
  FONTDATA_ITEM(224, 235, 235, fontpage_224_235_235), // ' 火 ' - ' 火 '
  FONTDATA_ITEM(224, 239, 239, fontpage_224_239_239), // ' 灯 ' - ' 灯 '
  FONTDATA_ITEM(224, 245, 245, fontpage_224_245_245), // ' 灵 ' - ' 灵 '
  FONTDATA_ITEM(225, 185, 185, fontpage_225_185_185), // ' 点 ' - ' 点 '
  FONTDATA_ITEM(225, 237, 237, fontpage_225_237_237), // ' 热 ' - ' 热 '
  FONTDATA_ITEM(228, 199, 200, fontpage_228_199_200), // ' 片 ' - ' 版 '
  FONTDATA_ITEM(228, 233, 233, fontpage_228_233_233), // ' 物 ' - ' 物 '
  FONTDATA_ITEM(228, 249, 249, fontpage_228_249_249), // ' 特 ' - ' 特 '
  FONTDATA_ITEM(229, 182, 182, fontpage_229_182_182), // ' 状 ' - ' 状 '
  FONTDATA_ITEM(231, 135, 135, fontpage_231_135_135), // ' 率 ' - ' 率 '
  FONTDATA_ITEM(231, 175, 175, fontpage_231_175_175), // ' 环 ' - ' 环 '
  FONTDATA_ITEM(232, 134, 134, fontpage_232_134_134), // ' 理 ' - ' 理 '
  FONTDATA_ITEM(234, 159, 159, fontpage_234_159_159), // ' 生 ' - ' 生 '
  FONTDATA_ITEM(234, 168, 168, fontpage_234_168_168), // ' 用 ' - ' 用 '
  FONTDATA_ITEM(234, 181, 181, fontpage_234_181_181), // ' 电 ' - ' 电 '
  FONTDATA_ITEM(234, 204, 204, fontpage_234_204_204), // ' 界 ' - ' 界 '
  FONTDATA_ITEM(234, 229, 229, fontpage_234_229_229), // ' 略 ' - ' 略 '
  FONTDATA_ITEM(236, 251, 251, fontpage_236_251_251), // ' 登 ' - ' 登 '
  FONTDATA_ITEM(236, 253, 254, fontpage_236_253_254), // ' 白 ' - ' 百 '
  FONTDATA_ITEM(237, 132, 132, fontpage_237_132_132), // ' 的 ' - ' 的 '
  FONTDATA_ITEM(237, 174, 174, fontpage_237_174_174), // ' 皮 ' - ' 皮 '
  FONTDATA_ITEM(237, 209, 209, fontpage_237_209_209), // ' 监 ' - ' 监 '
  FONTDATA_ITEM(237, 216, 216, fontpage_237_216_216), // ' 盘 ' - ' 盘 '
  FONTDATA_ITEM(237, 244, 244, fontpage_237_244_244), // ' 直 ' - ' 直 '
  FONTDATA_ITEM(238, 129, 129, fontpage_238_129_129), // ' 省 ' - ' 省 '
  FONTDATA_ITEM(238, 139, 139, fontpage_238_139_139), // ' 看 ' - ' 看 '
  FONTDATA_ITEM(238, 160, 160, fontpage_238_160_160), // ' 眠 ' - ' 眠 '
  FONTDATA_ITEM(239, 229, 229, fontpage_239_229_229), // ' 知 ' - ' 知 '
  FONTDATA_ITEM(239, 237, 237, fontpage_239_237_237), // ' 短 ' - ' 短 '
  FONTDATA_ITEM(240, 129, 129, fontpage_240_129_129), // ' 码 ' - ' 码 '
  FONTDATA_ITEM(240, 192, 192, fontpage_240_192_192), // ' 础 ' - ' 础 '
  FONTDATA_ITEM(240, 236, 236, fontpage_240_236_236), // ' 硬 ' - ' 硬 '
  FONTDATA_ITEM(240, 238, 238, fontpage_240_238_238), // ' 确 ' - ' 确 '
  FONTDATA_ITEM(241, 232, 232, fontpage_241_232_232), // ' 磨 ' - ' 磨 '
  FONTDATA_ITEM(242, 186, 186, fontpage_242_186_186), // ' 示 ' - ' 示 '
  FONTDATA_ITEM(243, 129, 129, fontpage_243_129_129), // ' 禁 ' - ' 禁 '
  FONTDATA_ITEM(243, 187, 187, fontpage_243_187_187), // ' 离 ' - ' 离 '
  FONTDATA_ITEM(243, 210, 210, fontpage_243_210_210), // ' 秒 ' - ' 秒 '
  FONTDATA_ITEM(243, 240, 240, fontpage_243_240_240), // ' 称 ' - ' 称 '
  FONTDATA_ITEM(243, 251, 251, fontpage_243_251_251), // ' 移 ' - ' 移 '
  FONTDATA_ITEM(244, 250, 250, fontpage_244_250_250), // ' 空 ' - ' 空 '
  FONTDATA_ITEM(245, 239, 239, fontpage_245_239_239), // ' 端 ' - ' 端 '
  FONTDATA_ITEM(246, 148, 148, fontpage_246_148_148), // ' 笔 ' - ' 笔 '
  FONTDATA_ITEM(246, 172, 172, fontpage_246_172_172), // ' 第 ' - ' 第 '
  FONTDATA_ITEM(246, 201, 201, fontpage_246_201_201), // ' 等 ' - ' 等 '
  FONTDATA_ITEM(247, 151, 151, fontpage_247_151_151), // ' 算 ' - ' 算 '
  FONTDATA_ITEM(247, 161, 161, fontpage_247_161_161), // ' 管 ' - ' 管 '
  FONTDATA_ITEM(247, 177, 177, fontpage_247_177_177), // ' 箱 ' - ' 箱 '
  FONTDATA_ITEM(248, 251, 251, fontpage_248_251_251), // ' 类 ' - ' 类 '
  FONTDATA_ITEM(249, 190, 190, fontpage_249_190_190), // ' 精 ' - ' 精 '
  FONTDATA_ITEM(249, 251, 251, fontpage_249_251_251), // ' 系 ' - ' 系 '
  FONTDATA_ITEM(250, 162, 162, fontpage_250_162_162), // ' 索 ' - ' 索 '
  FONTDATA_ITEM(250, 167, 167, fontpage_250_167_167), // ' 紧 ' - ' 紧 '
  FONTDATA_ITEM(250, 171, 171, fontpage_250_171_171), // ' 紫 ' - ' 紫 '
  FONTDATA_ITEM(253, 162, 162, fontpage_253_162_162), // ' 红 ' - ' 红 '
  FONTDATA_ITEM(253, 167, 167, fontpage_253_167_167), // ' 级 ' - ' 级 '
  FONTDATA_ITEM(253, 191, 191, fontpage_253_191_191), // ' 线 ' - ' 线 '
  FONTDATA_ITEM(253, 198, 198, fontpage_253_198_198), // ' 细 ' - ' 细 '
  FONTDATA_ITEM(253, 200, 200, fontpage_253_200_200), // ' 终 ' - ' 终 '
  FONTDATA_ITEM(253, 211, 211, fontpage_253_211_211), // ' 结 ' - ' 结 '
  FONTDATA_ITEM(253, 216, 217, fontpage_253_216_217), // ' 绘 ' - ' 给 '
  FONTDATA_ITEM(253, 223, 223, fontpage_253_223_223), // ' 统 ' - ' 统 '
  FONTDATA_ITEM(253, 231, 231, fontpage_253_231_231), // ' 继 ' - ' 继 '
  FONTDATA_ITEM(253, 234, 234, fontpage_253_234_234), // ' 绪 ' - ' 绪 '
  FONTDATA_ITEM(253, 237, 237, fontpage_253_237_237), // ' 续 ' - ' 续 '
  FONTDATA_ITEM(253, 255, 255, fontpage_253_255_255), // ' 绿 ' - ' 绿 '
  FONTDATA_ITEM(254, 150, 150, fontpage_254_150_150), // ' 编 ' - ' 编 '
  FONTDATA_ITEM(254, 169, 169, fontpage_254_169_169), // ' 缩 ' - ' 缩 '
  FONTDATA_ITEM(254, 186, 186, fontpage_254_186_186), // ' 缺 ' - ' 缺 '
  FONTDATA_ITEM(254, 209, 209, fontpage_254_209_209), // ' 网 ' - ' 网 '
  FONTDATA_ITEM(254, 238, 238, fontpage_254_238_238), // ' 置 ' - ' 置 '
  FONTDATA_ITEM(254, 242, 242, fontpage_254_242_242), // ' 署 ' - ' 署 '
  FONTDATA_ITEM(256, 131, 131, fontpage_256_131_131), // ' 考 ' - ' 考 '
  FONTDATA_ITEM(256, 133, 133, fontpage_256_133_133), // ' 者 ' - ' 者 '
  FONTDATA_ITEM(256, 151, 151, fontpage_256_151_151), // ' 耗 ' - ' 耗 '
  FONTDATA_ITEM(256, 234, 234, fontpage_256_234_234), // ' 聪 ' - ' 聪 '
  FONTDATA_ITEM(257, 204, 204, fontpage_257_204_204), // ' 背 ' - ' 背 '
  FONTDATA_ITEM(257, 253, 253, fontpage_257_253_253), // ' 能 ' - ' 能 '
  FONTDATA_ITEM(258, 137, 137, fontpage_258_137_137), // ' 脉 ' - ' 脉 '
  FONTDATA_ITEM(259, 234, 234, fontpage_259_234_234), // ' 自 ' - ' 自 '
  FONTDATA_ITEM(259, 243, 243, fontpage_259_243_243), // ' 至 ' - ' 至 '
  FONTDATA_ITEM(260, 242, 242, fontpage_260_242_242), // ' 色 ' - ' 色 '
  FONTDATA_ITEM(262, 131, 131, fontpage_262_131_131), // ' 范 ' - ' 范 '
  FONTDATA_ITEM(263, 183, 183, fontpage_263_183_183), // ' 获 ' - ' 获 '
  FONTDATA_ITEM(263, 220, 220, fontpage_263_220_220), // ' 菜 ' - ' 菜 '
  FONTDATA_ITEM(264, 189, 189, fontpage_264_189_189), // ' 落 ' - ' 落 '
  FONTDATA_ITEM(265, 221, 221, fontpage_265_221_221), // ' 蓝 ' - ' 蓝 '
  FONTDATA_ITEM(269, 199, 199, fontpage_269_199_199), // ' 蛇 ' - ' 蛇 '
  FONTDATA_ITEM(272, 204, 204, fontpage_272_204_204), // ' 行 ' - ' 行 '
  FONTDATA_ITEM(272, 229, 229, fontpage_272_229_229), // ' 补 ' - ' 补 '
  FONTDATA_ITEM(273, 171, 171, fontpage_273_171_171), // ' 被 ' - ' 被 '
  FONTDATA_ITEM(273, 197, 197, fontpage_273_197_197), // ' 装 ' - ' 装 '
  FONTDATA_ITEM(275, 129, 129, fontpage_275_129_129), // ' 要 ' - ' 要 '
  FONTDATA_ITEM(275, 193, 193, fontpage_275_193_193), // ' 见 ' - ' 见 '
  FONTDATA_ITEM(275, 200, 200, fontpage_275_200_200), // ' 览 ' - ' 览 '
  FONTDATA_ITEM(275, 210, 210, fontpage_275_210_210), // ' 角 ' - ' 角 '
  FONTDATA_ITEM(275, 227, 227, fontpage_275_227_227), // ' 解 ' - ' 解 '
  FONTDATA_ITEM(275, 230, 230, fontpage_275_230_230), // ' 触 ' - ' 触 '
  FONTDATA_ITEM(276, 128, 128, fontpage_276_128_128), // ' 言 ' - ' 言 '
  FONTDATA_ITEM(278, 230, 230, fontpage_278_230_230), // ' 警 ' - ' 警 '
  FONTDATA_ITEM(279, 161, 161, fontpage_279_161_161), // ' 计 ' - ' 计 '
  FONTDATA_ITEM(279, 164, 164, fontpage_279_164_164), // ' 认 ' - ' 认 '
  FONTDATA_ITEM(279, 174, 174, fontpage_279_174_174), // ' 议 ' - ' 议 '
  FONTDATA_ITEM(279, 176, 176, fontpage_279_176_176), // ' 记 ' - ' 记 '
  FONTDATA_ITEM(279, 184, 184, fontpage_279_184_184), // ' 许 ' - ' 许 '
  FONTDATA_ITEM(279, 190, 190, fontpage_279_190_190), // ' 设 ' - ' 设 '
  FONTDATA_ITEM(279, 209, 209, fontpage_279_209_209), // ' 译 ' - ' 译 '
  FONTDATA_ITEM(279, 213, 213, fontpage_279_213_213), // ' 试 ' - ' 试 '
  FONTDATA_ITEM(279, 230, 230, fontpage_279_230_230), // ' 详 ' - ' 详 '
  FONTDATA_ITEM(279, 237, 237, fontpage_279_237_237), // ' 语 ' - ' 语 '
  FONTDATA_ITEM(279, 239, 239, fontpage_279_239_239), // ' 误 ' - ' 误 '
  FONTDATA_ITEM(279, 244, 244, fontpage_279_244_244), // ' 说 ' - ' 说 '
  FONTDATA_ITEM(279, 247, 247, fontpage_279_247_247), // ' 请 ' - ' 请 '
  FONTDATA_ITEM(279, 251, 251, fontpage_279_251_251), // ' 读 ' - ' 读 '
  FONTDATA_ITEM(280, 131, 131, fontpage_280_131_131), // ' 调 ' - ' 调 '
  FONTDATA_ITEM(282, 165, 165, fontpage_282_165_165), // ' 败 ' - ' 败 '
  FONTDATA_ITEM(282, 168, 168, fontpage_282_168_168), // ' 质 ' - ' 质 '
  FONTDATA_ITEM(282, 170, 170, fontpage_282_170_170), // ' 贪 ' - ' 贪 '
  FONTDATA_ITEM(282, 247, 247, fontpage_282_247_247), // ' 起 ' - ' 起 '
  FONTDATA_ITEM(283, 133, 133, fontpage_283_133_133), // ' 超 ' - ' 超 '
  FONTDATA_ITEM(283, 138, 138, fontpage_283_138_138), // ' 越 ' - ' 越 '
  FONTDATA_ITEM(283, 221, 221, fontpage_283_221_221), // ' 距 ' - ' 距 '
  FONTDATA_ITEM(283, 239, 239, fontpage_283_239_239), // ' 路 ' - ' 路 '
  FONTDATA_ITEM(283, 243, 243, fontpage_283_243_243), // ' 跳 ' - ' 跳 '
  FONTDATA_ITEM(286, 232, 232, fontpage_286_232_232), // ' 轨 ' - ' 轨 '
  FONTDATA_ITEM(286, 236, 236, fontpage_286_236_236), // ' 转 ' - ' 转 '
  FONTDATA_ITEM(286, 238, 239, fontpage_286_238_239), // ' 轮 ' - ' 软 '
  FONTDATA_ITEM(286, 244, 244, fontpage_286_244_244), // ' 轴 ' - ' 轴 '
  FONTDATA_ITEM(286, 253, 253, fontpage_286_253_253), // ' 载 ' - ' 载 '
  FONTDATA_ITEM(287, 133, 133, fontpage_287_133_133), // ' 辅 ' - ' 辅 '
  FONTDATA_ITEM(287, 145, 145, fontpage_287_145_145), // ' 辑 ' - ' 辑 '
  FONTDATA_ITEM(287, 147, 147, fontpage_287_147_147), // ' 输 ' - ' 输 '
  FONTDATA_ITEM(287, 185, 185, fontpage_287_185_185), // ' 边 ' - ' 边 '
  FONTDATA_ITEM(287, 190, 190, fontpage_287_190_190), // ' 达 ' - ' 达 '
  FONTDATA_ITEM(287, 193, 193, fontpage_287_193_193), // ' 迁 ' - ' 迁 '
  FONTDATA_ITEM(287, 199, 199, fontpage_287_199_199), // ' 过 ' - ' 过 '
  FONTDATA_ITEM(287, 208, 209, fontpage_287_208_209), // ' 运 ' - ' 近 '
  FONTDATA_ITEM(287, 212, 212, fontpage_287_212_212), // ' 返 ' - ' 返 '
  FONTDATA_ITEM(287, 216, 216, fontpage_287_216_216), // ' 还 ' - ' 还 '
  FONTDATA_ITEM(287, 219, 219, fontpage_287_219_219), // ' 进 ' - ' 进 '
  FONTDATA_ITEM(287, 222, 222, fontpage_287_222_222), // ' 连 ' - ' 连 '
  FONTDATA_ITEM(287, 237, 237, fontpage_287_237_237), // ' 迭 ' - ' 迭 '
  FONTDATA_ITEM(287, 247, 247, fontpage_287_247_247), // ' 迷 ' - ' 迷 '
  FONTDATA_ITEM(287, 249, 249, fontpage_287_249_249), // ' 迹 ' - ' 迹 '
  FONTDATA_ITEM(288, 128, 129, fontpage_288_128_129), // ' 退 ' - ' 送 '
  FONTDATA_ITEM(288, 137, 137, fontpage_288_137_137), // ' 选 ' - ' 选 '
  FONTDATA_ITEM(288, 144, 144, fontpage_288_144_144), // ' 逐 ' - ' 逐 '
  FONTDATA_ITEM(288, 154, 154, fontpage_288_154_154), // ' 通 ' - ' 通 '
  FONTDATA_ITEM(288, 159, 159, fontpage_288_159_159), // ' 速 ' - ' 速 '
  FONTDATA_ITEM(288, 211, 211, fontpage_288_211_211), // ' 道 ' - ' 道 '
  FONTDATA_ITEM(288, 255, 255, fontpage_288_255_255), // ' 避 ' - ' 避 '
  FONTDATA_ITEM(289, 232, 232, fontpage_289_232_232), // ' 部 ' - ' 部 '
  FONTDATA_ITEM(290, 205, 205, fontpage_290_205_205), // ' 配 ' - ' 配 '
  FONTDATA_ITEM(291, 202, 202, fontpage_291_202_202), // ' 释 ' - ' 释 '
  FONTDATA_ITEM(291, 205, 205, fontpage_291_205_205), // ' 重 ' - ' 重 '
  FONTDATA_ITEM(291, 207, 207, fontpage_291_207_207), // ' 量 ' - ' 量 '
  FONTDATA_ITEM(297, 136, 136, fontpage_297_136_136), // ' 针 ' - ' 针 '
  FONTDATA_ITEM(297, 174, 174, fontpage_297_174_174), // ' 钮 ' - ' 钮 '
  FONTDATA_ITEM(298, 129, 129, fontpage_298_129_129), // ' 锁 ' - ' 锁 '
  FONTDATA_ITEM(298, 153, 153, fontpage_298_153_153), // ' 错 ' - ' 错 '
  FONTDATA_ITEM(298, 220, 220, fontpage_298_220_220), // ' 镜 ' - ' 镜 '
  FONTDATA_ITEM(298, 255, 255, fontpage_298_255_255), // ' 长 ' - ' 长 '
  FONTDATA_ITEM(299, 237, 237, fontpage_299_237_237), // ' 闭 ' - ' 闭 '
  FONTDATA_ITEM(299, 242, 242, fontpage_299_242_242), // ' 闲 ' - ' 闲 '
  FONTDATA_ITEM(299, 244, 244, fontpage_299_244_244), // ' 间 ' - ' 间 '
  FONTDATA_ITEM(300, 136, 136, fontpage_300_136_136), // ' 阈 ' - ' 阈 '
  FONTDATA_ITEM(300, 159, 159, fontpage_300_159_159), // ' 队 ' - ' 队 '
  FONTDATA_ITEM(300, 182, 182, fontpage_300_182_182), // ' 阶 ' - ' 阶 '
  FONTDATA_ITEM(300, 187, 187, fontpage_300_187_187), // ' 阻 ' - ' 阻 '
  FONTDATA_ITEM(300, 205, 205, fontpage_300_205_205), // ' 降 ' - ' 降 '
  FONTDATA_ITEM(300, 208, 208, fontpage_300_208_208), // ' 限 ' - ' 限 '
  FONTDATA_ITEM(300, 228, 228, fontpage_300_228_228), // ' 除 ' - ' 除 '
  FONTDATA_ITEM(300, 233, 233, fontpage_300_233_233), // ' 险 ' - ' 险 '
  FONTDATA_ITEM(301, 156, 156, fontpage_301_156_156), // ' 障 ' - ' 障 '
  FONTDATA_ITEM(301, 246, 246, fontpage_301_246_246), // ' 零 ' - ' 零 '
  FONTDATA_ITEM(302, 128, 128, fontpage_302_128_128), // ' 需 ' - ' 需 '
  FONTDATA_ITEM(302, 210, 210, fontpage_302_210_210), // ' 青 ' - ' 青 '
  FONTDATA_ITEM(302, 222, 222, fontpage_302_222_222), // ' 非 ' - ' 非 '
  FONTDATA_ITEM(302, 224, 224, fontpage_302_224_224), // ' 靠 ' - ' 靠 '
  FONTDATA_ITEM(302, 226, 226, fontpage_302_226_226), // ' 面 ' - ' 面 '
  FONTDATA_ITEM(303, 243, 243, fontpage_303_243_243), // ' 音 ' - ' 音 '
  FONTDATA_ITEM(304, 245, 245, fontpage_304_245_245), // ' 页 ' - ' 页 '
  FONTDATA_ITEM(304, 249, 249, fontpage_304_249_249), // ' 项 ' - ' 项 '
  FONTDATA_ITEM(305, 132, 132, fontpage_305_132_132), // ' 预 ' - ' 预 '
  FONTDATA_ITEM(305, 145, 145, fontpage_305_145_145), // ' 频 ' - ' 频 '
  FONTDATA_ITEM(305, 156, 157, fontpage_305_156_157), // ' 颜 ' - ' 额 '
  FONTDATA_ITEM(305, 206, 206, fontpage_305_206_206), // ' 风 ' - ' 风 '
  FONTDATA_ITEM(306, 241, 241, fontpage_306_241_241), // ' 饱 ' - ' 饱 '
  FONTDATA_ITEM(307, 150, 150, fontpage_307_150_150), // ' 首 ' - ' 首 '
  FONTDATA_ITEM(308, 236, 236, fontpage_308_236_236), // ' 马 ' - ' 马 '
  FONTDATA_ITEM(308, 241, 241, fontpage_308_241_241), // ' 驱 ' - ' 驱 '
  FONTDATA_ITEM(309, 140, 140, fontpage_309_140_140), // ' 验 ' - ' 验 '
  FONTDATA_ITEM(309, 216, 216, fontpage_309_216_216), // ' 高 ' - ' 高 '
  FONTDATA_ITEM(317, 196, 196, fontpage_317_196_196), // ' 黄 ' - ' 黄 '
  FONTDATA_ITEM(317, 216, 216, fontpage_317_216_216), // ' 默 ' - ' 默 '
  FONTDATA_ITEM(317, 222, 222, fontpage_317_222_222), // ' 點 ' - ' 點 '
  FONTDATA_ITEM(318, 147, 147, fontpage_318_147_147), // ' 鼓 ' - ' 鼓 '
  FONTDATA_ITEM(318, 208, 208, fontpage_318_208_208), // ' 齐 ' - ' 齐 '
  FONTDATA_ITEM(510, 154, 154, fontpage_510_154_154), // ' ： ' - ' ： '
};
