/**
 * Generated automatically by buildroot/share/fonts/uxggenpages.sh
 * Contents will be REPLACED by future processing!
 * Use genallfont.sh to generate font data for updated languages.
 */
#pragma once

#include "langdata.h"

const u8g_fntpgm_uint8_t fontpage_69_191_191[45] U8G_FONT_SECTION("fontpage_69_191_191") = {
  0x00,0x10,0x13,0x00,0xFC,0x00,0x00,0x00,0x00,0x00,0xBF,0xBF,0x00,0x0C,0x00,0x00,
  0x00,0x0B,0x0B,0x16,0x10,0x03,0x01,0x00,0x20,0x00,0x60,0x00,0xA0,0x01,0x20,0x02,
  0x20,0x04,0x20,0x08,0x20,0x10,0x20,0x20,0x20,0x40,0x20,0xFF,0xE0};
const u8g_fntpgm_uint8_t fontpage_96_130_130[27] U8G_FONT_SECTION("fontpage_96_130_130") = {
  0x00,0x10,0x13,0x00,0xFC,0x00,0x00,0x00,0x00,0x00,0x82,0x82,0x00,0x04,0x00,0x00,
  0x00,0x04,0x04,0x04,0x10,0x03,0x00,0x60,0x90,0x90,0x60};
const u8g_fntpgm_uint8_t fontpage_156_128_128[25] U8G_FONT_SECTION("fontpage_156_128_128") = {
  0x00,0x10,0x13,0x00,0xFC,0x00,0x00,0x00,0x00,0x00,0x80,0x80,0x00,0x07,0x00,0x00,
  0x00,0x0F,0x01,0x02,0x10,0x00,0x06,0xFF,0xFE};
const u8g_fntpgm_uint8_t fontpage_156_137_139[119] U8G_FONT_SECTION("fontpage_156_137_139") = {
  0x00,0x10,0x13,0x00,0xFC,0x00,0x00,0x00,0x00,0x00,0x89,0x8B,0x00,0x0E,0xFE,0x00,
  0x00,0x0F,0x0C,0x18,0x10,0x00,0x00,0x7F,0xFC,0x00,0x00,0x00,0x00,0x00,0x00,0x00,
  0x00,0x3F,0xF8,0x00,0x00,0x00,0x00,0x00,0x00,0x00,0x00,0x00,0x00,0xFF,0xFE,0x0F,
  0x0F,0x1E,0x10,0x00,0xFF,0x02,0x00,0x02,0x00,0x02,0x00,0x02,0x00,0x02,0x00,0x02,
  0x00,0x03,0xF8,0x02,0x00,0x02,0x00,0x02,0x00,0x02,0x00,0x02,0x00,0x02,0x00,0x02,
  0x00,0xFF,0xFE,0x0F,0x0F,0x1E,0x10,0x00,0xFE,0xFF,0xFE,0x02,0x00,0x02,0x00,0x02,
  0x00,0x02,0x00,0x02,0x40,0x02,0x20,0x02,0x10,0x02,0x08,0x02,0x08,0x02,0x00,0x02,
  0x00,0x02,0x00,0x02,0x00,0x02,0x00};
const u8g_fntpgm_uint8_t fontpage_156_141_141[53] U8G_FONT_SECTION("fontpage_156_141_141") = {
  0x00,0x10,0x13,0x00,0xFC,0x00,0x00,0x00,0x00,0x00,0x8D,0x8D,0x00,0x0D,0xFE,0x00,
  0x00,0x0E,0x0F,0x1E,0x10,0x00,0xFE,0x7F,0xFC,0x00,0x80,0x00,0x80,0x01,0x00,0x01,
  0x00,0x03,0x40,0x05,0x20,0x09,0x10,0x11,0x08,0x21,0x04,0x41,0x04,0x81,0x00,0x01,
  0x00,0x01,0x00,0x01,0x00};
const u8g_fntpgm_uint8_t fontpage_156_148_148[51] U8G_FONT_SECTION("fontpage_156_148_148") = {
  0x00,0x10,0x13,0x00,0xFC,0x00,0x00,0x00,0x00,0x00,0x94,0x94,0x00,0x0D,0xFF,0x00,
  0x00,0x0F,0x0E,0x1C,0x10,0x00,0xFF,0x1F,0xF0,0x10,0x10,0x10,0x10,0x10,0x10,0x1F,
  0xF0,0x10,0x10,0x10,0x10,0x10,0x10,0x1F,0xF0,0x10,0x10,0x10,0x10,0x10,0x10,0x10,
  0x10,0xFF,0xFE};
const u8g_fntpgm_uint8_t fontpage_156_166_166[53] U8G_FONT_SECTION("fontpage_156_166_166") = {
  0x00,0x10,0x13,0x00,0xFC,0x00,0x00,0x00,0x00,0x00,0xA6,0xA6,0x00,0x0E,0xFF,0x00,
  0x00,0x0F,0x0F,0x1E,0x10,0x00,0xFF,0x10,0x10,0x08,0x20,0x04,0x40,0x7F,0xFC,0x04,
  0x40,0x04,0x40,0x04,0x40,0x44,0x44,0x24,0x44,0x14,0x48,0x14,0x50,0x04,0x40,0x04,
  0x40,0x04,0x40,0xFF,0xFE};
const u8g_fntpgm_uint8_t fontpage_156_173_173[55] U8G_FONT_SECTION("fontpage_156_173_173") = {
  0x00,0x10,0x13,0x00,0xFC,0x00,0x00,0x00,0x00,0x00,0xAD,0xAD,0x00,0x0E,0xFE,0x00,
  0x00,0x0B,0x10,0x20,0x10,0x02,0xFE,0x04,0x00,0x04,0x00,0x04,0x00,0x04,0x00,0xFF,
  0xE0,0x84,0x20,0x84,0x20,0x84,0x20,0x84,0x20,0x84,0x20,0xFF,0xE0,0x84,0x20,0x04,
  0x00,0x04,0x00,0x04,0x00,0x04,0x00};
const u8g_fntpgm_uint8_t fontpage_156_187_187[53] U8G_FONT_SECTION("fontpage_156_187_187") = {
  0x00,0x10,0x13,0x00,0xFC,0x00,0x00,0x00,0x00,0x00,0xBB,0xBB,0x00,0x0E,0xFF,0x00,
  0x00,0x0F,0x0F,0x1E,0x10,0x00,0xFF,0x02,0x00,0x01,0x00,0x00,0x00,0x7F,0xFC,0x01,
  0x00,0x01,0x00,0x01,0x00,0x01,0x00,0x3F,0xF8,0x01,0x00,0x01,0x00,0x01,0x00,0x01,
  0x00,0x01,0x00,0xFF,0xFE};
const u8g_fntpgm_uint8_t fontpage_156_203_203[53] U8G_FONT_SECTION("fontpage_156_203_203") = {
  0x00,0x10,0x13,0x00,0xFC,0x00,0x00,0x00,0x00,0x00,0xCB,0xCB,0x00,0x0E,0xFF,0x00,
  0x00,0x0E,0x0F,0x1E,0x10,0x01,0xFF,0x04,0x00,0x02,0x00,0x02,0x00,0x00,0x00,0xFF,
  0xF0,0x00,0x20,0x00,0x40,0x00,0x80,0x01,0x00,0x02,0x00,0x04,0x00,0x08,0x00,0x30,
  0x00,0x48,0x00,0x87,0xFC};
const u8g_fntpgm_uint8_t fontpage_157_164_164[55] U8G_FONT_SECTION("fontpage_157_164_164") = {
  0x00,0x10,0x13,0x00,0xFC,0x00,0x00,0x00,0x00,0x00,0xA4,0xA4,0x00,0x0E,0xFE,0x00,
  0x00,0x0F,0x10,0x20,0x10,0x00,0xFE,0x02,0x00,0x01,0x00,0x01,0x00,0xFF,0xFE,0x00,
  0x00,0x10,0x10,0x10,0x08,0x20,0x24,0x48,0x24,0x04,0x40,0x02,0x80,0x01,0x00,0x02,
  0x80,0x0C,0x40,0x30,0x30,0xC0,0x0E};
const u8g_fntpgm_uint8_t fontpage_157_174_174[55] U8G_FONT_SECTION("fontpage_157_174_174") = {
  0x00,0x10,0x13,0x00,0xFC,0x00,0x00,0x00,0x00,0x00,0xAE,0xAE,0x00,0x0E,0xFE,0x00,
  0x00,0x0F,0x10,0x20,0x10,0x00,0xFE,0x02,0x00,0x01,0x00,0x7F,0xFC,0x00,0x00,0x1F,
  0xF0,0x10,0x10,0x1F,0xF0,0x00,0x00,0x7F,0xFE,0x40,0x02,0x8F,0xE4,0x08,0x20,0x08,
  0x20,0x10,0x22,0x20,0x22,0xC0,0x1E};
const u8g_fntpgm_uint8_t fontpage_157_203_203[55] U8G_FONT_SECTION("fontpage_157_203_203") = {
  0x00,0x10,0x13,0x00,0xFC,0x00,0x00,0x00,0x00,0x00,0xCB,0xCB,0x00,0x0E,0xFE,0x00,
  0x00,0x0F,0x10,0x20,0x10,0x00,0xFE,0x01,0x00,0x01,0x00,0x02,0x80,0x04,0x40,0x08,
  0x20,0x10,0x10,0x20,0x08,0xC8,0x26,0x08,0x20,0x08,0x20,0x08,0x20,0x08,0x20,0x10,
  0x20,0x10,0x20,0x20,0x20,0x40,0x20};
const u8g_fntpgm_uint8_t fontpage_157_205_205[55] U8G_FONT_SECTION("fontpage_157_205_205") = {
  0x00,0x10,0x13,0x00,0xFC,0x00,0x00,0x00,0x00,0x00,0xCD,0xCD,0x00,0x0E,0xFE,0x00,
  0x00,0x0E,0x10,0x20,0x10,0x00,0xFE,0x08,0x00,0x08,0x00,0x0B,0xF8,0x10,0x88,0x10,
  0x90,0x30,0x90,0x30,0xA0,0x50,0xBC,0x90,0x84,0x10,0x84,0x11,0x04,0x11,0x04,0x11,
  0x04,0x12,0x04,0x12,0x28,0x14,0x10};
const u8g_fntpgm_uint8_t fontpage_157_227_229[131] U8G_FONT_SECTION("fontpage_157_227_229") = {
  0x00,0x10,0x13,0x00,0xFC,0x00,0x00,0x00,0x00,0x00,0xE3,0xE5,0x00,0x0E,0xFE,0x00,
  0x00,0x0F,0x10,0x20,0x10,0x00,0xFE,0x08,0x90,0x08,0x88,0x08,0x88,0x10,0x80,0x10,
  0xBE,0x37,0xC0,0x30,0x80,0x50,0x40,0x90,0x40,0x10,0x40,0x10,0x20,0x10,0x22,0x10,
  0x12,0x10,0x0A,0x10,0x06,0x10,0x02,0x0F,0x10,0x20,0x10,0x00,0xFE,0x01,0x00,0x01,
  0x00,0x02,0x80,0x04,0x40,0x0A,0x20,0x11,0x10,0x21,0x08,0xC0,0x06,0x1F,0xF0,0x00,
  0x10,0x00,0x20,0x04,0x40,0x02,0x80,0x01,0x00,0x00,0x80,0x00,0x80,0x0D,0x10,0x20,
  0x10,0x02,0xFE,0x00,0x40,0x10,0x40,0x88,0x40,0x84,0x40,0x84,0x40,0x80,0x40,0x80,
  0x40,0x80,0x80,0x80,0x80,0x80,0x80,0x91,0x00,0xA1,0x40,0xC2,0x20,0x84,0x10,0x08,
  0x08,0x10,0x08};
const u8g_fntpgm_uint8_t fontpage_157_246_246[55] U8G_FONT_SECTION("fontpage_157_246_246") = {
  0x00,0x10,0x13,0x00,0xFC,0x00,0x00,0x00,0x00,0x00,0xF6,0xF6,0x00,0x0E,0xFE,0x00,
  0x00,0x0F,0x10,0x20,0x10,0x00,0xFE,0x08,0x20,0x08,0x20,0x09,0x20,0x11,0x20,0x11,
  0xFC,0x32,0x20,0x32,0x20,0x54,0x20,0x90,0x20,0x17,0xFE,0x10,0x20,0x10,0x20,0x10,
  0x20,0x10,0x20,0x10,0x20,0x10,0x20};
const u8g_fntpgm_uint8_t fontpage_157_253_253[55] U8G_FONT_SECTION("fontpage_157_253_253") = {
  0x00,0x10,0x13,0x00,0xFC,0x00,0x00,0x00,0x00,0x00,0xFD,0xFD,0x00,0x0E,0xFE,0x00,
  0x00,0x0F,0x10,0x20,0x10,0x00,0xFE,0x08,0x10,0x08,0x90,0x08,0x90,0x10,0x88,0x11,
  0x08,0x31,0x04,0x32,0x04,0x55,0xFA,0x90,0x88,0x10,0x88,0x10,0x88,0x10,0x88,0x11,
  0x08,0x11,0x08,0x12,0x28,0x14,0x10};
const u8g_fntpgm_uint8_t fontpage_158_145_145[55] U8G_FONT_SECTION("fontpage_158_145_145") = {
  0x00,0x10,0x13,0x00,0xFC,0x00,0x00,0x00,0x00,0x00,0x91,0x91,0x00,0x0E,0xFE,0x00,
  0x00,0x0F,0x10,0x20,0x10,0x00,0xFE,0x08,0x40,0x08,0x40,0x08,0x40,0x10,0x40,0x17,
  0xFE,0x30,0x40,0x30,0xE0,0x50,0xE0,0x91,0x50,0x11,0x50,0x12,0x48,0x14,0x44,0x18,
  0x42,0x10,0x40,0x10,0x40,0x10,0x40};
const u8g_fntpgm_uint8_t fontpage_158_199_199[55] U8G_FONT_SECTION("fontpage_158_199_199") = {
  0x00,0x10,0x13,0x00,0xFC,0x00,0x00,0x00,0x00,0x00,0xC7,0xC7,0x00,0x0E,0xFE,0x00,
  0x00,0x0F,0x10,0x20,0x10,0x00,0xFE,0x08,0x40,0x08,0x20,0x08,0x20,0x13,0xFE,0x12,
  0x02,0x34,0x04,0x30,0x00,0x50,0x00,0x93,0xFE,0x10,0x20,0x10,0x20,0x10,0x20,0x10,
  0x20,0x10,0x20,0x10,0xA0,0x10,0x40};
const u8g_fntpgm_uint8_t fontpage_158_205_207[131] U8G_FONT_SECTION("fontpage_158_205_207") = {
  0x00,0x10,0x13,0x00,0xFC,0x00,0x00,0x00,0x00,0x00,0xCD,0xCF,0x00,0x0E,0xFE,0x00,
  0x00,0x0F,0x10,0x20,0x10,0x00,0xFE,0x08,0x80,0x08,0x40,0x08,0x40,0x10,0x00,0x17,
  0xFC,0x30,0x00,0x30,0x08,0x52,0x08,0x92,0x08,0x11,0x10,0x11,0x10,0x11,0x10,0x11,
  0x20,0x10,0x20,0x1F,0xFE,0x10,0x00,0x0F,0x10,0x20,0x10,0x00,0xFE,0x08,0x08,0x08,
  0x3C,0x0B,0xE0,0x12,0x20,0x12,0x20,0x32,0x20,0x32,0x20,0x53,0xFE,0x92,0x20,0x12,
  0x10,0x12,0x10,0x12,0x12,0x12,0x0A,0x12,0x8A,0x13,0x26,0x12,0x12,0x0F,0x10,0x20,
  0x10,0x00,0xFE,0x08,0x80,0x08,0x40,0x08,0x00,0x17,0xFC,0x10,0x40,0x30,0x40,0x30,
  0x40,0x50,0x40,0x97,0xFC,0x10,0x40,0x10,0x40,0x10,0x40,0x10,0x40,0x10,0x40,0x1F,
  0xFE,0x10,0x00};
const u8g_fntpgm_uint8_t fontpage_158_220_220[55] U8G_FONT_SECTION("fontpage_158_220_220") = {
  0x00,0x10,0x13,0x00,0xFC,0x00,0x00,0x00,0x00,0x00,0xDC,0xDC,0x00,0x0E,0xFE,0x00,
  0x00,0x0F,0x10,0x20,0x10,0x00,0xFE,0x09,0x00,0x09,0x00,0x09,0x00,0x11,0xFE,0x12,
  0x80,0x32,0x80,0x34,0x80,0x50,0xF8,0x90,0x80,0x10,0x80,0x10,0x80,0x10,0xFC,0x10,
  0x80,0x10,0x80,0x10,0x80,0x10,0x80};
const u8g_fntpgm_uint8_t fontpage_158_255_255[55] U8G_FONT_SECTION("fontpage_158_255_255") = {
  0x00,0x10,0x13,0x00,0xFC,0x00,0x00,0x00,0x00,0x00,0xFF,0xFF,0x00,0x0E,0xFE,0x00,
  0x00,0x0F,0x10,0x20,0x10,0x00,0xFE,0x10,0x40,0x10,0x40,0x1F,0xFE,0x20,0x40,0x20,
  0x40,0x67,0xFC,0x64,0x44,0xA4,0x44,0x27,0xFC,0x20,0x40,0x22,0x40,0x21,0x40,0x20,
  0x80,0x21,0x40,0x22,0x30,0x2C,0x0E};
const u8g_fntpgm_uint8_t fontpage_159_155_155[55] U8G_FONT_SECTION("fontpage_159_155_155") = {
  0x00,0x10,0x13,0x00,0xFC,0x00,0x00,0x00,0x00,0x00,0x9B,0x9B,0x00,0x0E,0xFE,0x00,
  0x00,0x0F,0x10,0x20,0x10,0x00,0xFE,0x09,0x10,0x09,0x10,0x09,0x10,0x11,0x10,0x13,
  0xFC,0x31,0x10,0x31,0x10,0x51,0x10,0x91,0x10,0x17,0xFE,0x10,0x00,0x11,0x10,0x11,
  0x08,0x12,0x08,0x14,0x04,0x18,0x04};
const u8g_fntpgm_uint8_t fontpage_159_181_181[55] U8G_FONT_SECTION("fontpage_159_181_181") = {
  0x00,0x10,0x13,0x00,0xFC,0x00,0x00,0x00,0x00,0x00,0xB5,0xB5,0x00,0x0E,0xFE,0x00,
  0x00,0x0F,0x10,0x20,0x10,0x00,0xFE,0x08,0x00,0x0B,0xF8,0x08,0x08,0x11,0xF8,0x10,
  0x08,0x33,0xF8,0x30,0x00,0x57,0xFC,0x94,0x04,0x13,0xF0,0x11,0x10,0x11,0x10,0x10,
  0xA0,0x10,0x40,0x11,0xB0,0x16,0x0E};
const u8g_fntpgm_uint8_t fontpage_159_194_194[55] U8G_FONT_SECTION("fontpage_159_194_194") = {
  0x00,0x10,0x13,0x00,0xFC,0x00,0x00,0x00,0x00,0x00,0xC2,0xC2,0x00,0x0E,0xFE,0x00,
  0x00,0x0F,0x10,0x20,0x10,0x00,0xFE,0x08,0x04,0x08,0x1E,0x0B,0xE0,0x10,0x80,0x11,
  0x08,0x33,0xF0,0x30,0x20,0x50,0x48,0x91,0x84,0x17,0xFE,0x10,0x22,0x11,0x28,0x11,
  0x24,0x12,0x22,0x14,0xA2,0x10,0x40};
const u8g_fntpgm_uint8_t fontpage_159_221_221[55] U8G_FONT_SECTION("fontpage_159_221_221") = {
  0x00,0x10,0x13,0x00,0xFC,0x00,0x00,0x00,0x00,0x00,0xDD,0xDD,0x00,0x0E,0xFE,0x00,
  0x00,0x0F,0x10,0x20,0x10,0x00,0xFE,0x08,0x00,0x0B,0xF8,0x0A,0x08,0x12,0x08,0x12,
  0x08,0x33,0xF8,0x30,0x40,0x50,0x40,0x97,0xFC,0x10,0xE0,0x11,0x50,0x12,0x48,0x14,
  0x44,0x18,0x42,0x10,0x40,0x10,0x40};
const u8g_fntpgm_uint8_t fontpage_159_238_238[55] U8G_FONT_SECTION("fontpage_159_238_238") = {
  0x00,0x10,0x13,0x00,0xFC,0x00,0x00,0x00,0x00,0x00,0xEE,0xEE,0x00,0x0E,0xFE,0x00,
  0x00,0x0F,0x10,0x20,0x10,0x00,0xFE,0x10,0x80,0x10,0x80,0x11,0xF8,0x21,0x08,0x2A,
  0x90,0x6C,0x60,0xA9,0x98,0x2E,0x26,0x28,0xC0,0x2B,0x10,0x28,0x20,0x28,0xC8,0x2B,
  0x10,0x20,0x60,0x21,0x80,0x26,0x00};
const u8g_fntpgm_uint8_t fontpage_160_139_139[55] U8G_FONT_SECTION("fontpage_160_139_139") = {
  0x00,0x10,0x13,0x00,0xFC,0x00,0x00,0x00,0x00,0x00,0x8B,0x8B,0x00,0x0E,0xFE,0x00,
  0x00,0x0E,0x10,0x20,0x10,0x00,0xFE,0x10,0x00,0x17,0xFC,0x14,0x44,0x24,0x44,0x27,
  0xFC,0x64,0x44,0x64,0x44,0xA5,0xF4,0x25,0x14,0x25,0x14,0x25,0x14,0x25,0xF4,0x25,
  0x14,0x24,0x04,0x27,0xFC,0x24,0x04};
const u8g_fntpgm_uint8_t fontpage_160_188_188[55] U8G_FONT_SECTION("fontpage_160_188_188") = {
  0x00,0x10,0x13,0x00,0xFC,0x00,0x00,0x00,0x00,0x00,0xBC,0xBC,0x00,0x0E,0xFE,0x00,
  0x00,0x0F,0x10,0x20,0x10,0x00,0xFE,0x08,0x40,0x08,0x40,0x0F,0xFC,0x10,0x40,0x10,
  0x40,0x33,0xF8,0x32,0x08,0x53,0xF8,0x92,0x08,0x13,0xF8,0x12,0x08,0x13,0xF8,0x12,
  0x08,0x12,0x08,0x1F,0xFE,0x10,0x00};
const u8g_fntpgm_uint8_t fontpage_160_207_207[55] U8G_FONT_SECTION("fontpage_160_207_207") = {
  0x00,0x10,0x13,0x00,0xFC,0x00,0x00,0x00,0x00,0x00,0xCF,0xCF,0x00,0x0E,0xFE,0x00,
  0x00,0x0E,0x10,0x20,0x10,0x00,0xFE,0x10,0x80,0x10,0x40,0x17,0xFC,0x24,0x04,0x24,
  0x04,0x67,0xFC,0x64,0x00,0xA4,0x00,0x27,0xFC,0x26,0xA4,0x2A,0xA4,0x2B,0xFC,0x2A,
  0xA4,0x2A,0xA4,0x32,0xA4,0x22,0x0C};
const u8g_fntpgm_uint8_t fontpage_160_220_220[55] U8G_FONT_SECTION("fontpage_160_220_220") = {
  0x00,0x10,0x13,0x00,0xFC,0x00,0x00,0x00,0x00,0x00,0xDC,0xDC,0x00,0x0E,0xFE,0x00,
  0x00,0x0F,0x10,0x20,0x10,0x00,0xFE,0x10,0x80,0x10,0x40,0x17,0xFC,0x20,0x00,0x23,
  0xF8,0x62,0x08,0x63,0xF8,0xA0,0x00,0x2F,0xFE,0x28,0x02,0x23,0xF8,0x20,0x40,0x20,
  0x40,0x20,0x40,0x21,0x40,0x20,0x80};
const u8g_fntpgm_uint8_t fontpage_160_245_245[55] U8G_FONT_SECTION("fontpage_160_245_245") = {
  0x00,0x10,0x13,0x00,0xFC,0x00,0x00,0x00,0x00,0x00,0xF5,0xF5,0x00,0x0E,0xFE,0x00,
  0x00,0x0F,0x10,0x20,0x10,0x00,0xFE,0x10,0x40,0x10,0x7E,0x10,0x40,0x20,0x40,0x27,
  0xFC,0x64,0x04,0x64,0x04,0xA7,0xFC,0x24,0x04,0x27,0xFC,0x24,0x04,0x24,0x04,0x27,
  0xFC,0x21,0x10,0x22,0x08,0x24,0x04};
const u8g_fntpgm_uint8_t fontpage_161_153_153[55] U8G_FONT_SECTION("fontpage_161_153_153") = {
  0x00,0x10,0x13,0x00,0xFC,0x00,0x00,0x00,0x00,0x00,0x99,0x99,0x00,0x0E,0xFE,0x00,
  0x00,0x0F,0x10,0x20,0x10,0x00,0xFE,0x08,0x88,0x08,0x88,0x0B,0xFE,0x10,0x88,0x10,
  0x88,0x37,0xFE,0x30,0x80,0x51,0xFC,0x93,0x24,0x15,0xFC,0x11,0x24,0x11,0xFC,0x11,
  0x24,0x11,0x24,0x11,0x24,0x11,0x0C};
const u8g_fntpgm_uint8_t fontpage_161_179_179[55] U8G_FONT_SECTION("fontpage_161_179_179") = {
  0x00,0x10,0x13,0x00,0xFC,0x00,0x00,0x00,0x00,0x00,0xB3,0xB3,0x00,0x0E,0xFE,0x00,
  0x00,0x0F,0x10,0x20,0x10,0x00,0xFE,0x10,0x40,0x1F,0xFE,0x10,0x40,0x27,0xFC,0x24,
  0x44,0x67,0xFC,0x64,0x44,0xA7,0xFC,0x20,0x42,0x2F,0xFE,0x20,0x10,0x2F,0xFE,0x22,
  0x10,0x21,0x10,0x21,0x50,0x20,0x20};
const u8g_fntpgm_uint8_t fontpage_161_190_190[55] U8G_FONT_SECTION("fontpage_161_190_190") = {
  0x00,0x10,0x13,0x00,0xFC,0x00,0x00,0x00,0x00,0x00,0xBE,0xBE,0x00,0x0E,0xFE,0x00,
  0x00,0x0F,0x10,0x20,0x10,0x00,0xFE,0x10,0x00,0x11,0xFE,0x10,0x10,0x24,0x20,0x24,
  0xFC,0x64,0x84,0x67,0x84,0xA4,0xFC,0x24,0x84,0x24,0xFC,0x25,0x84,0x26,0x84,0x24,
  0xFC,0x20,0x48,0x20,0x84,0x21,0x02};
const u8g_fntpgm_uint8_t fontpage_162_159_159[55] U8G_FONT_SECTION("fontpage_162_159_159") = {
  0x00,0x10,0x13,0x00,0xFC,0x00,0x00,0x00,0x00,0x00,0x9F,0x9F,0x00,0x0E,0xFE,0x00,
  0x00,0x0F,0x10,0x20,0x10,0x00,0xFE,0x0A,0x48,0x09,0x50,0x0F,0xFE,0x14,0x02,0x11,
  0xF8,0x31,0x08,0x33,0xFC,0x52,0x04,0x93,0xFC,0x12,0x04,0x13,0xFC,0x12,0x04,0x13,
  0xFC,0x11,0x08,0x12,0x04,0x14,0x02};
const u8g_fntpgm_uint8_t fontpage_162_178_178[55] U8G_FONT_SECTION("fontpage_162_178_178") = {
  0x00,0x10,0x13,0x00,0xFC,0x00,0x00,0x00,0x00,0x00,0xB2,0xB2,0x00,0x0E,0xFE,0x00,
  0x00,0x0F,0x10,0x20,0x10,0x00,0xFE,0x14,0x10,0x12,0x10,0x12,0x7A,0x2F,0x12,0x20,
  0x14,0x6F,0x7E,0x60,0x08,0xAF,0x10,0x20,0x3C,0x2F,0x64,0x29,0xA4,0x29,0x3C,0x29,
  0x24,0x2F,0x24,0x29,0x3C,0x20,0x24};
const u8g_fntpgm_uint8_t fontpage_162_193_193[55] U8G_FONT_SECTION("fontpage_162_193_193") = {
  0x00,0x10,0x13,0x00,0xFC,0x00,0x00,0x00,0x00,0x00,0xC1,0xC1,0x00,0x0E,0xFE,0x00,
  0x00,0x0F,0x10,0x20,0x10,0x00,0xFE,0x01,0x00,0x01,0x00,0x02,0x00,0x04,0x40,0x08,
  0x20,0x10,0x10,0x3F,0xF8,0x04,0x48,0x04,0x40,0x04,0x40,0x04,0x40,0x08,0x40,0x08,
  0x42,0x10,0x42,0x20,0x42,0xC0,0x3E};
const u8g_fntpgm_uint8_t fontpage_162_197_197[55] U8G_FONT_SECTION("fontpage_162_197_197") = {
  0x00,0x10,0x13,0x00,0xFC,0x00,0x00,0x00,0x00,0x00,0xC5,0xC5,0x00,0x0E,0xFE,0x00,
  0x00,0x0F,0x10,0x20,0x10,0x00,0xFE,0x02,0x00,0x01,0x00,0xFF,0xFE,0x04,0x00,0x04,
  0x00,0x08,0x20,0x10,0x10,0x3F,0xF8,0x04,0x48,0x04,0x40,0x04,0x40,0x04,0x40,0x08,
  0x44,0x08,0x44,0x10,0x44,0x60,0x3C};
const u8g_fntpgm_uint8_t fontpage_162_200_201[93] U8G_FONT_SECTION("fontpage_162_200_201") = {
  0x00,0x10,0x13,0x00,0xFC,0x00,0x00,0x00,0x00,0x00,0xC8,0xC9,0x00,0x0E,0xFE,0x00,
  0x00,0x0F,0x10,0x20,0x10,0x00,0xFE,0x01,0x00,0x11,0x00,0x11,0x00,0x1F,0xF8,0x21,
  0x00,0x41,0x00,0x01,0x00,0xFF,0xFE,0x04,0x40,0x04,0x40,0x04,0x40,0x08,0x40,0x08,
  0x42,0x10,0x42,0x20,0x3E,0xC0,0x00,0x0F,0x10,0x20,0x10,0x00,0xFE,0x01,0x00,0x21,
  0x08,0x11,0x08,0x09,0x10,0x09,0x20,0x01,0x00,0xFF,0xFE,0x04,0x40,0x04,0x40,0x04,
  0x40,0x04,0x40,0x08,0x42,0x08,0x42,0x10,0x42,0x20,0x3E,0xC0,0x00};
const u8g_fntpgm_uint8_t fontpage_162_205_205[55] U8G_FONT_SECTION("fontpage_162_205_205") = {
  0x00,0x10,0x13,0x00,0xFC,0x00,0x00,0x00,0x00,0x00,0xCD,0xCD,0x00,0x0E,0xFE,0x00,
  0x00,0x0F,0x10,0x20,0x10,0x00,0xFE,0x08,0x00,0x08,0x00,0x0F,0xE0,0x10,0x20,0x20,
  0x40,0x7F,0xF8,0xA1,0x08,0x21,0x08,0x21,0x08,0x3F,0xF8,0x22,0x88,0x04,0x80,0x08,
  0x80,0x10,0x82,0x20,0x82,0xC0,0x7E};
const u8g_fntpgm_uint8_t fontpage_162_229_229[55] U8G_FONT_SECTION("fontpage_162_229_229") = {
  0x00,0x10,0x13,0x00,0xFC,0x00,0x00,0x00,0x00,0x00,0xE5,0xE5,0x00,0x0E,0xFE,0x00,
  0x00,0x0F,0x10,0x20,0x10,0x00,0xFE,0x04,0x00,0x02,0x00,0x01,0x00,0x01,0x00,0x01,
  0x00,0x02,0x80,0x02,0x80,0x02,0x80,0x04,0x40,0x04,0x40,0x08,0x20,0x08,0x20,0x10,
  0x10,0x20,0x10,0x40,0x08,0x80,0x06};
const u8g_fntpgm_uint8_t fontpage_162_231_232[91] U8G_FONT_SECTION("fontpage_162_231_232") = {
  0x00,0x10,0x13,0x00,0xFC,0x00,0x00,0x00,0x00,0x00,0xE7,0xE8,0x00,0x0E,0xFE,0x00,
  0x00,0x0D,0x10,0x20,0x10,0x01,0xFE,0x08,0x00,0x04,0x00,0x04,0x00,0xFF,0xF8,0x82,
  0x08,0x82,0x08,0x85,0x08,0x85,0x08,0x88,0x88,0x90,0x48,0xA0,0x28,0x80,0x08,0x80,
  0x08,0x80,0x08,0x80,0x28,0x80,0x10,0x0F,0x0F,0x1E,0x10,0x00,0xFF,0x01,0x00,0x01,
  0x00,0x02,0x80,0x04,0x40,0x08,0x20,0x10,0x10,0x2F,0xE8,0xC1,0x06,0x01,0x00,0x01,
  0x00,0x1F,0xF0,0x01,0x00,0x01,0x00,0x01,0x00,0x7F,0xFC};
const u8g_fntpgm_uint8_t fontpage_162_236_236[53] U8G_FONT_SECTION("fontpage_162_236_236") = {
  0x00,0x10,0x13,0x00,0xFC,0x00,0x00,0x00,0x00,0x00,0xEC,0xEC,0x00,0x0E,0xFF,0x00,
  0x00,0x0F,0x0F,0x1E,0x10,0x00,0xFF,0x00,0x80,0x04,0x80,0x04,0x80,0x08,0x40,0x08,
  0x40,0x10,0x20,0x20,0x10,0x42,0x08,0x82,0x06,0x04,0x00,0x04,0x40,0x08,0x20,0x10,
  0x20,0x3F,0xF0,0x10,0x10};
const u8g_fntpgm_uint8_t fontpage_162_241_241[55] U8G_FONT_SECTION("fontpage_162_241_241") = {
  0x00,0x10,0x13,0x00,0xFC,0x00,0x00,0x00,0x00,0x00,0xF1,0xF1,0x00,0x0E,0xFE,0x00,
  0x00,0x0E,0x10,0x20,0x10,0x01,0xFE,0x08,0x40,0x08,0x40,0x08,0x40,0x08,0x40,0x7F,
  0xF8,0x08,0x40,0x08,0x40,0x08,0x40,0x08,0x40,0x08,0x40,0xFF,0xFC,0x00,0x00,0x08,
  0x40,0x10,0x20,0x20,0x10,0x40,0x08};
const u8g_fntpgm_uint8_t fontpage_162_246_247[91] U8G_FONT_SECTION("fontpage_162_246_247") = {
  0x00,0x10,0x13,0x00,0xFC,0x00,0x00,0x00,0x00,0x00,0xF6,0xF7,0x00,0x0E,0xFE,0x00,
  0x00,0x0F,0x10,0x20,0x10,0x00,0xFE,0x08,0x20,0x08,0x20,0x7F,0xFC,0x08,0x20,0x08,
  0x20,0x0F,0xE0,0x08,0x20,0x08,0x20,0x0F,0xE0,0x08,0x20,0x08,0x20,0xFF,0xFE,0x00,
  0x00,0x08,0x20,0x10,0x10,0x20,0x08,0x0F,0x0F,0x1E,0x10,0x00,0xFE,0x1F,0xF0,0x10,
  0x10,0x10,0x10,0x1F,0xF0,0x10,0x10,0x1F,0xF0,0x10,0x10,0x1F,0xF0,0x10,0x10,0x10,
  0x10,0xFF,0xFE,0x04,0x40,0x08,0x20,0x10,0x10,0x20,0x08};
const u8g_fntpgm_uint8_t fontpage_163_141_141[53] U8G_FONT_SECTION("fontpage_163_141_141") = {
  0x00,0x10,0x13,0x00,0xFC,0x00,0x00,0x00,0x00,0x00,0x8D,0x8D,0x00,0x0D,0xFE,0x00,
  0x00,0x0F,0x0F,0x1E,0x10,0x00,0xFE,0xFF,0xFE,0x01,0x00,0x01,0x00,0x3F,0xF8,0x21,
  0x08,0x21,0x08,0x3F,0xF8,0x21,0x08,0x21,0x08,0xFF,0xFE,0x20,0x08,0x20,0x08,0x20,
  0x08,0x20,0x28,0x20,0x10};
const u8g_fntpgm_uint8_t fontpage_163_151_151[51] U8G_FONT_SECTION("fontpage_163_151_151") = {
  0x00,0x10,0x13,0x00,0xFC,0x00,0x00,0x00,0x00,0x00,0x97,0x97,0x00,0x0C,0xFE,0x00,
  0x00,0x0F,0x0E,0x1C,0x10,0x00,0xFE,0x7F,0xFE,0x40,0x02,0x80,0x04,0x00,0x00,0x0F,
  0xC0,0x08,0x40,0x08,0x40,0x08,0x40,0x08,0x40,0x10,0x42,0x10,0x42,0x20,0x42,0x40,
  0x3E,0x80,0x00};
const u8g_fntpgm_uint8_t fontpage_163_183_183[55] U8G_FONT_SECTION("fontpage_163_183_183") = {
  0x00,0x10,0x13,0x00,0xFC,0x00,0x00,0x00,0x00,0x00,0xB7,0xB7,0x00,0x0E,0xFE,0x00,
  0x00,0x0F,0x10,0x20,0x10,0x00,0xFE,0x00,0x40,0x40,0x40,0x20,0xA0,0x20,0xA0,0x01,
  0x10,0x02,0x48,0x14,0x26,0x10,0x20,0x23,0xF8,0xE0,0x08,0x20,0x10,0x21,0x10,0x20,
  0xA0,0x20,0x40,0x20,0x20,0x00,0x20};
const u8g_fntpgm_uint8_t fontpage_163_198_198[55] U8G_FONT_SECTION("fontpage_163_198_198") = {
  0x00,0x10,0x13,0x00,0xFC,0x00,0x00,0x00,0x00,0x00,0xC6,0xC6,0x00,0x0E,0xFE,0x00,
  0x00,0x0F,0x10,0x20,0x10,0x00,0xFE,0x01,0x40,0x41,0x20,0x21,0x20,0x23,0xFE,0x02,
  0x20,0x16,0x20,0x1B,0xFC,0x12,0x20,0x22,0x20,0x23,0xFC,0xE2,0x20,0x22,0x20,0x22,
  0x20,0x23,0xFE,0x22,0x00,0x02,0x00};
const u8g_fntpgm_uint8_t fontpage_163_250_250[55] U8G_FONT_SECTION("fontpage_163_250_250") = {
  0x00,0x10,0x13,0x00,0xFC,0x00,0x00,0x00,0x00,0x00,0xFA,0xFA,0x00,0x0E,0xFE,0x00,
  0x00,0x0D,0x10,0x20,0x10,0x01,0xFE,0x02,0x00,0x02,0x00,0x42,0x10,0x42,0x10,0x42,
  0x10,0x42,0x10,0x7F,0xF0,0x02,0x10,0x02,0x00,0x02,0x00,0x82,0x08,0x82,0x08,0x82,
  0x08,0x82,0x08,0xFF,0xF8,0x00,0x08};
const u8g_fntpgm_uint8_t fontpage_164_128_128[51] U8G_FONT_SECTION("fontpage_164_128_128") = {
  0x00,0x10,0x13,0x00,0xFC,0x00,0x00,0x00,0x00,0x00,0x80,0x80,0x00,0x0C,0xFE,0x00,
  0x00,0x0C,0x0E,0x1C,0x10,0x01,0xFE,0x7F,0xF0,0x04,0x10,0x04,0x10,0x04,0x10,0x04,
  0x10,0x04,0x10,0x04,0x10,0x08,0x10,0x08,0x10,0x10,0x10,0x10,0x10,0x20,0x10,0x40,
  0xA0,0x80,0x40};
const u8g_fntpgm_uint8_t fontpage_164_134_135[93] U8G_FONT_SECTION("fontpage_164_134_135") = {
  0x00,0x10,0x13,0x00,0xFC,0x00,0x00,0x00,0x00,0x00,0x86,0x87,0x00,0x0E,0xFE,0x00,
  0x00,0x0F,0x10,0x20,0x10,0x00,0xFE,0x00,0x40,0x04,0x40,0x04,0x20,0x08,0x20,0x10,
  0x10,0x20,0x08,0x40,0x04,0x9F,0xE2,0x04,0x20,0x04,0x20,0x04,0x20,0x08,0x20,0x08,
  0x20,0x10,0x20,0x21,0x40,0x40,0x80,0x0E,0x10,0x20,0x10,0x00,0xFE,0x10,0x00,0x10,
  0x00,0x11,0xFC,0x10,0x44,0x10,0x44,0x1E,0x44,0xF0,0x44,0x10,0x44,0x10,0x44,0x12,
  0x44,0x14,0x44,0x18,0x84,0x10,0x84,0x01,0x04,0x02,0x28,0x04,0x10};
const u8g_fntpgm_uint8_t fontpage_164_151_151[55] U8G_FONT_SECTION("fontpage_164_151_151") = {
  0x00,0x10,0x13,0x00,0xFC,0x00,0x00,0x00,0x00,0x00,0x97,0x97,0x00,0x0E,0xFE,0x00,
  0x00,0x0E,0x10,0x20,0x10,0x00,0xFE,0x00,0x04,0x7F,0x84,0x08,0x04,0x08,0x24,0x1F,
  0x24,0x11,0x24,0x21,0x24,0x21,0x24,0x52,0x24,0x8A,0x24,0x04,0x24,0x04,0x24,0x08,
  0x04,0x10,0x04,0x20,0x14,0x40,0x08};
const u8g_fntpgm_uint8_t fontpage_164_157_157[55] U8G_FONT_SECTION("fontpage_164_157_157") = {
  0x00,0x10,0x13,0x00,0xFC,0x00,0x00,0x00,0x00,0x00,0x9D,0x9D,0x00,0x0E,0xFE,0x00,
  0x00,0x0E,0x10,0x20,0x10,0x00,0xFE,0x20,0x00,0x10,0x00,0x01,0xFC,0xFC,0x44,0x08,
  0x44,0x10,0x44,0x10,0x44,0x34,0x44,0x58,0x44,0x94,0x44,0x14,0x44,0x10,0x84,0x10,
  0x84,0x11,0x04,0x12,0x28,0x14,0x10};
const u8g_fntpgm_uint8_t fontpage_164_165_165[55] U8G_FONT_SECTION("fontpage_164_165_165") = {
  0x00,0x10,0x13,0x00,0xFC,0x00,0x00,0x00,0x00,0x00,0xA5,0xA5,0x00,0x0E,0xFE,0x00,
  0x00,0x0E,0x10,0x20,0x10,0x00,0xFE,0x00,0x04,0x7F,0x04,0x41,0x04,0x41,0x24,0x41,
  0x24,0x7F,0x24,0x00,0x24,0x10,0x24,0x10,0x24,0x1F,0x24,0x11,0x24,0x11,0x24,0x21,
  0x04,0x21,0x04,0x4A,0x14,0x84,0x08};
const u8g_fntpgm_uint8_t fontpage_164_176_176[55] U8G_FONT_SECTION("fontpage_164_176_176") = {
  0x00,0x10,0x13,0x00,0xFC,0x00,0x00,0x00,0x00,0x00,0xB0,0xB0,0x00,0x0E,0xFE,0x00,
  0x00,0x0E,0x10,0x20,0x10,0x00,0xFE,0x00,0x04,0xFF,0x84,0x08,0x04,0x10,0x24,0x22,
  0x24,0x41,0x24,0xFF,0xA4,0x08,0xA4,0x08,0x24,0x08,0x24,0x7F,0x24,0x08,0x24,0x08,
  0x04,0x0F,0x84,0xF8,0x14,0x40,0x08};
const u8g_fntpgm_uint8_t fontpage_164_182_183[93] U8G_FONT_SECTION("fontpage_164_182_183") = {
  0x00,0x10,0x13,0x00,0xFC,0x00,0x00,0x00,0x00,0x00,0xB6,0xB7,0x00,0x0E,0xFE,0x00,
  0x00,0x0E,0x10,0x20,0x10,0x00,0xFE,0x04,0x04,0x24,0x04,0x24,0x04,0x3F,0xA4,0x44,
  0x24,0x04,0x24,0xFF,0xE4,0x04,0x24,0x04,0x24,0x3F,0xA4,0x24,0xA4,0x24,0xA4,0x26,
  0x84,0x25,0x04,0x04,0x14,0x04,0x08,0x0F,0x10,0x20,0x10,0x00,0xFE,0x00,0x02,0x3F,
  0xC2,0x20,0x42,0x20,0x42,0x3F,0xD2,0x22,0x12,0x22,0x12,0x22,0x12,0x3F,0xD2,0x52,
  0x52,0x52,0x52,0x52,0x52,0x93,0x42,0x12,0x82,0x02,0x0A,0x02,0x04};
const u8g_fntpgm_uint8_t fontpage_164_205_205[55] U8G_FONT_SECTION("fontpage_164_205_205") = {
  0x00,0x10,0x13,0x00,0xFC,0x00,0x00,0x00,0x00,0x00,0xCD,0xCD,0x00,0x0E,0xFE,0x00,
  0x00,0x0F,0x10,0x20,0x10,0x00,0xFE,0x10,0x10,0x08,0x10,0x08,0x20,0xFF,0xFE,0x00,
  0x00,0x3E,0x08,0x22,0x48,0x22,0x48,0x3E,0x48,0x22,0x48,0x22,0x48,0x3E,0x48,0x22,
  0x08,0x22,0x08,0x2A,0x28,0x24,0x10};
const u8g_fntpgm_uint8_t fontpage_164_233_234[93] U8G_FONT_SECTION("fontpage_164_233_234") = {
  0x00,0x10,0x13,0x00,0xFC,0x00,0x00,0x00,0x00,0x00,0xE9,0xEA,0x00,0x0E,0xFE,0x00,
  0x00,0x0F,0x10,0x20,0x10,0x00,0xFE,0x07,0x02,0x78,0x02,0x08,0x02,0xFF,0x82,0x2A,
  0x12,0x2A,0x92,0xEB,0x12,0x2A,0x92,0x6A,0x92,0xA9,0x92,0x1C,0x12,0x2A,0x12,0x49,
  0x02,0x88,0x82,0x08,0x0A,0x08,0x04,0x0F,0x10,0x20,0x10,0x00,0xFE,0x08,0x20,0xFF,
  0xFE,0x00,0x00,0x3E,0x08,0x22,0x48,0x3E,0x48,0x22,0x48,0x3E,0x48,0x22,0x08,0x26,
  0x18,0x00,0x00,0x7F,0xF8,0x04,0x08,0x08,0x08,0x10,0x50,0x60,0x20};
const u8g_fntpgm_uint8_t fontpage_164_242_242[55] U8G_FONT_SECTION("fontpage_164_242_242") = {
  0x00,0x10,0x13,0x00,0xFC,0x00,0x00,0x00,0x00,0x00,0xF2,0xF2,0x00,0x0E,0xFE,0x00,
  0x00,0x0E,0x10,0x20,0x10,0x00,0xFE,0x10,0x04,0x08,0x04,0xFF,0x84,0x80,0xA4,0x09,
  0x24,0x7F,0x24,0x08,0x24,0x7F,0x24,0x08,0x24,0xFF,0xA4,0x08,0x24,0x7F,0x24,0x41,
  0x04,0x41,0x04,0x7F,0x14,0x41,0x08};
const u8g_fntpgm_uint8_t fontpage_164_245_245[55] U8G_FONT_SECTION("fontpage_164_245_245") = {
  0x00,0x10,0x13,0x00,0xFC,0x00,0x00,0x00,0x00,0x00,0xF5,0xF5,0x00,0x0E,0xFE,0x00,
  0x00,0x0E,0x10,0x20,0x10,0x00,0xFE,0x08,0x04,0x0C,0x04,0x12,0x04,0x29,0x24,0x44,
  0xA4,0xBF,0x24,0x21,0x24,0x3F,0x24,0x21,0x24,0x3F,0x24,0x20,0x24,0x3F,0x24,0x51,
  0x04,0x51,0x04,0x9F,0x14,0x11,0x08};
const u8g_fntpgm_uint8_t fontpage_165_155_155[55] U8G_FONT_SECTION("fontpage_165_155_155") = {
  0x00,0x10,0x13,0x00,0xFC,0x00,0x00,0x00,0x00,0x00,0x9B,0x9B,0x00,0x0E,0xFE,0x00,
  0x00,0x0C,0x10,0x20,0x10,0x01,0xFE,0x04,0x00,0x04,0x00,0x04,0x00,0x04,0x00,0xFF,
  0xF0,0x04,0x10,0x04,0x10,0x04,0x10,0x04,0x10,0x08,0x10,0x08,0x10,0x10,0x10,0x10,
  0x10,0x21,0x10,0x40,0xA0,0x80,0x40};
const u8g_fntpgm_uint8_t fontpage_165_159_160[93] U8G_FONT_SECTION("fontpage_165_159_160") = {
  0x00,0x10,0x13,0x00,0xFC,0x00,0x00,0x00,0x00,0x00,0x9F,0xA0,0x00,0x0E,0xFE,0x00,
  0x00,0x0E,0x10,0x20,0x10,0x00,0xFE,0x00,0x40,0x00,0x40,0x00,0x40,0xFE,0x40,0x11,
  0xFC,0x10,0x44,0x10,0x44,0x10,0x44,0x10,0x44,0x10,0x84,0x10,0x84,0x1E,0x84,0xF1,
  0x04,0x41,0x04,0x02,0x28,0x04,0x10,0x0E,0x10,0x20,0x10,0x00,0xFE,0x10,0x00,0x10,
  0x00,0x10,0x00,0x10,0x7C,0xFE,0x44,0x12,0x44,0x12,0x44,0x12,0x44,0x12,0x44,0x12,
  0x44,0x12,0x44,0x12,0x44,0x22,0x44,0x22,0x7C,0x4A,0x44,0x84,0x00};
const u8g_fntpgm_uint8_t fontpage_165_169_169[55] U8G_FONT_SECTION("fontpage_165_169_169") = {
  0x00,0x10,0x13,0x00,0xFC,0x00,0x00,0x00,0x00,0x00,0xA9,0xA9,0x00,0x0E,0xFE,0x00,
  0x00,0x0E,0x10,0x20,0x10,0x00,0xFE,0x00,0x20,0x7C,0x20,0x44,0x20,0x44,0x20,0x44,
  0xFC,0x7C,0x24,0x44,0x24,0x44,0x24,0x7C,0x24,0x44,0x24,0x44,0x24,0x44,0x44,0x4E,
  0x44,0xF0,0x84,0x01,0x28,0x02,0x10};
const u8g_fntpgm_uint8_t fontpage_165_213_213[55] U8G_FONT_SECTION("fontpage_165_213_213") = {
  0x00,0x10,0x13,0x00,0xFC,0x00,0x00,0x00,0x00,0x00,0xD5,0xD5,0x00,0x0E,0xFE,0x00,
  0x00,0x0E,0x10,0x20,0x10,0x00,0xFE,0x0F,0x20,0x78,0x20,0x08,0x20,0xFF,0xA0,0x08,
  0x7C,0x7F,0x24,0x49,0x24,0x7F,0x24,0x49,0x24,0x7F,0x24,0x08,0x24,0x7F,0x24,0x08,
  0x44,0x0F,0xC4,0xF8,0x94,0x41,0x08};
const u8g_fntpgm_uint8_t fontpage_166_150_150[55] U8G_FONT_SECTION("fontpage_166_150_150") = {
  0x00,0x10,0x13,0x00,0xFC,0x00,0x00,0x00,0x00,0x00,0x96,0x96,0x00,0x0E,0xFE,0x00,
  0x00,0x0F,0x10,0x20,0x10,0x00,0xFE,0x08,0x80,0x08,0x80,0x08,0x84,0x10,0x88,0x10,
  0x90,0x30,0xA0,0x30,0xC0,0x50,0x80,0x91,0x80,0x12,0x80,0x14,0x80,0x10,0x82,0x10,
  0x82,0x10,0x82,0x10,0x7E,0x10,0x00};
const u8g_fntpgm_uint8_t fontpage_166_192_192[51] U8G_FONT_SECTION("fontpage_166_192_192") = {
  0x00,0x10,0x13,0x00,0xFC,0x00,0x00,0x00,0x00,0x00,0xC0,0xC0,0x00,0x0D,0xFF,0x00,
  0x00,0x0E,0x0E,0x1C,0x10,0x01,0xFF,0xFF,0xF8,0x80,0x00,0x9F,0xE0,0x90,0x20,0x90,
  0x20,0x9F,0xE0,0x80,0x00,0xBC,0xF0,0xA4,0x90,0xA4,0x90,0xBC,0xF0,0xA4,0x90,0x80,
  0x00,0xFF,0xFC};
const u8g_fntpgm_uint8_t fontpage_166_202_202[55] U8G_FONT_SECTION("fontpage_166_202_202") = {
  0x00,0x10,0x13,0x00,0xFC,0x00,0x00,0x00,0x00,0x00,0xCA,0xCA,0x00,0x0E,0xFE,0x00,
  0x00,0x0F,0x10,0x20,0x10,0x00,0xFE,0x01,0x00,0x21,0x08,0x11,0x08,0x09,0x10,0x09,
  0x20,0x01,0x00,0x3F,0xF8,0x01,0x00,0x01,0x00,0x01,0x00,0xFF,0xFE,0x01,0x00,0x01,
  0x00,0x01,0x00,0x01,0x00,0x01,0x00};
const u8g_fntpgm_uint8_t fontpage_166_212_212[55] U8G_FONT_SECTION("fontpage_166_212_212") = {
  0x00,0x10,0x13,0x00,0xFC,0x00,0x00,0x00,0x00,0x00,0xD4,0xD4,0x00,0x0E,0xFE,0x00,
  0x00,0x0F,0x10,0x20,0x10,0x00,0xFE,0x20,0x40,0x20,0x40,0x23,0xFC,0x20,0x84,0xF8,
  0x84,0x21,0x14,0x22,0x08,0x20,0x10,0x24,0x10,0x2F,0xBE,0x24,0x92,0x24,0x92,0x24,
  0x92,0x28,0xA2,0x2A,0xAA,0x31,0x44};
const u8g_fntpgm_uint8_t fontpage_166_225_225[55] U8G_FONT_SECTION("fontpage_166_225_225") = {
  0x00,0x10,0x13,0x00,0xFC,0x00,0x00,0x00,0x00,0x00,0xE1,0xE1,0x00,0x0E,0xFE,0x00,
  0x00,0x0F,0x10,0x20,0x10,0x00,0xFE,0x02,0x00,0x02,0x00,0x03,0xF8,0x02,0x00,0x02,
  0x00,0x02,0x00,0xFF,0xFE,0x02,0x00,0x02,0x00,0x02,0x40,0x02,0x20,0x02,0x10,0x02,
  0x08,0x02,0x00,0x02,0x00,0x02,0x00};
const u8g_fntpgm_uint8_t fontpage_166_240_241[91] U8G_FONT_SECTION("fontpage_166_240_241") = {
  0x00,0x10,0x13,0x00,0xFC,0x00,0x00,0x00,0x00,0x00,0xF0,0xF1,0x00,0x0E,0xFE,0x00,
  0x00,0x0D,0x0F,0x1E,0x10,0x01,0xFE,0x0C,0x00,0xF1,0xF8,0x81,0x08,0x81,0x08,0x81,
  0x08,0xFD,0x08,0x81,0x08,0x81,0x08,0x81,0x08,0x81,0x08,0x9D,0x50,0xE1,0x20,0x01,
  0x00,0x01,0x00,0x01,0x00,0x0E,0x10,0x20,0x10,0x00,0xFE,0x04,0x00,0x04,0x00,0x0F,
  0xF0,0x10,0x10,0x20,0x20,0x5F,0xFC,0x10,0x00,0x13,0xF0,0x12,0x10,0x12,0x10,0x12,
  0x50,0x12,0x20,0x22,0x04,0x22,0x04,0x41,0xFC,0x80,0x00};
const u8g_fntpgm_uint8_t fontpage_166_243_243[53] U8G_FONT_SECTION("fontpage_166_243_243") = {
  0x00,0x10,0x13,0x00,0xFC,0x00,0x00,0x00,0x00,0x00,0xF3,0xF3,0x00,0x0D,0xFE,0x00,
  0x00,0x0D,0x0F,0x1E,0x10,0x01,0xFE,0xFC,0xF8,0x84,0x88,0x84,0x88,0xFC,0x88,0x84,
  0x88,0x84,0x88,0xFC,0x88,0x80,0x88,0x90,0x88,0x88,0xA8,0x94,0x90,0xA4,0x80,0xC0,
  0x80,0x00,0x80,0x00,0x80};
const u8g_fntpgm_uint8_t fontpage_166_248_248[55] U8G_FONT_SECTION("fontpage_166_248_248") = {
  0x00,0x10,0x13,0x00,0xFC,0x00,0x00,0x00,0x00,0x00,0xF8,0xF8,0x00,0x0E,0xFE,0x00,
  0x00,0x0E,0x10,0x20,0x10,0x00,0xFE,0x20,0x00,0x20,0x00,0x3F,0x7C,0x48,0x44,0x88,
  0x44,0x08,0x44,0x7F,0x44,0x08,0x44,0x08,0x44,0x2E,0x44,0x28,0x44,0x28,0x54,0x2F,
  0x48,0xF0,0x40,0x40,0x40,0x00,0x40};
const u8g_fntpgm_uint8_t fontpage_166_251_251[55] U8G_FONT_SECTION("fontpage_166_251_251") = {
  0x00,0x10,0x13,0x00,0xFC,0x00,0x00,0x00,0x00,0x00,0xFB,0xFB,0x00,0x0E,0xFE,0x00,
  0x00,0x0E,0x10,0x20,0x10,0x00,0xFE,0x14,0x00,0x12,0x00,0x21,0x7C,0x49,0x44,0x08,
  0x44,0x14,0x44,0x22,0x44,0x41,0x44,0xBE,0x44,0x22,0x44,0x22,0x44,0x22,0x54,0x22,
  0x48,0x3E,0x40,0x22,0x40,0x00,0x40};
const u8g_fntpgm_uint8_t fontpage_167_159_159[53] U8G_FONT_SECTION("fontpage_167_159_159") = {
  0x00,0x10,0x13,0x00,0xFC,0x00,0x00,0x00,0x00,0x00,0x9F,0x9F,0x00,0x0D,0xFE,0x00,
  0x00,0x0F,0x0F,0x1E,0x10,0x00,0xFE,0x3F,0xFE,0x20,0x80,0x21,0x00,0x27,0xF0,0x24,
  0x10,0x24,0x10,0x27,0xF0,0x24,0x10,0x24,0x10,0x27,0xF0,0x20,0x80,0x24,0x90,0x48,
  0x88,0x52,0x84,0x81,0x00};
const u8g_fntpgm_uint8_t fontpage_167_195_195[55] U8G_FONT_SECTION("fontpage_167_195_195") = {
  0x00,0x10,0x13,0x00,0xFC,0x00,0x00,0x00,0x00,0x00,0xC3,0xC3,0x00,0x0E,0xFE,0x00,
  0x00,0x0F,0x10,0x20,0x10,0x00,0xFE,0x04,0x00,0x08,0x20,0x1F,0xF0,0x10,0x20,0x24,
  0x48,0x7E,0xFC,0x01,0x00,0x06,0xC0,0x18,0xB0,0xE3,0x0E,0x0C,0x40,0x31,0x90,0x06,
  0x20,0x38,0xC0,0x07,0x00,0x78,0x00};
const u8g_fntpgm_uint8_t fontpage_167_205_205[55] U8G_FONT_SECTION("fontpage_167_205_205") = {
  0x00,0x10,0x13,0x00,0xFC,0x00,0x00,0x00,0x00,0x00,0xCD,0xCD,0x00,0x0E,0xFE,0x00,
  0x00,0x0F,0x10,0x20,0x10,0x00,0xFE,0x00,0x10,0x00,0xF8,0x3F,0x00,0x20,0x00,0x20,
  0x00,0x3F,0xF8,0x24,0x08,0x24,0x10,0x22,0x10,0x22,0x20,0x21,0x40,0x20,0x80,0x41,
  0x40,0x42,0x20,0x8C,0x18,0x30,0x06};
const u8g_fntpgm_uint8_t fontpage_167_214_214[53] U8G_FONT_SECTION("fontpage_167_214_214") = {
  0x00,0x10,0x13,0x00,0xFC,0x00,0x00,0x00,0x00,0x00,0xD6,0xD6,0x00,0x0D,0xFE,0x00,
  0x00,0x0F,0x0F,0x1E,0x10,0x00,0xFE,0xFF,0x80,0x22,0xFC,0x22,0x44,0x3E,0x44,0x22,
  0x44,0x22,0x44,0x3E,0x44,0x22,0x28,0x22,0x28,0x27,0xA8,0xFA,0x10,0x42,0x10,0x02,
  0x28,0x02,0x44,0x02,0x82};
const u8g_fntpgm_uint8_t fontpage_167_235_235[55] U8G_FONT_SECTION("fontpage_167_235_235") = {
  0x00,0x10,0x13,0x00,0xFC,0x00,0x00,0x00,0x00,0x00,0xEB,0xEB,0x00,0x0E,0xFE,0x00,
  0x00,0x0D,0x10,0x20,0x10,0x01,0xFE,0x00,0x08,0x00,0x08,0xF9,0x08,0x89,0x08,0x89,
  0x08,0x89,0x08,0x89,0x08,0x89,0x08,0x89,0x18,0x89,0x68,0xF9,0x88,0x89,0x08,0x00,
  0x08,0x00,0x08,0x00,0x08,0x00,0x08};
const u8g_fntpgm_uint8_t fontpage_167_239_240[91] U8G_FONT_SECTION("fontpage_167_239_240") = {
  0x00,0x10,0x13,0x00,0xFC,0x00,0x00,0x00,0x00,0x00,0xEF,0xF0,0x00,0x0E,0xFE,0x00,
  0x00,0x0E,0x0F,0x1E,0x10,0x01,0xFE,0xFF,0xFC,0x00,0x20,0x00,0x20,0x3E,0x20,0x22,
  0x20,0x22,0x20,0x22,0x20,0x22,0x20,0x22,0x20,0x3E,0x20,0x22,0x20,0x00,0x20,0x00,
  0x20,0x00,0xA0,0x00,0x40,0x0D,0x10,0x20,0x10,0x01,0xFE,0x04,0x00,0x04,0x00,0x08,
  0x00,0x10,0x40,0x20,0x20,0x40,0x10,0xFF,0xF8,0x40,0x08,0x00,0x00,0x3F,0xE0,0x20,
  0x20,0x20,0x20,0x20,0x20,0x20,0x20,0x3F,0xE0,0x20,0x20};
const u8g_fntpgm_uint8_t fontpage_167_243_243[55] U8G_FONT_SECTION("fontpage_167_243_243") = {
  0x00,0x10,0x13,0x00,0xFC,0x00,0x00,0x00,0x00,0x00,0xF3,0xF3,0x00,0x0E,0xFE,0x00,
  0x00,0x0F,0x10,0x20,0x10,0x00,0xFE,0x02,0x00,0x02,0x00,0x02,0x00,0xFF,0xFE,0x04,
  0x00,0x04,0x00,0x08,0x00,0x08,0x00,0x1F,0xF8,0x28,0x08,0x48,0x08,0x88,0x08,0x08,
  0x08,0x08,0x08,0x0F,0xF8,0x08,0x08};
const u8g_fntpgm_uint8_t fontpage_168_136_136[55] U8G_FONT_SECTION("fontpage_168_136_136") = {
  0x00,0x10,0x13,0x00,0xFC,0x00,0x00,0x00,0x00,0x00,0x88,0x88,0x00,0x0E,0xFE,0x00,
  0x00,0x0F,0x10,0x20,0x10,0x00,0xFE,0x01,0x00,0x01,0x00,0x02,0x80,0x04,0x40,0x08,
  0x20,0x30,0x18,0xCF,0xE6,0x00,0x00,0x00,0x00,0x1F,0xF0,0x10,0x10,0x10,0x10,0x10,
  0x10,0x10,0x10,0x1F,0xF0,0x10,0x10};
const u8g_fntpgm_uint8_t fontpage_168_140_141[91] U8G_FONT_SECTION("fontpage_168_140_141") = {
  0x00,0x10,0x13,0x00,0xFC,0x00,0x00,0x00,0x00,0x00,0x8C,0x8D,0x00,0x0E,0xFE,0x00,
  0x00,0x0C,0x0F,0x1E,0x10,0x02,0xFE,0xFF,0xF0,0x80,0x10,0x80,0x10,0xBF,0xD0,0x80,
  0x10,0x80,0x10,0x9F,0x90,0x90,0x90,0x90,0x90,0x90,0x90,0x9F,0x90,0x90,0x90,0x80,
  0x10,0x80,0x50,0x80,0x20,0x0D,0x10,0x20,0x10,0x00,0xFE,0x02,0x00,0x02,0x00,0x07,
  0xF0,0x08,0x10,0x14,0x20,0x62,0x40,0x02,0x80,0x01,0x00,0x06,0x00,0x1F,0xF8,0xE8,
  0x08,0x08,0x08,0x08,0x08,0x08,0x08,0x0F,0xF8,0x08,0x08};
const u8g_fntpgm_uint8_t fontpage_168_145_145[55] U8G_FONT_SECTION("fontpage_168_145_145") = {
  0x00,0x10,0x13,0x00,0xFC,0x00,0x00,0x00,0x00,0x00,0x91,0x91,0x00,0x0E,0xFE,0x00,
  0x00,0x0D,0x10,0x20,0x10,0x01,0xFE,0x04,0x00,0x08,0x00,0x10,0x00,0xFF,0xF8,0x80,
  0x08,0x80,0x08,0x8F,0x88,0x88,0x88,0x88,0x88,0x88,0x88,0x88,0x88,0x8F,0x88,0x88,
  0x88,0x80,0x08,0x80,0x28,0x80,0x10};
const u8g_fntpgm_uint8_t fontpage_168_166_166[53] U8G_FONT_SECTION("fontpage_168_166_166") = {
  0x00,0x10,0x13,0x00,0xFC,0x00,0x00,0x00,0x00,0x00,0xA6,0xA6,0x00,0x0D,0xFE,0x00,
  0x00,0x0F,0x0F,0x1E,0x10,0x00,0xFE,0x7F,0xFC,0x00,0x80,0x01,0x00,0x03,0x00,0x05,
  0x60,0x09,0x18,0x31,0x04,0xC1,0x02,0x00,0x00,0x1F,0xF0,0x10,0x10,0x10,0x10,0x10,
  0x10,0x1F,0xF0,0x10,0x10};
const u8g_fntpgm_uint8_t fontpage_168_184_184[53] U8G_FONT_SECTION("fontpage_168_184_184") = {
  0x00,0x10,0x13,0x00,0xFC,0x00,0x00,0x00,0x00,0x00,0xB8,0xB8,0x00,0x0D,0xFE,0x00,
  0x00,0x0E,0x0F,0x1E,0x10,0x01,0xFE,0x0F,0xF0,0xF2,0x10,0x92,0x20,0x92,0x20,0x92,
  0x40,0x92,0x78,0x92,0x08,0x92,0x08,0x95,0x10,0xF5,0x10,0x94,0xA0,0x08,0x40,0x08,
  0xA0,0x11,0x10,0x06,0x0C};
const u8g_fntpgm_uint8_t fontpage_168_202_202[55] U8G_FONT_SECTION("fontpage_168_202_202") = {
  0x00,0x10,0x13,0x00,0xFC,0x00,0x00,0x00,0x00,0x00,0xCA,0xCA,0x00,0x0E,0xFE,0x00,
  0x00,0x0F,0x10,0x20,0x10,0x00,0xFE,0x01,0x00,0x11,0x00,0x11,0x00,0x1F,0xF8,0x21,
  0x00,0x41,0x00,0x01,0x00,0xFF,0xFE,0x00,0x00,0x00,0x00,0x1F,0xF0,0x10,0x10,0x10,
  0x10,0x10,0x10,0x1F,0xF0,0x10,0x10};
const u8g_fntpgm_uint8_t fontpage_168_252_253[93] U8G_FONT_SECTION("fontpage_168_252_253") = {
  0x00,0x10,0x13,0x00,0xFC,0x00,0x00,0x00,0x00,0x00,0xFC,0xFD,0x00,0x0E,0xFE,0x00,
  0x00,0x0E,0x10,0x20,0x10,0x01,0xFE,0x00,0x10,0x00,0x78,0xF7,0xC0,0x90,0x40,0x92,
  0x48,0x91,0x48,0x91,0x50,0x90,0x40,0x97,0xFC,0x90,0x40,0xF0,0x40,0x90,0x40,0x00,
  0x40,0x00,0x40,0x01,0x40,0x00,0x80,0x0F,0x10,0x20,0x10,0x00,0xFE,0x01,0x00,0x01,
  0x00,0x02,0x80,0x04,0x40,0x08,0x20,0x37,0xD8,0xC0,0x06,0x00,0x00,0x3E,0xF8,0x22,
  0x88,0x22,0x88,0x22,0x88,0x3E,0xA8,0x22,0x90,0x00,0x80,0x00,0x80};
const u8g_fntpgm_uint8_t fontpage_169_140_140[55] U8G_FONT_SECTION("fontpage_169_140_140") = {
  0x00,0x10,0x13,0x00,0xFC,0x00,0x00,0x00,0x00,0x00,0x8C,0x8C,0x00,0x0E,0xFE,0x00,
  0x00,0x0E,0x10,0x20,0x10,0x00,0xFE,0x04,0x00,0x0E,0x00,0x78,0x00,0x08,0x7C,0x08,
  0x44,0xFF,0x44,0x08,0x44,0x18,0x44,0x1C,0x44,0x2A,0x44,0x2A,0x44,0x48,0x44,0x88,
  0x7C,0x08,0x44,0x08,0x00,0x08,0x00};
const u8g_fntpgm_uint8_t fontpage_170_223_223[55] U8G_FONT_SECTION("fontpage_170_223_223") = {
  0x00,0x10,0x13,0x00,0xFC,0x00,0x00,0x00,0x00,0x00,0xDF,0xDF,0x00,0x0E,0xFE,0x00,
  0x00,0x0F,0x10,0x20,0x10,0x00,0xFE,0x08,0x20,0x04,0x20,0x3F,0x20,0x21,0x3E,0x21,
  0x44,0x21,0x44,0x3F,0x44,0x20,0xA4,0x20,0x28,0x3F,0x28,0x31,0x10,0x51,0x10,0x51,
  0x28,0x9F,0x28,0x11,0x44,0x00,0x82};
const u8g_fntpgm_uint8_t fontpage_171_174_174[53] U8G_FONT_SECTION("fontpage_171_174_174") = {
  0x00,0x10,0x13,0x00,0xFC,0x00,0x00,0x00,0x00,0x00,0xAE,0xAE,0x00,0x0D,0xFE,0x00,
  0x00,0x0F,0x0F,0x1E,0x10,0x00,0xFE,0x7E,0xFC,0x42,0x84,0x42,0x84,0x7E,0xFC,0x00,
  0x00,0x3F,0xF8,0x21,0x08,0x3F,0xF8,0x21,0x08,0x3F,0xF8,0x01,0x00,0xFF,0xFE,0x01,
  0x00,0x01,0x00,0x01,0x00};
const u8g_fntpgm_uint8_t fontpage_172_151_151[55] U8G_FONT_SECTION("fontpage_172_151_151") = {
  0x00,0x10,0x13,0x00,0xFC,0x00,0x00,0x00,0x00,0x00,0x97,0x97,0x00,0x0E,0xFE,0x00,
  0x00,0x0F,0x10,0x20,0x10,0x00,0xFE,0x11,0x10,0x09,0x20,0x7F,0xFE,0x50,0x12,0x9F,
  0xF4,0x00,0x00,0x20,0xF0,0x3F,0x04,0x20,0x04,0x1F,0xFC,0x00,0x00,0x1F,0xF8,0x10,
  0x08,0x1F,0xF8,0x10,0x08,0x1F,0xF8};
const u8g_fntpgm_uint8_t fontpage_172_180_180[55] U8G_FONT_SECTION("fontpage_172_180_180") = {
  0x00,0x10,0x13,0x00,0xFC,0x00,0x00,0x00,0x00,0x00,0xB4,0xB4,0x00,0x0E,0xFE,0x00,
  0x00,0x0F,0x10,0x20,0x10,0x00,0xFE,0x00,0x90,0x02,0x94,0xF2,0xD8,0x92,0x92,0x92,
  0xD2,0x97,0x0E,0x91,0xF0,0x92,0x10,0x97,0xFC,0x9A,0x44,0xF3,0xFC,0x92,0x44,0x03,
  0xFC,0x04,0x44,0x04,0x54,0x08,0x08};
const u8g_fntpgm_uint8_t fontpage_172_232_232[53] U8G_FONT_SECTION("fontpage_172_232_232") = {
  0x00,0x10,0x13,0x00,0xFC,0x00,0x00,0x00,0x00,0x00,0xE8,0xE8,0x00,0x0D,0xFE,0x00,
  0x00,0x0F,0x0F,0x1E,0x10,0x00,0xFE,0x3E,0x7C,0x22,0x44,0x22,0x44,0x3E,0x7C,0x01,
  0x20,0x01,0x10,0xFF,0xFE,0x02,0x80,0x0C,0x60,0x30,0x18,0xC0,0x06,0x3E,0x7C,0x22,
  0x44,0x22,0x44,0x3E,0x7C};
const u8g_fntpgm_uint8_t fontpage_172_244_244[55] U8G_FONT_SECTION("fontpage_172_244_244") = {
  0x00,0x10,0x13,0x00,0xFC,0x00,0x00,0x00,0x00,0x00,0xF4,0xF4,0x00,0x0E,0xFE,0x00,
  0x00,0x0E,0x10,0x20,0x10,0x01,0xFE,0x00,0x40,0x03,0xF8,0xF0,0x40,0x91,0x10,0x97,
  0xFC,0x91,0x10,0x93,0xF8,0x92,0x08,0x93,0xF8,0x92,0x08,0xF3,0xF8,0x92,0x08,0x03,
  0xF8,0x01,0x10,0x02,0x08,0x04,0x04};
const u8g_fntpgm_uint8_t fontpage_173_222_222[51] U8G_FONT_SECTION("fontpage_173_222_222") = {
  0x00,0x10,0x13,0x00,0xFC,0x00,0x00,0x00,0x00,0x00,0xDE,0xDE,0x00,0x0D,0xFF,0x00,
  0x00,0x0B,0x0E,0x1C,0x10,0x02,0xFF,0xFF,0xE0,0x80,0x20,0x80,0x20,0x9F,0x20,0x91,
  0x20,0x91,0x20,0x91,0x20,0x91,0x20,0x91,0x20,0x9F,0x20,0x80,0x20,0x80,0x20,0xFF,
  0xE0,0x80,0x20};
const u8g_fntpgm_uint8_t fontpage_173_224_224[53] U8G_FONT_SECTION("fontpage_173_224_224") = {
  0x00,0x10,0x13,0x00,0xFC,0x00,0x00,0x00,0x00,0x00,0xE0,0xE0,0x00,0x0D,0xFE,0x00,
  0x00,0x0D,0x0F,0x1E,0x10,0x01,0xFE,0xFF,0xF8,0x80,0x08,0x82,0x08,0x82,0x08,0x82,
  0x08,0xBF,0xE8,0x82,0x08,0x85,0x08,0x84,0x88,0x88,0x48,0x90,0x28,0xA0,0x28,0x80,
  0x08,0xFF,0xF8,0x80,0x08};
const u8g_fntpgm_uint8_t fontpage_173_250_250[53] U8G_FONT_SECTION("fontpage_173_250_250") = {
  0x00,0x10,0x13,0x00,0xFC,0x00,0x00,0x00,0x00,0x00,0xFA,0xFA,0x00,0x0D,0xFE,0x00,
  0x00,0x0D,0x0F,0x1E,0x10,0x01,0xFE,0xFF,0xF8,0x82,0x08,0x82,0x08,0xBF,0xE8,0x82,
  0x08,0x82,0x08,0x9F,0xC8,0x90,0x48,0x90,0x48,0x90,0x48,0x9F,0xC8,0x90,0x48,0x80,
  0x08,0xFF,0xF8,0x80,0x08};
const u8g_fntpgm_uint8_t fontpage_174_141_141[55] U8G_FONT_SECTION("fontpage_174_141_141") = {
  0x00,0x10,0x13,0x00,0xFC,0x00,0x00,0x00,0x00,0x00,0x8D,0x8D,0x00,0x0E,0xFE,0x00,
  0x00,0x0D,0x10,0x20,0x10,0x01,0xFE,0xFF,0xF8,0x84,0x08,0x9F,0xC8,0x88,0x48,0xBF,
  0xF8,0x80,0x08,0x9F,0xC8,0x90,0x48,0x9F,0xC8,0x82,0x08,0xBF,0xE8,0x82,0x08,0xA2,
  0x08,0xBF,0xF8,0x82,0x08,0xFF,0xF8};
const u8g_fntpgm_uint8_t fontpage_174_150_150[55] U8G_FONT_SECTION("fontpage_174_150_150") = {
  0x00,0x10,0x13,0x00,0xFC,0x00,0x00,0x00,0x00,0x00,0x96,0x96,0x00,0x0E,0xFE,0x00,
  0x00,0x0D,0x10,0x20,0x10,0x01,0xFE,0xFF,0xF8,0x80,0x08,0x9F,0xC8,0x90,0x48,0x9F,
  0xC8,0x82,0x08,0xFF,0xF8,0x82,0x08,0xBF,0xE8,0xA0,0x28,0xAF,0xA8,0xA8,0xA8,0xBF,
  0xE8,0x80,0x08,0xFF,0xF8,0x80,0x08};
const u8g_fntpgm_uint8_t fontpage_174_168_168[55] U8G_FONT_SECTION("fontpage_174_168_168") = {
  0x00,0x10,0x13,0x00,0xFC,0x00,0x00,0x00,0x00,0x00,0xA8,0xA8,0x00,0x0E,0xFE,0x00,
  0x00,0x0F,0x10,0x20,0x10,0x00,0xFE,0x02,0x00,0x02,0x00,0x04,0x00,0xFF,0xFE,0x08,
  0x00,0x08,0x40,0x10,0x40,0x30,0x40,0x57,0xFC,0x90,0x40,0x10,0x40,0x10,0x40,0x10,
  0x40,0x10,0x40,0x1F,0xFE,0x10,0x00};
const u8g_fntpgm_uint8_t fontpage_175_139_139[53] U8G_FONT_SECTION("fontpage_175_139_139") = {
  0x00,0x10,0x13,0x00,0xFC,0x00,0x00,0x00,0x00,0x00,0x8B,0x8B,0x00,0x0E,0xFF,0x00,
  0x00,0x0F,0x0F,0x1E,0x10,0x00,0xFF,0x00,0x04,0x7F,0x84,0x12,0x24,0x12,0x24,0x12,
  0x24,0xFF,0xA4,0x12,0x24,0x22,0x04,0x22,0x14,0x41,0x08,0x81,0x00,0x3F,0xF8,0x01,
  0x00,0x01,0x00,0xFF,0xFE};
const u8g_fntpgm_uint8_t fontpage_175_223_223[55] U8G_FONT_SECTION("fontpage_175_223_223") = {
  0x00,0x10,0x13,0x00,0xFC,0x00,0x00,0x00,0x00,0x00,0xDF,0xDF,0x00,0x0E,0xFE,0x00,
  0x00,0x0F,0x10,0x20,0x10,0x00,0xFE,0x20,0x14,0x20,0x12,0x20,0x10,0x27,0xFE,0x20,
  0x10,0xF8,0x10,0x23,0xD2,0x22,0x52,0x22,0x52,0x22,0x54,0x23,0xD4,0x38,0x08,0xE0,
  0xEA,0x47,0x1A,0x02,0x26,0x00,0x42};
const u8g_fntpgm_uint8_t fontpage_175_247_247[55] U8G_FONT_SECTION("fontpage_175_247_247") = {
  0x00,0x10,0x13,0x00,0xFC,0x00,0x00,0x00,0x00,0x00,0xF7,0xF7,0x00,0x0E,0xFE,0x00,
  0x00,0x0F,0x10,0x20,0x10,0x00,0xFE,0x10,0x40,0x10,0x40,0x7C,0x40,0x11,0xF8,0x10,
  0x48,0xFE,0x48,0x44,0x48,0x29,0x48,0x7C,0xC8,0x10,0x48,0x10,0xA8,0xFE,0xA8,0x10,
  0x8A,0x11,0x0A,0x11,0x06,0x12,0x02};
const u8g_fntpgm_uint8_t fontpage_175_250_250[55] U8G_FONT_SECTION("fontpage_175_250_250") = {
  0x00,0x10,0x13,0x00,0xFC,0x00,0x00,0x00,0x00,0x00,0xFA,0xFA,0x00,0x0E,0xFE,0x00,
  0x00,0x0F,0x10,0x20,0x10,0x00,0xFE,0x08,0x20,0x08,0x20,0x7F,0xFC,0x08,0x20,0x0F,
  0xE0,0x08,0x20,0x0F,0xE0,0x08,0x20,0xFF,0xFE,0x08,0x20,0x11,0x10,0x21,0x08,0xCF,
  0xE6,0x01,0x00,0x01,0x00,0x3F,0xF8};
const u8g_fntpgm_uint8_t fontpage_176_177_177[55] U8G_FONT_SECTION("fontpage_176_177_177") = {
  0x00,0x10,0x13,0x00,0xFC,0x00,0x00,0x00,0x00,0x00,0xB1,0xB1,0x00,0x0E,0xFE,0x00,
  0x00,0x0F,0x10,0x20,0x10,0x00,0xFE,0x10,0x00,0x10,0xFC,0x7C,0x84,0x10,0x84,0x10,
  0x94,0xFE,0x88,0x44,0x80,0x28,0xFC,0x7C,0xA4,0x10,0xA4,0x10,0xA8,0xFE,0xA8,0x10,
  0x90,0x10,0xA8,0x10,0xC4,0x10,0x82};
const u8g_fntpgm_uint8_t fontpage_176_202_202[55] U8G_FONT_SECTION("fontpage_176_202_202") = {
  0x00,0x10,0x13,0x00,0xFC,0x00,0x00,0x00,0x00,0x00,0xCA,0xCA,0x00,0x0E,0xFE,0x00,
  0x00,0x0F,0x10,0x20,0x10,0x00,0xFE,0x20,0x20,0x20,0x40,0x23,0xFC,0x22,0x24,0x22,
  0x24,0xFB,0xFC,0x22,0x24,0x22,0x44,0x23,0xFC,0x20,0x40,0x20,0xA8,0x38,0xB4,0xE1,
  0x3C,0x41,0x22,0x02,0x22,0x04,0x1E};
const u8g_fntpgm_uint8_t fontpage_176_212_212[55] U8G_FONT_SECTION("fontpage_176_212_212") = {
  0x00,0x10,0x13,0x00,0xFC,0x00,0x00,0x00,0x00,0x00,0xD4,0xD4,0x00,0x0E,0xFE,0x00,
  0x00,0x0F,0x10,0x20,0x10,0x00,0xFE,0x21,0x10,0x21,0x10,0x27,0xFC,0x21,0x10,0x20,
  0x40,0xF8,0xA0,0x21,0x10,0x22,0x08,0x25,0xF6,0x20,0x00,0x20,0x00,0x3B,0xF8,0xE2,
  0x08,0x42,0x08,0x03,0xF8,0x02,0x08};
const u8g_fntpgm_uint8_t fontpage_176_235_235[55] U8G_FONT_SECTION("fontpage_176_235_235") = {
  0x00,0x10,0x13,0x00,0xFC,0x00,0x00,0x00,0x00,0x00,0xEB,0xEB,0x00,0x0E,0xFE,0x00,
  0x00,0x0F,0x10,0x20,0x10,0x00,0xFE,0x20,0x40,0x20,0x40,0x27,0xFC,0x20,0x40,0x23,
  0xF8,0xFA,0x08,0x23,0xF8,0x22,0x08,0x23,0xF8,0x22,0x08,0x23,0xF8,0x3A,0x08,0xEF,
  0xFE,0x41,0x10,0x02,0x08,0x04,0x04};
const u8g_fntpgm_uint8_t fontpage_176_245_245[55] U8G_FONT_SECTION("fontpage_176_245_245") = {
  0x00,0x10,0x13,0x00,0xFC,0x00,0x00,0x00,0x00,0x00,0xF5,0xF5,0x00,0x0E,0xFE,0x00,
  0x00,0x0F,0x10,0x20,0x10,0x00,0xFE,0x01,0x00,0x00,0x80,0x3F,0xFE,0x22,0x20,0x3F,
  0xFC,0x22,0x24,0x3F,0xFC,0x28,0x40,0x2F,0x78,0x28,0x42,0x2F,0x3E,0x20,0x80,0x2F,
  0xF8,0x40,0x80,0x7F,0xFE,0x80,0x00};
const u8g_fntpgm_uint8_t fontpage_177_131_131[55] U8G_FONT_SECTION("fontpage_177_131_131") = {
  0x00,0x10,0x13,0x00,0xFC,0x00,0x00,0x00,0x00,0x00,0x83,0x83,0x00,0x0E,0xFE,0x00,
  0x00,0x0F,0x10,0x20,0x10,0x00,0xFE,0x20,0x80,0x20,0x40,0x23,0xF8,0x21,0x10,0xF8,
  0xA0,0x27,0xFE,0x20,0x00,0x23,0xF8,0x22,0x08,0x23,0xF8,0x22,0x08,0x3B,0xF8,0xE1,
  0x20,0x41,0x22,0x02,0x22,0x0C,0x1E};
const u8g_fntpgm_uint8_t fontpage_177_138_138[53] U8G_FONT_SECTION("fontpage_177_138_138") = {
  0x00,0x10,0x13,0x00,0xFC,0x00,0x00,0x00,0x00,0x00,0x8A,0x8A,0x00,0x0E,0xFF,0x00,
  0x00,0x0F,0x0F,0x1E,0x10,0x00,0xFF,0x08,0x20,0x7E,0x20,0x08,0xF8,0xFF,0x28,0x14,
  0x28,0x7F,0x6A,0x08,0x2A,0xFF,0x56,0x08,0x82,0x01,0x00,0x01,0x00,0x3F,0xF8,0x01,
  0x00,0x01,0x00,0xFF,0xFE};
const u8g_fntpgm_uint8_t fontpage_177_158_158[55] U8G_FONT_SECTION("fontpage_177_158_158") = {
  0x00,0x10,0x13,0x00,0xFC,0x00,0x00,0x00,0x00,0x00,0x9E,0x9E,0x00,0x0E,0xFE,0x00,
  0x00,0x0E,0x10,0x20,0x10,0x00,0xFE,0x22,0x08,0x21,0x10,0x20,0x00,0x27,0xFC,0x24,
  0x44,0xFD,0x54,0x24,0xE4,0x24,0x44,0x27,0xFC,0x20,0x00,0x23,0xF8,0x3A,0x08,0xE3,
  0xF8,0x42,0x08,0x03,0xF8,0x02,0x08};
const u8g_fntpgm_uint8_t fontpage_177_211_211[53] U8G_FONT_SECTION("fontpage_177_211_211") = {
  0x00,0x10,0x13,0x00,0xFC,0x00,0x00,0x00,0x00,0x00,0xD3,0xD3,0x00,0x0D,0xFE,0x00,
  0x00,0x0F,0x0F,0x1E,0x10,0x00,0xFE,0x3F,0xFE,0x28,0x8C,0x2F,0x8A,0x28,0x88,0x2F,
  0xBE,0x20,0x08,0x2F,0x88,0x28,0x88,0x2F,0x94,0x28,0x94,0x29,0xA2,0x40,0x40,0x47,
  0xFC,0x80,0x40,0x1F,0xFE};
const u8g_fntpgm_uint8_t fontpage_177_222_222[55] U8G_FONT_SECTION("fontpage_177_222_222") = {
  0x00,0x10,0x13,0x00,0xFC,0x00,0x00,0x00,0x00,0x00,0xDE,0xDE,0x00,0x0E,0xFE,0x00,
  0x00,0x0F,0x10,0x20,0x10,0x00,0xFE,0x20,0x80,0x20,0x40,0x2F,0xFE,0x20,0x00,0x27,
  0xFC,0xFC,0xA4,0x27,0xFC,0x22,0x48,0x21,0x50,0x22,0x08,0x24,0x44,0x38,0xA8,0xE1,
  0x10,0x43,0x08,0x0D,0x46,0x01,0x80};
const u8g_fntpgm_uint8_t fontpage_178_150_150[55] U8G_FONT_SECTION("fontpage_178_150_150") = {
  0x00,0x10,0x13,0x00,0xFC,0x00,0x00,0x00,0x00,0x00,0x96,0x96,0x00,0x0E,0xFE,0x00,
  0x00,0x0E,0x10,0x20,0x10,0x00,0xFE,0x10,0x40,0x10,0x40,0x10,0x40,0x10,0x40,0x3E,
  0x40,0x22,0x60,0x42,0x50,0x42,0x48,0xA4,0x44,0x14,0x44,0x08,0x40,0x08,0x40,0x10,
  0x40,0x20,0x40,0x40,0x40,0x80,0x40};
const u8g_fntpgm_uint8_t fontpage_178_154_154[55] U8G_FONT_SECTION("fontpage_178_154_154") = {
  0x00,0x10,0x13,0x00,0xFC,0x00,0x00,0x00,0x00,0x00,0x9A,0x9A,0x00,0x0E,0xFE,0x00,
  0x00,0x0C,0x10,0x20,0x10,0x01,0xFE,0x04,0x00,0x04,0x00,0x0F,0xE0,0x10,0x40,0x70,
  0x80,0x09,0x00,0x06,0x80,0x19,0x00,0xE3,0xF0,0x04,0x10,0x18,0x20,0x64,0x40,0x02,
  0x80,0x03,0x00,0x1C,0x00,0xE0,0x00};
const u8g_fntpgm_uint8_t fontpage_178_160_160[55] U8G_FONT_SECTION("fontpage_178_160_160") = {
  0x00,0x10,0x13,0x00,0xFC,0x00,0x00,0x00,0x00,0x00,0xA0,0xA0,0x00,0x0E,0xFE,0x00,
  0x00,0x0F,0x10,0x20,0x10,0x00,0xFE,0x10,0x20,0x10,0x20,0x3E,0x40,0x42,0x7E,0xA4,
  0x82,0x19,0x02,0x10,0x7A,0x28,0x4A,0xCF,0x4A,0x11,0x4A,0x32,0x7A,0x4A,0x4A,0x04,
  0x02,0x08,0x02,0x30,0x14,0xC0,0x08};
const u8g_fntpgm_uint8_t fontpage_178_167_167[55] U8G_FONT_SECTION("fontpage_178_167_167") = {
  0x00,0x10,0x13,0x00,0xFC,0x00,0x00,0x00,0x00,0x00,0xA7,0xA7,0x00,0x0E,0xFE,0x00,
  0x00,0x0F,0x10,0x20,0x10,0x00,0xFE,0x01,0x00,0x01,0x00,0x01,0x00,0x01,0x00,0x01,
  0x00,0xFF,0xFE,0x01,0x00,0x01,0x00,0x02,0x80,0x02,0x80,0x04,0x40,0x04,0x40,0x08,
  0x20,0x10,0x10,0x20,0x08,0xC0,0x06};
const u8g_fntpgm_uint8_t fontpage_178_169_170[91] U8G_FONT_SECTION("fontpage_178_169_170") = {
  0x00,0x10,0x13,0x00,0xFC,0x00,0x00,0x00,0x00,0x00,0xA9,0xAA,0x00,0x0E,0xFE,0x00,
  0x00,0x0F,0x0F,0x1E,0x10,0x00,0xFE,0x3F,0xF8,0x01,0x00,0x01,0x00,0x01,0x00,0x01,
  0x00,0xFF,0xFE,0x01,0x00,0x02,0x80,0x02,0x80,0x04,0x40,0x04,0x40,0x08,0x20,0x10,
  0x10,0x20,0x08,0xC0,0x06,0x0F,0x10,0x20,0x10,0x00,0xFE,0x01,0x00,0x01,0x00,0x01,
  0x00,0x01,0x00,0x01,0x00,0xFF,0xFE,0x01,0x00,0x01,0x00,0x02,0x80,0x02,0x80,0x04,
  0x40,0x04,0x40,0x0A,0x20,0x11,0x10,0x21,0x08,0xC0,0x06};
const u8g_fntpgm_uint8_t fontpage_178_177_177[55] U8G_FONT_SECTION("fontpage_178_177_177") = {
  0x00,0x10,0x13,0x00,0xFC,0x00,0x00,0x00,0x00,0x00,0xB1,0xB1,0x00,0x0E,0xFE,0x00,
  0x00,0x0F,0x10,0x20,0x10,0x00,0xFE,0x01,0x00,0x11,0x00,0x11,0x00,0x11,0x00,0x1F,
  0xF8,0x21,0x00,0x41,0x00,0x01,0x00,0xFF,0xFE,0x01,0x00,0x02,0x80,0x02,0x80,0x04,
  0x40,0x08,0x20,0x10,0x10,0x60,0x0C};
const u8g_fntpgm_uint8_t fontpage_178_215_215[55] U8G_FONT_SECTION("fontpage_178_215_215") = {
  0x00,0x10,0x13,0x00,0xFC,0x00,0x00,0x00,0x00,0x00,0xD7,0xD7,0x00,0x0E,0xFE,0x00,
  0x00,0x0F,0x10,0x20,0x10,0x00,0xFE,0x01,0x00,0x01,0x00,0x7F,0xFC,0x02,0x80,0x04,
  0x40,0x0F,0xF0,0x34,0x18,0xC7,0xE6,0x04,0x00,0x07,0xE0,0x04,0x00,0xFF,0xFE,0x04,
  0x00,0x08,0x10,0x1F,0xF8,0x00,0x08};
const u8g_fntpgm_uint8_t fontpage_178_253_253[55] U8G_FONT_SECTION("fontpage_178_253_253") = {
  0x00,0x10,0x13,0x00,0xFC,0x00,0x00,0x00,0x00,0x00,0xFD,0xFD,0x00,0x0E,0xFE,0x00,
  0x00,0x0F,0x10,0x20,0x10,0x00,0xFE,0x10,0x00,0x10,0xFC,0x10,0x04,0x10,0x08,0xFC,
  0x10,0x24,0x20,0x24,0x20,0x25,0xFE,0x24,0x20,0x48,0x20,0x28,0x20,0x10,0x20,0x28,
  0x20,0x44,0x20,0x84,0xA0,0x00,0x40};
const u8g_fntpgm_uint8_t fontpage_179_203_203[55] U8G_FONT_SECTION("fontpage_179_203_203") = {
  0x00,0x10,0x13,0x00,0xFC,0x00,0x00,0x00,0x00,0x00,0xCB,0xCB,0x00,0x0E,0xFE,0x00,
  0x00,0x0F,0x10,0x20,0x10,0x00,0xFE,0x10,0x20,0x10,0x20,0x10,0x20,0x10,0x40,0xFC,
  0x48,0x24,0x84,0x25,0xFE,0x24,0x82,0x24,0x00,0x48,0xFC,0x28,0x84,0x10,0x84,0x28,
  0x84,0x44,0x84,0x80,0xFC,0x00,0x84};
const u8g_fntpgm_uint8_t fontpage_181_146_146[55] U8G_FONT_SECTION("fontpage_181_146_146") = {
  0x00,0x10,0x13,0x00,0xFC,0x00,0x00,0x00,0x00,0x00,0x92,0x92,0x00,0x0E,0xFE,0x00,
  0x00,0x0F,0x10,0x20,0x10,0x00,0xFE,0x21,0x10,0x21,0x10,0x21,0x10,0x27,0xFC,0xF9,
  0x10,0x29,0xF0,0x29,0x10,0x29,0xF0,0x48,0x40,0x4F,0xFE,0x28,0x40,0x10,0xE0,0x11,
  0x50,0x2A,0x4E,0x44,0x44,0x80,0x40};
const u8g_fntpgm_uint8_t fontpage_182_208_208[53] U8G_FONT_SECTION("fontpage_182_208_208") = {
  0x00,0x10,0x13,0x00,0xFC,0x00,0x00,0x00,0x00,0x00,0xD0,0xD0,0x00,0x0D,0xFE,0x00,
  0x00,0x0F,0x0F,0x1E,0x10,0x00,0xFE,0x7F,0xF8,0x00,0x10,0x00,0x20,0x00,0x40,0x01,
  0x80,0x01,0x00,0xFF,0xFE,0x01,0x00,0x01,0x00,0x01,0x00,0x01,0x00,0x01,0x00,0x01,
  0x00,0x05,0x00,0x02,0x00};
const u8g_fntpgm_uint8_t fontpage_182_215_216[93] U8G_FONT_SECTION("fontpage_182_215_216") = {
  0x00,0x10,0x13,0x00,0xFC,0x00,0x00,0x00,0x00,0x00,0xD7,0xD8,0x00,0x0E,0xFE,0x00,
  0x00,0x0F,0x10,0x20,0x10,0x00,0xFE,0x02,0x00,0x01,0x00,0x7F,0xFE,0x40,0x02,0x80,
  0x04,0x1F,0xE0,0x00,0x40,0x00,0x80,0x01,0x00,0xFF,0xFE,0x01,0x00,0x01,0x00,0x01,
  0x00,0x01,0x00,0x05,0x00,0x02,0x00,0x0F,0x10,0x20,0x10,0x00,0xFE,0x04,0x00,0x04,
  0x00,0xFF,0xFE,0x08,0x00,0x08,0x00,0x13,0xF8,0x10,0x10,0x30,0x20,0x50,0x40,0x97,
  0xFE,0x10,0x40,0x10,0x40,0x10,0x40,0x10,0x40,0x11,0x40,0x10,0x80};
const u8g_fntpgm_uint8_t fontpage_182_248_248[55] U8G_FONT_SECTION("fontpage_182_248_248") = {
  0x00,0x10,0x13,0x00,0xFC,0x00,0x00,0x00,0x00,0x00,0xF8,0xF8,0x00,0x0E,0xFE,0x00,
  0x00,0x0F,0x10,0x20,0x10,0x00,0xFE,0x0A,0x80,0x31,0x38,0x22,0x88,0x38,0x38,0x22,
  0x88,0x39,0x38,0x22,0x88,0x7F,0xFE,0x40,0x02,0xBF,0xE4,0x00,0x80,0x01,0x00,0xFF,
  0xFE,0x01,0x00,0x05,0x00,0x02,0x00};
const u8g_fntpgm_uint8_t fontpage_183_137_137[55] U8G_FONT_SECTION("fontpage_183_137_137") = {
  0x00,0x10,0x13,0x00,0xFC,0x00,0x00,0x00,0x00,0x00,0x89,0x89,0x00,0x0E,0xFE,0x00,
  0x00,0x0F,0x10,0x20,0x10,0x00,0xFE,0x02,0x00,0x01,0x00,0x3F,0xFC,0x20,0x04,0x42,
  0x08,0x02,0x00,0x02,0x00,0xFF,0xFE,0x04,0x20,0x08,0x20,0x18,0x40,0x06,0x40,0x01,
  0x80,0x02,0x60,0x0C,0x10,0x70,0x08};
const u8g_fntpgm_uint8_t fontpage_183_140_140[55] U8G_FONT_SECTION("fontpage_183_140_140") = {
  0x00,0x10,0x13,0x00,0xFC,0x00,0x00,0x00,0x00,0x00,0x8C,0x8C,0x00,0x0E,0xFE,0x00,
  0x00,0x0F,0x10,0x20,0x10,0x00,0xFE,0x02,0x00,0x01,0x00,0x7F,0xFE,0x40,0x02,0x80,
  0x04,0x1F,0xF0,0x00,0x00,0x00,0x00,0x7F,0xFC,0x04,0x40,0x04,0x40,0x04,0x40,0x08,
  0x44,0x08,0x44,0x10,0x44,0x60,0x3C};
const u8g_fntpgm_uint8_t fontpage_183_154_154[55] U8G_FONT_SECTION("fontpage_183_154_154") = {
  0x00,0x10,0x13,0x00,0xFC,0x00,0x00,0x00,0x00,0x00,0x9A,0x9A,0x00,0x0E,0xFE,0x00,
  0x00,0x0F,0x10,0x20,0x10,0x00,0xFE,0x02,0x00,0x01,0x00,0x7F,0xFE,0x40,0x02,0x80,
  0x04,0x00,0x00,0x3F,0xF8,0x01,0x00,0x01,0x00,0x11,0x00,0x11,0xF8,0x11,0x00,0x11,
  0x00,0x29,0x00,0x47,0xFE,0x80,0x00};
const u8g_fntpgm_uint8_t fontpage_183_162_162[55] U8G_FONT_SECTION("fontpage_183_162_162") = {
  0x00,0x10,0x13,0x00,0xFC,0x00,0x00,0x00,0x00,0x00,0xA2,0xA2,0x00,0x0E,0xFE,0x00,
  0x00,0x0F,0x10,0x20,0x10,0x00,0xFE,0x02,0x00,0x01,0x00,0x7F,0xFE,0x40,0x02,0x88,
  0x04,0x0F,0xF0,0x10,0x20,0x2C,0x40,0x03,0x80,0x1C,0x70,0xE0,0x0E,0x1F,0xF0,0x10,
  0x10,0x10,0x10,0x1F,0xF0,0x10,0x10};
const u8g_fntpgm_uint8_t fontpage_183_164_164[53] U8G_FONT_SECTION("fontpage_183_164_164") = {
  0x00,0x10,0x13,0x00,0xFC,0x00,0x00,0x00,0x00,0x00,0xA4,0xA4,0x00,0x0E,0xFF,0x00,
  0x00,0x0F,0x0F,0x1E,0x10,0x00,0xFF,0x02,0x00,0x01,0x00,0x7F,0xFE,0x40,0x02,0x80,
  0x04,0x3F,0xF8,0x04,0x00,0x08,0x20,0x1F,0xF0,0x01,0x10,0x01,0x00,0x3F,0xF8,0x01,
  0x00,0x01,0x00,0xFF,0xFE};
const u8g_fntpgm_uint8_t fontpage_183_174_174[55] U8G_FONT_SECTION("fontpage_183_174_174") = {
  0x00,0x10,0x13,0x00,0xFC,0x00,0x00,0x00,0x00,0x00,0xAE,0xAE,0x00,0x0E,0xFE,0x00,
  0x00,0x0F,0x10,0x20,0x10,0x00,0xFE,0x02,0x00,0x01,0x00,0x7F,0xFE,0x40,0x02,0x80,
  0x04,0x1F,0xF0,0x10,0x10,0x10,0x10,0x1F,0xF0,0x02,0x00,0x04,0x00,0x3F,0xF8,0x20,
  0x08,0x20,0x08,0x3F,0xF8,0x20,0x08};
const u8g_fntpgm_uint8_t fontpage_183_185_185[55] U8G_FONT_SECTION("fontpage_183_185_185") = {
  0x00,0x10,0x13,0x00,0xFC,0x00,0x00,0x00,0x00,0x00,0xB9,0xB9,0x00,0x0E,0xFE,0x00,
  0x00,0x0F,0x10,0x20,0x10,0x00,0xFE,0x02,0x00,0x01,0x00,0x7F,0xFE,0x40,0x02,0x88,
  0x24,0x11,0x10,0x22,0x88,0x04,0x40,0x08,0x20,0x30,0x18,0xDF,0xF6,0x10,0x10,0x10,
  0x10,0x10,0x10,0x1F,0xF0,0x10,0x10};
const u8g_fntpgm_uint8_t fontpage_183_198_198[55] U8G_FONT_SECTION("fontpage_183_198_198") = {
  0x00,0x10,0x13,0x00,0xFC,0x00,0x00,0x00,0x00,0x00,0xC6,0xC6,0x00,0x0E,0xFE,0x00,
  0x00,0x0F,0x10,0x20,0x10,0x00,0xFE,0x02,0x00,0x01,0x00,0x7F,0xFE,0x40,0x02,0x82,
  0x24,0x09,0x40,0x28,0x88,0x4B,0x14,0x1C,0x10,0xE7,0xF0,0x01,0x00,0x21,0x08,0x21,
  0x08,0x21,0x08,0x3F,0xF8,0x00,0x08};
const u8g_fntpgm_uint8_t fontpage_183_235_235[55] U8G_FONT_SECTION("fontpage_183_235_235") = {
  0x00,0x10,0x13,0x00,0xFC,0x00,0x00,0x00,0x00,0x00,0xEB,0xEB,0x00,0x0E,0xFE,0x00,
  0x00,0x0F,0x10,0x20,0x10,0x00,0xFE,0x01,0x00,0x7F,0xFE,0x40,0x02,0x82,0x04,0x1C,
  0xF0,0x10,0x10,0x1E,0xF0,0x10,0x10,0x1F,0xF0,0x08,0x00,0x1F,0xFC,0x20,0x04,0x49,
  0x24,0x24,0x94,0x24,0x94,0x40,0x08};
const u8g_fntpgm_uint8_t fontpage_183_248_248[55] U8G_FONT_SECTION("fontpage_183_248_248") = {
  0x00,0x10,0x13,0x00,0xFC,0x00,0x00,0x00,0x00,0x00,0xF8,0xF8,0x00,0x0E,0xFE,0x00,
  0x00,0x0F,0x10,0x20,0x10,0x00,0xFE,0x00,0x40,0x00,0x40,0x00,0x40,0x00,0x40,0xFF,
  0xFE,0x00,0x40,0x00,0x40,0x00,0x40,0x10,0x40,0x08,0x40,0x08,0x40,0x00,0x40,0x00,
  0x40,0x00,0x40,0x01,0x40,0x00,0x80};
const u8g_fntpgm_uint8_t fontpage_184_132_132[55] U8G_FONT_SECTION("fontpage_184_132_132") = {
  0x00,0x10,0x13,0x00,0xFC,0x00,0x00,0x00,0x00,0x00,0x84,0x84,0x00,0x0E,0xFE,0x00,
  0x00,0x0F,0x10,0x20,0x10,0x00,0xFE,0x08,0x08,0x10,0x08,0x3E,0x08,0x22,0x08,0x3E,
  0xFE,0x22,0x08,0x3E,0x08,0x22,0x08,0x22,0x48,0xFE,0x28,0x06,0x28,0x0A,0x08,0x12,
  0x08,0x22,0x08,0x4A,0x28,0x04,0x10};
const u8g_fntpgm_uint8_t fontpage_184_141_141[55] U8G_FONT_SECTION("fontpage_184_141_141") = {
  0x00,0x10,0x13,0x00,0xFC,0x00,0x00,0x00,0x00,0x00,0x8D,0x8D,0x00,0x0E,0xFE,0x00,
  0x00,0x0F,0x10,0x20,0x10,0x00,0xFE,0x14,0x08,0x14,0x08,0x55,0x08,0x36,0x08,0x14,
  0x7E,0xFF,0x08,0x00,0x08,0x22,0x48,0x14,0x28,0x7F,0x28,0x08,0x08,0x3E,0x08,0x08,
  0x08,0x0F,0x08,0x78,0x28,0x20,0x10};
const u8g_fntpgm_uint8_t fontpage_184_143_143[55] U8G_FONT_SECTION("fontpage_184_143_143") = {
  0x00,0x10,0x13,0x00,0xFC,0x00,0x00,0x00,0x00,0x00,0x8F,0x8F,0x00,0x0E,0xFE,0x00,
  0x00,0x0F,0x10,0x20,0x10,0x00,0xFE,0x01,0x00,0x01,0x00,0x01,0x00,0x01,0x00,0x01,
  0x00,0x11,0x10,0x11,0x08,0x11,0x04,0x21,0x04,0x21,0x02,0x41,0x02,0x81,0x02,0x01,
  0x00,0x01,0x00,0x05,0x00,0x02,0x00};
const u8g_fntpgm_uint8_t fontpage_184_150_150[55] U8G_FONT_SECTION("fontpage_184_150_150") = {
  0x00,0x10,0x13,0x00,0xFC,0x00,0x00,0x00,0x00,0x00,0x96,0x96,0x00,0x0E,0xFE,0x00,
  0x00,0x0F,0x10,0x20,0x10,0x00,0xFE,0x01,0x00,0x01,0x00,0x09,0x20,0x09,0x10,0x11,
  0x08,0x21,0x08,0x00,0x00,0x01,0x04,0xFF,0xFE,0x01,0x00,0x02,0x80,0x02,0x80,0x04,
  0x40,0x08,0x30,0x30,0x0E,0xC0,0x04};
const u8g_fntpgm_uint8_t fontpage_184_177_177[55] U8G_FONT_SECTION("fontpage_184_177_177") = {
  0x00,0x10,0x13,0x00,0xFC,0x00,0x00,0x00,0x00,0x00,0xB1,0xB1,0x00,0x0E,0xFE,0x00,
  0x00,0x0F,0x10,0x20,0x10,0x00,0xFE,0x20,0x40,0x10,0x50,0xFE,0x48,0x00,0x48,0x00,
  0x40,0x7D,0xFE,0x44,0x50,0x44,0x50,0x44,0x50,0x7C,0x50,0x10,0x90,0x54,0x90,0x92,
  0x92,0x11,0x12,0x51,0x0E,0x22,0x00};
const u8g_fntpgm_uint8_t fontpage_184_186_186[53] U8G_FONT_SECTION("fontpage_184_186_186") = {
  0x00,0x10,0x13,0x00,0xFC,0x00,0x00,0x00,0x00,0x00,0xBA,0xBA,0x00,0x0D,0xFE,0x00,
  0x00,0x0F,0x0F,0x1E,0x10,0x00,0xFE,0x1F,0xF8,0x10,0x08,0x10,0x08,0x10,0x08,0x10,
  0x08,0x1F,0xF8,0x10,0x80,0x10,0x80,0x10,0x80,0x10,0x40,0x10,0x40,0x20,0x20,0x20,
  0x10,0x40,0x08,0x80,0x06};
const u8g_fntpgm_uint8_t fontpage_184_188_188[53] U8G_FONT_SECTION("fontpage_184_188_188") = {
  0x00,0x10,0x13,0x00,0xFC,0x00,0x00,0x00,0x00,0x00,0xBC,0xBC,0x00,0x0D,0xFE,0x00,
  0x00,0x0F,0x0F,0x1E,0x10,0x00,0xFE,0x1F,0xFC,0x10,0x04,0x10,0x04,0x10,0x04,0x1F,
  0xFC,0x10,0x00,0x12,0x00,0x12,0x0C,0x12,0x30,0x13,0xC0,0x12,0x02,0x22,0x02,0x22,
  0x02,0x41,0xFE,0x80,0x00};
const u8g_fntpgm_uint8_t fontpage_187_229_230[83] U8G_FONT_SECTION("fontpage_187_229_230") = {
  0x00,0x10,0x13,0x00,0xFC,0x00,0x00,0x00,0x00,0x00,0xE5,0xE6,0x00,0x0E,0xFF,0x00,
  0x00,0x0F,0x0C,0x18,0x10,0x00,0x00,0x7F,0xFC,0x01,0x00,0x01,0x00,0x01,0x00,0x01,
  0x00,0x01,0x00,0x01,0x00,0x01,0x00,0x01,0x00,0x01,0x00,0x01,0x00,0xFF,0xFE,0x0F,
  0x0F,0x1E,0x10,0x00,0xFF,0x02,0x00,0x02,0x00,0x02,0x00,0xFF,0xFE,0x04,0x00,0x04,
  0x00,0x04,0x00,0x08,0x00,0x0F,0xF8,0x10,0x80,0x10,0x80,0x20,0x80,0x40,0x80,0x80,
  0x80,0x3F,0xFE};
const u8g_fntpgm_uint8_t fontpage_187_238_238[55] U8G_FONT_SECTION("fontpage_187_238_238") = {
  0x00,0x10,0x13,0x00,0xFC,0x00,0x00,0x00,0x00,0x00,0xEE,0xEE,0x00,0x0E,0xFE,0x00,
  0x00,0x0F,0x10,0x20,0x10,0x00,0xFE,0x08,0x20,0x04,0x40,0x7F,0xFC,0x01,0x00,0x01,
  0x00,0x3F,0xF8,0x02,0x00,0x02,0x00,0xFF,0xFE,0x04,0x00,0x08,0x00,0x17,0xF8,0x20,
  0x80,0x40,0x80,0x80,0x80,0x1F,0xFC};
const u8g_fntpgm_uint8_t fontpage_187_242_242[51] U8G_FONT_SECTION("fontpage_187_242_242") = {
  0x00,0x10,0x13,0x00,0xFC,0x00,0x00,0x00,0x00,0x00,0xF2,0xF2,0x00,0x0D,0xFF,0x00,
  0x00,0x0C,0x0E,0x1C,0x10,0x02,0xFF,0xFF,0xC0,0x00,0x40,0x00,0x40,0x00,0x40,0x80,
  0x40,0x80,0x40,0xFF,0xC0,0x80,0x00,0x80,0x00,0x80,0x00,0x80,0x10,0x80,0x10,0x80,
  0x10,0x7F,0xF0};
const u8g_fntpgm_uint8_t fontpage_188_182_182[55] U8G_FONT_SECTION("fontpage_188_182_182") = {
  0x00,0x10,0x13,0x00,0xFC,0x00,0x00,0x00,0x00,0x00,0xB6,0xB6,0x00,0x0E,0xFE,0x00,
  0x00,0x0F,0x10,0x20,0x10,0x00,0xFE,0x14,0x50,0x14,0x50,0x7F,0xFC,0x14,0x50,0x24,
  0x52,0x47,0xCE,0x80,0x00,0x7F,0xFC,0x41,0x04,0x1F,0xF0,0x11,0x10,0x11,0x10,0x11,
  0x50,0x11,0x20,0x01,0x00,0x01,0x00};
const u8g_fntpgm_uint8_t fontpage_188_184_184[55] U8G_FONT_SECTION("fontpage_188_184_184") = {
  0x00,0x10,0x13,0x00,0xFC,0x00,0x00,0x00,0x00,0x00,0xB8,0xB8,0x00,0x0E,0xFE,0x00,
  0x00,0x0F,0x10,0x20,0x10,0x00,0xFE,0x01,0x00,0x11,0x10,0x09,0x20,0x7F,0xFE,0x40,
  0x02,0x9F,0xF4,0x10,0x10,0x1F,0xF0,0x01,0x00,0x3F,0xF8,0x21,0x08,0x21,0x08,0x21,
  0x28,0x21,0x10,0x01,0x00,0x01,0x00};
const u8g_fntpgm_uint8_t fontpage_188_213_213[55] U8G_FONT_SECTION("fontpage_188_213_213") = {
  0x00,0x10,0x13,0x00,0xFC,0x00,0x00,0x00,0x00,0x00,0xD5,0xD5,0x00,0x0E,0xFE,0x00,
  0x00,0x0F,0x10,0x20,0x10,0x00,0xFE,0x04,0x40,0x7F,0xFC,0x04,0x40,0x1F,0xF0,0x10,
  0x10,0x1F,0xF0,0x10,0x10,0x1F,0xF0,0x04,0x00,0xFF,0xFE,0x11,0x10,0x3F,0xF8,0xD1,
  0x16,0x11,0x50,0x11,0x20,0x01,0x00};
const u8g_fntpgm_uint8_t fontpage_188_243_243[53] U8G_FONT_SECTION("fontpage_188_243_243") = {
  0x00,0x10,0x13,0x00,0xFC,0x00,0x00,0x00,0x00,0x00,0xF3,0xF3,0x00,0x0D,0xFE,0x00,
  0x00,0x0F,0x0F,0x1E,0x10,0x00,0xFE,0x7F,0xFC,0x01,0x00,0x01,0x00,0x11,0x10,0x09,
  0x10,0x09,0x20,0x01,0x00,0xFF,0xFE,0x01,0x00,0x01,0x00,0x01,0x00,0x01,0x00,0x01,
  0x00,0x01,0x00,0x01,0x00};
const u8g_fntpgm_uint8_t fontpage_189_138_138[55] U8G_FONT_SECTION("fontpage_189_138_138") = {
  0x00,0x10,0x13,0x00,0xFC,0x00,0x00,0x00,0x00,0x00,0x8A,0x8A,0x00,0x0E,0xFE,0x00,
  0x00,0x0F,0x10,0x20,0x10,0x00,0xFE,0x01,0x00,0x00,0x80,0x3F,0xFE,0x20,0x00,0x20,
  0x80,0x20,0x80,0x2F,0xFC,0x20,0x80,0x21,0xC0,0x22,0xA0,0x22,0xA0,0x24,0x90,0x48,
  0x88,0x50,0x86,0x80,0x80,0x00,0x80};
const u8g_fntpgm_uint8_t fontpage_189_143_143[55] U8G_FONT_SECTION("fontpage_189_143_143") = {
  0x00,0x10,0x13,0x00,0xFC,0x00,0x00,0x00,0x00,0x00,0x8F,0x8F,0x00,0x0E,0xFE,0x00,
  0x00,0x0F,0x10,0x20,0x10,0x00,0xFE,0x01,0x00,0x00,0x80,0x3F,0xFE,0x20,0x00,0x23,
  0xF8,0x20,0x10,0x20,0xA0,0x20,0x40,0x2F,0xFE,0x20,0x42,0x20,0x44,0x20,0x40,0x40,
  0x40,0x40,0x40,0x81,0x40,0x00,0x80};
const u8g_fntpgm_uint8_t fontpage_189_166_166[55] U8G_FONT_SECTION("fontpage_189_166_166") = {
  0x00,0x10,0x13,0x00,0xFC,0x00,0x00,0x00,0x00,0x00,0xA6,0xA6,0x00,0x0E,0xFE,0x00,
  0x00,0x0F,0x10,0x20,0x10,0x00,0xFE,0x01,0x00,0x00,0x80,0x3F,0xFE,0x22,0x20,0x22,
  0x20,0x3F,0xFC,0x22,0x20,0x22,0x20,0x23,0xE0,0x20,0x00,0x2F,0xF0,0x24,0x10,0x42,
  0x20,0x41,0xC0,0x86,0x30,0x38,0x0E};
const u8g_fntpgm_uint8_t fontpage_189_226_226[55] U8G_FONT_SECTION("fontpage_189_226_226") = {
  0x00,0x10,0x13,0x00,0xFC,0x00,0x00,0x00,0x00,0x00,0xE2,0xE2,0x00,0x0E,0xFE,0x00,
  0x00,0x0F,0x10,0x20,0x10,0x00,0xFE,0x01,0x00,0x00,0x80,0x3F,0xFE,0x20,0x40,0x2F,
  0x50,0x21,0x24,0x2A,0x18,0x24,0x08,0x3B,0x76,0x21,0x50,0x2F,0x8C,0x28,0x78,0x2F,
  0x48,0x41,0x30,0x45,0x48,0x82,0x84};
const u8g_fntpgm_uint8_t fontpage_189_250_250[55] U8G_FONT_SECTION("fontpage_189_250_250") = {
  0x00,0x10,0x13,0x00,0xFC,0x00,0x00,0x00,0x00,0x00,0xFA,0xFA,0x00,0x0E,0xFE,0x00,
  0x00,0x0F,0x10,0x20,0x10,0x00,0xFE,0x00,0x40,0x00,0x40,0xFB,0xF8,0x08,0x48,0x17,
  0xFE,0x10,0x48,0x23,0xF8,0x78,0x40,0x0B,0xF8,0x08,0x40,0x48,0x40,0x37,0xFC,0x10,
  0x40,0x2C,0x40,0x43,0xFE,0x80,0x00};
const u8g_fntpgm_uint8_t fontpage_190_143_143[55] U8G_FONT_SECTION("fontpage_190_143_143") = {
  0x00,0x10,0x13,0x00,0xFC,0x00,0x00,0x00,0x00,0x00,0x8F,0x8F,0x00,0x0E,0xFE,0x00,
  0x00,0x0F,0x10,0x20,0x10,0x00,0xFE,0x00,0x48,0x00,0x44,0x00,0x44,0x00,0x40,0xFF,
  0xFE,0x00,0x40,0x00,0x40,0x3E,0x40,0x08,0x40,0x08,0x40,0x08,0x20,0x08,0x22,0x0F,
  0x12,0x78,0x0A,0x20,0x06,0x00,0x02};
const u8g_fntpgm_uint8_t fontpage_190_149_149[55] U8G_FONT_SECTION("fontpage_190_149_149") = {
  0x00,0x10,0x13,0x00,0xFC,0x00,0x00,0x00,0x00,0x00,0x95,0x95,0x00,0x0E,0xFE,0x00,
  0x00,0x0C,0x10,0x20,0x10,0x01,0xFE,0x00,0x10,0xFE,0x10,0x02,0x10,0x02,0x10,0x02,
  0x10,0x7E,0x10,0x40,0x10,0x40,0x10,0x80,0x10,0xFE,0x10,0x02,0x10,0x02,0x10,0x02,
  0x10,0x02,0x10,0x14,0x10,0x08,0x10};
const u8g_fntpgm_uint8_t fontpage_190_200_200[53] U8G_FONT_SECTION("fontpage_190_200_200") = {
  0x00,0x10,0x13,0x00,0xFC,0x00,0x00,0x00,0x00,0x00,0xC8,0xC8,0x00,0x0D,0xFE,0x00,
  0x00,0x0F,0x0F,0x1E,0x10,0x00,0xFE,0xFB,0xDE,0x0A,0x52,0x0A,0x52,0x0B,0xDE,0x78,
  0x00,0x41,0xFC,0x41,0x24,0x41,0xFC,0x79,0x24,0x09,0xFC,0x08,0x20,0x0B,0xFE,0x08,
  0x20,0x50,0x20,0x20,0x20};
const u8g_fntpgm_uint8_t fontpage_190_226_226[53] U8G_FONT_SECTION("fontpage_190_226_226") = {
  0x00,0x10,0x13,0x00,0xFC,0x00,0x00,0x00,0x00,0x00,0xE2,0xE2,0x00,0x0D,0xFE,0x00,
  0x00,0x0F,0x0F,0x1E,0x10,0x00,0xFE,0x7F,0x84,0x12,0x04,0x12,0x08,0x12,0x10,0x12,
  0x22,0x12,0x02,0xFF,0xC4,0x12,0x08,0x12,0x10,0x12,0x22,0x12,0x02,0x22,0x04,0x22,
  0x08,0x42,0x10,0x82,0x60};
const u8g_fntpgm_uint8_t fontpage_191_133_133[55] U8G_FONT_SECTION("fontpage_191_133_133") = {
  0x00,0x10,0x13,0x00,0xFC,0x00,0x00,0x00,0x00,0x00,0x85,0x85,0x00,0x0E,0xFE,0x00,
  0x00,0x0F,0x10,0x20,0x10,0x00,0xFE,0x08,0x40,0x08,0x40,0x10,0x40,0x23,0xFC,0x48,
  0x40,0x08,0x40,0x17,0xFE,0x30,0x10,0x50,0x10,0x97,0xFE,0x10,0x10,0x12,0x10,0x11,
  0x10,0x11,0x10,0x10,0x50,0x10,0x20};
const u8g_fntpgm_uint8_t fontpage_191_140_140[55] U8G_FONT_SECTION("fontpage_191_140_140") = {
  0x00,0x10,0x13,0x00,0xFC,0x00,0x00,0x00,0x00,0x00,0x8C,0x8C,0x00,0x0E,0xFE,0x00,
  0x00,0x0F,0x10,0x20,0x10,0x00,0xFE,0x08,0x20,0x08,0x40,0x10,0x88,0x21,0x10,0x4B,
  0xE0,0x08,0x40,0x10,0x88,0x33,0xFC,0x50,0x84,0x90,0x80,0x11,0xF8,0x13,0x08,0x14,
  0x90,0x10,0x60,0x11,0x98,0x16,0x06};
const u8g_fntpgm_uint8_t fontpage_191_145_145[55] U8G_FONT_SECTION("fontpage_191_145_145") = {
  0x00,0x10,0x13,0x00,0xFC,0x00,0x00,0x00,0x00,0x00,0x91,0x91,0x00,0x0E,0xFE,0x00,
  0x00,0x0F,0x10,0x20,0x10,0x00,0xFE,0x08,0x00,0x0B,0xFC,0x10,0x00,0x21,0x24,0x4A,
  0x48,0x0C,0x90,0x12,0x48,0x31,0x24,0x50,0x00,0x93,0xFC,0x10,0x40,0x10,0x40,0x10,
  0x40,0x10,0x40,0x17,0xFE,0x10,0x00};
const u8g_fntpgm_uint8_t fontpage_191_151_151[55] U8G_FONT_SECTION("fontpage_191_151_151") = {
  0x00,0x10,0x13,0x00,0xFC,0x00,0x00,0x00,0x00,0x00,0x97,0x97,0x00,0x0E,0xFE,0x00,
  0x00,0x0F,0x10,0x20,0x10,0x00,0xFE,0x08,0x00,0x0B,0xF8,0x12,0x08,0x23,0xF8,0x4A,
  0x08,0x0B,0xF8,0x10,0x00,0x33,0xFC,0x50,0x10,0x97,0xFE,0x10,0x10,0x12,0x10,0x11,
  0x10,0x10,0x10,0x10,0x50,0x10,0x20};
const u8g_fntpgm_uint8_t fontpage_191_158_158[55] U8G_FONT_SECTION("fontpage_191_158_158") = {
  0x00,0x10,0x13,0x00,0xFC,0x00,0x00,0x00,0x00,0x00,0x9E,0x9E,0x00,0x0E,0xFE,0x00,
  0x00,0x0F,0x10,0x20,0x10,0x00,0xFE,0x08,0x88,0x08,0x88,0x10,0x88,0x20,0x88,0x49,
  0x54,0x0A,0x22,0x14,0x42,0x30,0x20,0x50,0x20,0x91,0x20,0x11,0x3C,0x11,0x20,0x12,
  0xA0,0x12,0x60,0x14,0x3E,0x18,0x00};
const u8g_fntpgm_uint8_t fontpage_191_169_170[93] U8G_FONT_SECTION("fontpage_191_169_170") = {
  0x00,0x10,0x13,0x00,0xFC,0x00,0x00,0x00,0x00,0x00,0xA9,0xAA,0x00,0x0E,0xFE,0x00,
  0x00,0x0F,0x10,0x20,0x10,0x00,0xFE,0x09,0x00,0x09,0x00,0x11,0xFE,0x22,0x00,0x4D,
  0xFC,0x09,0x04,0x11,0xFC,0x31,0x04,0x51,0xFC,0x90,0x80,0x10,0xFC,0x11,0x08,0x12,
  0x90,0x10,0x60,0x11,0x98,0x16,0x06,0x0F,0x10,0x20,0x10,0x00,0xFE,0x10,0x3C,0x17,
  0xE0,0x24,0x20,0x44,0x20,0x97,0xFE,0x14,0x20,0x25,0xFC,0x65,0x04,0xA5,0x04,0x25,
  0xFC,0x25,0x04,0x25,0xFC,0x29,0x04,0x29,0x04,0x31,0xFC,0x21,0x04};
const u8g_fntpgm_uint8_t fontpage_191_174_174[55] U8G_FONT_SECTION("fontpage_191_174_174") = {
  0x00,0x10,0x13,0x00,0xFC,0x00,0x00,0x00,0x00,0x00,0xAE,0xAE,0x00,0x0E,0xFE,0x00,
  0x00,0x0F,0x10,0x20,0x10,0x00,0xFE,0x11,0x08,0x15,0x48,0x25,0x48,0x45,0x50,0x97,
  0xDE,0x10,0x24,0x20,0x14,0x6F,0xD4,0xA0,0x14,0x27,0x94,0x24,0x94,0x24,0xA8,0x24,
  0xC8,0x24,0x94,0x28,0x14,0x30,0x22};
const u8g_fntpgm_uint8_t fontpage_191_195_195[51] U8G_FONT_SECTION("fontpage_191_195_195") = {
  0x00,0x10,0x13,0x00,0xFC,0x00,0x00,0x00,0x00,0x00,0xC3,0xC3,0x00,0x0D,0xFF,0x00,
  0x00,0x0F,0x0E,0x1C,0x10,0x00,0xFF,0x02,0x00,0x01,0x00,0x00,0x80,0x00,0x80,0x04,
  0x00,0x04,0x08,0x24,0x04,0x24,0x04,0x24,0x02,0x44,0x02,0x44,0x12,0x84,0x10,0x04,
  0x10,0x03,0xF0};
const u8g_fntpgm_uint8_t fontpage_191_197_197[53] U8G_FONT_SECTION("fontpage_191_197_197") = {
  0x00,0x10,0x13,0x00,0xFC,0x00,0x00,0x00,0x00,0x00,0xC5,0xC5,0x00,0x0D,0xFE,0x00,
  0x00,0x0F,0x0F,0x1E,0x10,0x00,0xFE,0x04,0x00,0x02,0x10,0x01,0x10,0x01,0x20,0x08,
  0x20,0x28,0x48,0x28,0x44,0x28,0x84,0x49,0x02,0x4A,0x02,0x8C,0x12,0x08,0x10,0x18,
  0x10,0x27,0xF0,0x40,0x00};
const u8g_fntpgm_uint8_t fontpage_191_217_217[55] U8G_FONT_SECTION("fontpage_191_217_217") = {
  0x00,0x10,0x13,0x00,0xFC,0x00,0x00,0x00,0x00,0x00,0xD9,0xD9,0x00,0x0E,0xFE,0x00,
  0x00,0x0F,0x10,0x20,0x10,0x00,0xFE,0x10,0x20,0x10,0x10,0x10,0x10,0x10,0x00,0x1B,
  0xFE,0x54,0x80,0x50,0x80,0x50,0x80,0x90,0x80,0x10,0x80,0x10,0x80,0x10,0x80,0x10,
  0x80,0x10,0x80,0x10,0xFE,0x10,0x00};
const u8g_fntpgm_uint8_t fontpage_191_253_253[53] U8G_FONT_SECTION("fontpage_191_253_253") = {
  0x00,0x10,0x13,0x00,0xFC,0x00,0x00,0x00,0x00,0x00,0xFD,0xFD,0x00,0x0E,0xFF,0x00,
  0x00,0x0F,0x0F,0x1E,0x10,0x00,0xFF,0x08,0x00,0x08,0x00,0x1F,0xF8,0x12,0x48,0x22,
  0x48,0x44,0x88,0x08,0x88,0x11,0x08,0x22,0x28,0x04,0x10,0x01,0x00,0x08,0x84,0x48,
  0x92,0x48,0x12,0x87,0xF0};
const u8g_fntpgm_uint8_t fontpage_192_165_165[55] U8G_FONT_SECTION("fontpage_192_165_165") = {
  0x00,0x10,0x13,0x00,0xFC,0x00,0x00,0x00,0x00,0x00,0xA5,0xA5,0x00,0x0E,0xFE,0x00,
  0x00,0x0F,0x10,0x20,0x10,0x00,0xFE,0x08,0x00,0x0F,0xE0,0x10,0x20,0x20,0x40,0x5F,
  0xF8,0x00,0x08,0x00,0x08,0x1F,0xF8,0x00,0x08,0x00,0x08,0x3F,0xF8,0x02,0x00,0x51,
  0x04,0x51,0x12,0x90,0x12,0x0F,0xF0};
const u8g_fntpgm_uint8_t fontpage_192_167_167[55] U8G_FONT_SECTION("fontpage_192_167_167") = {
  0x00,0x10,0x13,0x00,0xFC,0x00,0x00,0x00,0x00,0x00,0xA7,0xA7,0x00,0x0E,0xFE,0x00,
  0x00,0x0F,0x10,0x20,0x10,0x00,0xFE,0x10,0x20,0x10,0x20,0x11,0x20,0x11,0x20,0x19,
  0xFC,0x55,0x20,0x52,0x20,0x50,0x20,0x90,0x20,0x11,0xFC,0x10,0x20,0x10,0x20,0x10,
  0x20,0x10,0x20,0x13,0xFE,0x10,0x00};
const u8g_fntpgm_uint8_t fontpage_192_198_198[55] U8G_FONT_SECTION("fontpage_192_198_198") = {
  0x00,0x10,0x13,0x00,0xFC,0x00,0x00,0x00,0x00,0x00,0xC6,0xC6,0x00,0x0E,0xFE,0x00,
  0x00,0x0F,0x10,0x20,0x10,0x00,0xFE,0x10,0x00,0x17,0xFE,0x10,0x80,0x10,0x80,0x18,
  0x80,0x54,0xF8,0x51,0x08,0x51,0x48,0x91,0x28,0x12,0x08,0x12,0x88,0x10,0x50,0x10,
  0x10,0x10,0x10,0x17,0xFE,0x10,0x00};
const u8g_fntpgm_uint8_t fontpage_192_226_226[55] U8G_FONT_SECTION("fontpage_192_226_226") = {
  0x00,0x10,0x13,0x00,0xFC,0x00,0x00,0x00,0x00,0x00,0xE2,0xE2,0x00,0x0E,0xFE,0x00,
  0x00,0x0F,0x10,0x20,0x10,0x00,0xFE,0x10,0x40,0x10,0x40,0x10,0x40,0x13,0xFE,0x18,
  0x80,0x54,0x90,0x50,0x90,0x51,0x12,0x91,0x52,0x11,0x54,0x12,0x90,0x12,0x28,0x14,
  0x28,0x10,0x44,0x10,0x84,0x11,0x02};
const u8g_fntpgm_uint8_t fontpage_192_239_239[53] U8G_FONT_SECTION("fontpage_192_239_239") = {
  0x00,0x10,0x13,0x00,0xFC,0x00,0x00,0x00,0x00,0x00,0xEF,0xEF,0x00,0x0E,0xFF,0x00,
  0x00,0x0F,0x0F,0x1E,0x10,0x00,0xFF,0x01,0x00,0x02,0x00,0x1F,0xF0,0x10,0x10,0x1F,
  0xF0,0x10,0x10,0x1F,0xF0,0x10,0x10,0x1F,0xF0,0x10,0x10,0x01,0x00,0x08,0x84,0x48,
  0x92,0x48,0x12,0x87,0xF0};
const u8g_fntpgm_uint8_t fontpage_193_197_197[55] U8G_FONT_SECTION("fontpage_193_197_197") = {
  0x00,0x10,0x13,0x00,0xFC,0x00,0x00,0x00,0x00,0x00,0xC5,0xC5,0x00,0x0E,0xFE,0x00,
  0x00,0x10,0x10,0x20,0x10,0x00,0xFE,0x10,0x20,0x10,0x20,0x13,0xFE,0x10,0x20,0x51,
  0xFC,0x58,0x20,0x57,0xFF,0x94,0x00,0x11,0xFC,0x11,0x04,0x11,0xFC,0x11,0x04,0x11,
  0xFC,0x11,0x04,0x11,0x14,0x11,0x0C};
const u8g_fntpgm_uint8_t fontpage_193_240_240[55] U8G_FONT_SECTION("fontpage_193_240_240") = {
  0x00,0x10,0x13,0x00,0xFC,0x00,0x00,0x00,0x00,0x00,0xF0,0xF0,0x00,0x0E,0xFE,0x00,
  0x00,0x0F,0x10,0x20,0x10,0x00,0xFE,0x10,0x40,0x10,0x40,0x13,0xFE,0x10,0x80,0x19,
  0xFC,0x56,0x20,0x55,0xFE,0x50,0x00,0x91,0xFC,0x11,0x04,0x11,0xFC,0x11,0x04,0x11,
  0xFC,0x11,0x04,0x11,0x14,0x11,0x08};
const u8g_fntpgm_uint8_t fontpage_194_143_143[55] U8G_FONT_SECTION("fontpage_194_143_143") = {
  0x00,0x10,0x13,0x00,0xFC,0x00,0x00,0x00,0x00,0x00,0x8F,0x8F,0x00,0x0E,0xFE,0x00,
  0x00,0x0F,0x10,0x20,0x10,0x00,0xFE,0x01,0x00,0x3F,0xF8,0x08,0x20,0x04,0x40,0xFF,
  0xFE,0x00,0x00,0x1F,0xF0,0x10,0x10,0x1F,0xF0,0x10,0x10,0x1F,0xF0,0x02,0x00,0x51,
  0x04,0x51,0x12,0x90,0x12,0x0F,0xF0};
const u8g_fntpgm_uint8_t fontpage_194_159_159[55] U8G_FONT_SECTION("fontpage_194_159_159") = {
  0x00,0x10,0x13,0x00,0xFC,0x00,0x00,0x00,0x00,0x00,0x9F,0x9F,0x00,0x0E,0xFE,0x00,
  0x00,0x0F,0x10,0x20,0x10,0x00,0xFE,0x00,0x28,0x00,0x24,0x3F,0xFE,0x20,0x20,0x2F,
  0xA4,0x20,0x24,0x2F,0xA8,0x28,0x98,0x28,0x92,0x4F,0xAA,0x40,0x46,0x80,0x82,0x01,
  0x00,0x48,0x84,0x48,0x12,0x87,0xF2};
const u8g_fntpgm_uint8_t fontpage_194_203_203[55] U8G_FONT_SECTION("fontpage_194_203_203") = {
  0x00,0x10,0x13,0x00,0xFC,0x00,0x00,0x00,0x00,0x00,0xCB,0xCB,0x00,0x0E,0xFE,0x00,
  0x00,0x0F,0x10,0x20,0x10,0x00,0xFE,0x10,0x80,0x24,0x98,0x7E,0xE0,0x00,0x84,0x7E,
  0x7C,0x42,0x00,0x7E,0x98,0x42,0xE0,0x7E,0x84,0x42,0x84,0x46,0x7C,0x02,0x00,0x51,
  0x04,0x51,0x12,0x90,0x12,0x0F,0xF0};
const u8g_fntpgm_uint8_t fontpage_195_182_182[55] U8G_FONT_SECTION("fontpage_195_182_182") = {
  0x00,0x10,0x13,0x00,0xFC,0x00,0x00,0x00,0x00,0x00,0xB6,0xB6,0x00,0x0E,0xFE,0x00,
  0x00,0x0F,0x10,0x20,0x10,0x00,0xFE,0x10,0x80,0x10,0x40,0x13,0xFC,0x19,0x08,0x54,
  0x90,0x57,0xFE,0x50,0x00,0x93,0xFC,0x12,0x04,0x13,0xFC,0x12,0x04,0x13,0xFC,0x10,
  0x40,0x15,0x24,0x15,0x0A,0x18,0xFA};
const u8g_fntpgm_uint8_t fontpage_195_201_201[55] U8G_FONT_SECTION("fontpage_195_201_201") = {
  0x00,0x10,0x13,0x00,0xFC,0x00,0x00,0x00,0x00,0x00,0xC9,0xC9,0x00,0x0E,0xFE,0x00,
  0x00,0x0F,0x10,0x20,0x10,0x00,0xFE,0x01,0x00,0x00,0x80,0x3F,0xFE,0x22,0x48,0x24,
  0xFE,0x2D,0x90,0x34,0xFC,0x24,0x90,0x24,0xFC,0x24,0x90,0x24,0xFE,0x24,0x80,0x42,
  0x44,0x52,0x4A,0x92,0x0A,0x21,0xF8};
const u8g_fntpgm_uint8_t fontpage_196_144_144[55] U8G_FONT_SECTION("fontpage_196_144_144") = {
  0x00,0x10,0x13,0x00,0xFC,0x00,0x00,0x00,0x00,0x00,0x90,0x90,0x00,0x0E,0xFE,0x00,
  0x00,0x0F,0x10,0x20,0x10,0x00,0xFE,0x00,0x50,0x00,0x48,0x00,0x40,0x3F,0xFE,0x20,
  0x40,0x20,0x40,0x20,0x44,0x3E,0x44,0x22,0x44,0x22,0x28,0x22,0x28,0x22,0x12,0x2A,
  0x32,0x44,0x4A,0x40,0x86,0x81,0x02};
const u8g_fntpgm_uint8_t fontpage_196_150_150[55] U8G_FONT_SECTION("fontpage_196_150_150") = {
  0x00,0x10,0x13,0x00,0xFC,0x00,0x00,0x00,0x00,0x00,0x96,0x96,0x00,0x0E,0xFE,0x00,
  0x00,0x0F,0x10,0x20,0x10,0x00,0xFE,0x00,0x48,0x00,0x44,0x00,0x40,0xFF,0xFE,0x00,
  0x40,0x00,0x40,0x3E,0x44,0x22,0x44,0x22,0x44,0x22,0x28,0x3E,0x28,0x00,0x12,0x07,
  0x32,0x78,0x4A,0x20,0x86,0x03,0x02};
const u8g_fntpgm_uint8_t fontpage_196_178_178[55] U8G_FONT_SECTION("fontpage_196_178_178") = {
  0x00,0x10,0x13,0x00,0xFC,0x00,0x00,0x00,0x00,0x00,0xB2,0xB2,0x00,0x0E,0xFE,0x00,
  0x00,0x0F,0x10,0x20,0x10,0x00,0xFE,0x08,0x28,0x0F,0x24,0x08,0x24,0x7F,0x20,0x49,
  0x2E,0x4C,0xF0,0x79,0x20,0x47,0x24,0x40,0x24,0x5F,0x28,0x40,0x28,0x5F,0x10,0x51,
  0x12,0x5F,0x2A,0x8A,0x46,0x3F,0x82};
const u8g_fntpgm_uint8_t fontpage_196_182_182[55] U8G_FONT_SECTION("fontpage_196_182_182") = {
  0x00,0x10,0x13,0x00,0xFC,0x00,0x00,0x00,0x00,0x00,0xB6,0xB6,0x00,0x0E,0xFE,0x00,
  0x00,0x0D,0x10,0x20,0x10,0x00,0xFE,0x00,0x10,0x00,0xF8,0x1F,0x00,0x10,0x00,0x1F,
  0xF8,0x10,0x08,0x10,0x08,0x10,0x08,0x1F,0xF8,0x10,0x08,0x10,0x00,0x10,0x00,0x20,
  0x00,0x20,0x00,0x40,0x00,0x80,0x00};
const u8g_fntpgm_uint8_t fontpage_196_192_192[55] U8G_FONT_SECTION("fontpage_196_192_192") = {
  0x00,0x10,0x13,0x00,0xFC,0x00,0x00,0x00,0x00,0x00,0xC0,0xC0,0x00,0x0E,0xFE,0x00,
  0x00,0x0F,0x10,0x20,0x10,0x00,0xFE,0x02,0x08,0x07,0x1C,0x38,0xE0,0x20,0x80,0x20,
  0x80,0x3E,0x80,0x22,0xFE,0x22,0x88,0x22,0x88,0x3E,0x88,0x20,0x88,0x20,0x88,0x41,
  0x08,0x41,0x08,0x82,0x08,0x04,0x08};
const u8g_fntpgm_uint8_t fontpage_196_199_199[55] U8G_FONT_SECTION("fontpage_196_199_199") = {
  0x00,0x10,0x13,0x00,0xFC,0x00,0x00,0x00,0x00,0x00,0xC7,0xC7,0x00,0x0E,0xFE,0x00,
  0x00,0x0E,0x10,0x20,0x10,0x00,0xFE,0x02,0x00,0x01,0x00,0x3F,0xFC,0x20,0x04,0x20,
  0x04,0x3F,0xFC,0x20,0x00,0x20,0x00,0x3F,0x7C,0x21,0x04,0x29,0x24,0x25,0x14,0x49,
  0x24,0x51,0x44,0x85,0x14,0x02,0x08};
const u8g_fntpgm_uint8_t fontpage_196_203_203[55] U8G_FONT_SECTION("fontpage_196_203_203") = {
  0x00,0x10,0x13,0x00,0xFC,0x00,0x00,0x00,0x00,0x00,0xCB,0xCB,0x00,0x0E,0xFE,0x00,
  0x00,0x0F,0x10,0x20,0x10,0x00,0xFE,0x00,0x10,0x00,0xF8,0x3F,0x00,0x01,0x00,0x01,
  0x00,0x3F,0xF8,0x01,0x00,0x01,0x00,0x01,0x00,0xFF,0xFE,0x01,0x00,0x01,0x00,0x01,
  0x00,0x01,0x00,0x05,0x00,0x02,0x00};
const u8g_fntpgm_uint8_t fontpage_196_211_211[55] U8G_FONT_SECTION("fontpage_196_211_211") = {
  0x00,0x10,0x13,0x00,0xFC,0x00,0x00,0x00,0x00,0x00,0xD3,0xD3,0x00,0x0E,0xFE,0x00,
  0x00,0x0F,0x10,0x20,0x10,0x00,0xFE,0x10,0x00,0x10,0x00,0x13,0xFE,0x10,0x20,0xFC,
  0x20,0x10,0x20,0x10,0x20,0x14,0x20,0x18,0x20,0x30,0x20,0xD0,0x20,0x10,0x20,0x10,
  0x20,0x10,0x20,0x50,0xA0,0x20,0x40};
const u8g_fntpgm_uint8_t fontpage_196_237_237[55] U8G_FONT_SECTION("fontpage_196_237_237") = {
  0x00,0x10,0x13,0x00,0xFC,0x00,0x00,0x00,0x00,0x00,0xED,0xED,0x00,0x0E,0xFE,0x00,
  0x00,0x0F,0x10,0x20,0x10,0x00,0xFE,0x10,0x00,0x11,0xFC,0x10,0x44,0x10,0x44,0xFC,
  0x44,0x10,0x44,0x10,0x44,0x15,0xFC,0x18,0x84,0x30,0x84,0xD0,0x84,0x10,0x84,0x10,
  0x84,0x10,0x84,0x57,0xFE,0x20,0x00};
const u8g_fntpgm_uint8_t fontpage_196_249_249[55] U8G_FONT_SECTION("fontpage_196_249_249") = {
  0x00,0x10,0x13,0x00,0xFC,0x00,0x00,0x00,0x00,0x00,0xF9,0xF9,0x00,0x0E,0xFE,0x00,
  0x00,0x0F,0x10,0x20,0x10,0x00,0xFE,0x10,0x10,0x11,0x10,0x11,0x10,0x11,0x12,0xFD,
  0x12,0x11,0x14,0x11,0xD8,0x15,0x10,0x19,0x10,0x31,0x10,0xD1,0x10,0x11,0x12,0x11,
  0x52,0x11,0x92,0x51,0x0E,0x20,0x00};
const u8g_fntpgm_uint8_t fontpage_196_254_254[55] U8G_FONT_SECTION("fontpage_196_254_254") = {
  0x00,0x10,0x13,0x00,0xFC,0x00,0x00,0x00,0x00,0x00,0xFE,0xFE,0x00,0x0E,0xFE,0x00,
  0x00,0x0E,0x10,0x20,0x10,0x00,0xFE,0x10,0x90,0x10,0x88,0x10,0x88,0x10,0x80,0xFC,
  0xBC,0x13,0xC0,0x10,0x80,0x14,0x88,0x18,0x88,0x30,0x90,0xD0,0x60,0x10,0x44,0x10,
  0xA4,0x11,0x14,0x52,0x0C,0x20,0x04};
const u8g_fntpgm_uint8_t fontpage_197_150_150[55] U8G_FONT_SECTION("fontpage_197_150_150") = {
  0x00,0x10,0x13,0x00,0xFC,0x00,0x00,0x00,0x00,0x00,0x96,0x96,0x00,0x0E,0xFE,0x00,
  0x00,0x0F,0x10,0x20,0x10,0x00,0xFE,0x10,0x10,0x11,0x10,0x10,0x90,0x10,0x90,0xFC,
  0x10,0x11,0x10,0x10,0x90,0x14,0x90,0x18,0x10,0x30,0x1E,0xD3,0xF0,0x10,0x10,0x10,
  0x10,0x10,0x10,0x50,0x10,0x20,0x10};
const u8g_fntpgm_uint8_t fontpage_197_172_172[55] U8G_FONT_SECTION("fontpage_197_172_172") = {
  0x00,0x10,0x13,0x00,0xFC,0x00,0x00,0x00,0x00,0x00,0xAC,0xAC,0x00,0x0E,0xFE,0x00,
  0x00,0x0F,0x10,0x20,0x10,0x00,0xFE,0x10,0x20,0x10,0x20,0x10,0x40,0x10,0x88,0xFD,
  0x04,0x13,0xFE,0x10,0x02,0x14,0x00,0x19,0xFC,0x31,0x04,0xD1,0x04,0x11,0x04,0x11,
  0x04,0x11,0x04,0x51,0xFC,0x21,0x04};
const u8g_fntpgm_uint8_t fontpage_197_189_189[55] U8G_FONT_SECTION("fontpage_197_189_189") = {
  0x00,0x10,0x13,0x00,0xFC,0x00,0x00,0x00,0x00,0x00,0xBD,0xBD,0x00,0x0E,0xFE,0x00,
  0x00,0x0E,0x10,0x20,0x10,0x00,0xFE,0x10,0x20,0x10,0x20,0x10,0x20,0x10,0x20,0xFD,
  0xFC,0x11,0x24,0x11,0x24,0x15,0x24,0x19,0x24,0x31,0xFC,0xD1,0x24,0x11,0x24,0x11,
  0x24,0x11,0x24,0x51,0xFC,0x21,0x04};
const u8g_fntpgm_uint8_t fontpage_197_212_212[55] U8G_FONT_SECTION("fontpage_197_212_212") = {
  0x00,0x10,0x13,0x00,0xFC,0x00,0x00,0x00,0x00,0x00,0xD4,0xD4,0x00,0x0E,0xFE,0x00,
  0x00,0x0F,0x10,0x20,0x10,0x00,0xFE,0x10,0x50,0x10,0x48,0x10,0x48,0x10,0x40,0xFB,
  0xFE,0x10,0x80,0x14,0x80,0x18,0xFC,0x31,0x44,0xD1,0x44,0x11,0x28,0x11,0x28,0x12,
  0x10,0x12,0x28,0x54,0x44,0x21,0x82};
const u8g_fntpgm_uint8_t fontpage_197_237_237[55] U8G_FONT_SECTION("fontpage_197_237_237") = {
  0x00,0x10,0x13,0x00,0xFC,0x00,0x00,0x00,0x00,0x00,0xED,0xED,0x00,0x0E,0xFE,0x00,
  0x00,0x0F,0x10,0x20,0x10,0x00,0xFE,0x10,0x28,0x10,0x24,0x10,0x24,0x10,0x20,0xFB,
  0xFE,0x10,0x20,0x14,0x20,0x1B,0xA0,0x31,0x20,0xD1,0x10,0x11,0x10,0x11,0x10,0x11,
  0xCA,0x17,0x0A,0x52,0x06,0x20,0x02};
const u8g_fntpgm_uint8_t fontpage_198_130_130[55] U8G_FONT_SECTION("fontpage_198_130_130") = {
  0x00,0x10,0x13,0x00,0xFC,0x00,0x00,0x00,0x00,0x00,0x82,0x82,0x00,0x0E,0xFE,0x00,
  0x00,0x0F,0x10,0x20,0x10,0x00,0xFE,0x10,0x20,0x10,0x20,0x11,0xFC,0x10,0x20,0xFC,
  0x20,0x10,0x20,0x13,0xFE,0x10,0x00,0x18,0x20,0x30,0x20,0xD1,0xFC,0x10,0x20,0x10,
  0x20,0x10,0x20,0x53,0xFE,0x20,0x00};
const u8g_fntpgm_uint8_t fontpage_198_137_137[55] U8G_FONT_SECTION("fontpage_198_137_137") = {
  0x00,0x10,0x13,0x00,0xFC,0x00,0x00,0x00,0x00,0x00,0x89,0x89,0x00,0x0E,0xFE,0x00,
  0x00,0x0F,0x10,0x20,0x10,0x00,0xFE,0x10,0x40,0x10,0x20,0x10,0x20,0x13,0xFE,0xFA,
  0x02,0x14,0x44,0x10,0x40,0x1B,0xFE,0x30,0x88,0xD0,0x88,0x11,0x08,0x10,0xD0,0x10,
  0x20,0x10,0x50,0x50,0x88,0x23,0x04};
const u8g_fntpgm_uint8_t fontpage_198_175_175[55] U8G_FONT_SECTION("fontpage_198_175_175") = {
  0x00,0x10,0x13,0x00,0xFC,0x00,0x00,0x00,0x00,0x00,0xAF,0xAF,0x00,0x0E,0xFE,0x00,
  0x00,0x0F,0x10,0x20,0x10,0x00,0xFE,0x10,0x00,0x13,0xFC,0x12,0x00,0x12,0x00,0xFE,
  0xF8,0x12,0x00,0x12,0x00,0x17,0xFC,0x1A,0xA0,0x32,0xA4,0xD2,0xA8,0x12,0x90,0x12,
  0x90,0x14,0x88,0x54,0xA4,0x28,0xC2};
const u8g_fntpgm_uint8_t fontpage_198_242_242[55] U8G_FONT_SECTION("fontpage_198_242_242") = {
  0x00,0x10,0x13,0x00,0xFC,0x00,0x00,0x00,0x00,0x00,0xF2,0xF2,0x00,0x0E,0xFE,0x00,
  0x00,0x0F,0x10,0x20,0x10,0x00,0xFE,0x10,0x20,0x11,0x24,0x10,0xA8,0x13,0xFE,0xFC,
  0x40,0x10,0x80,0x17,0xFE,0x11,0x08,0x1A,0x04,0x35,0xFA,0xD9,0x08,0x11,0x08,0x11,
  0x28,0x11,0x12,0x51,0x02,0x20,0xFE};
const u8g_fntpgm_uint8_t fontpage_199_146_146[55] U8G_FONT_SECTION("fontpage_199_146_146") = {
  0x00,0x10,0x13,0x00,0xFC,0x00,0x00,0x00,0x00,0x00,0x92,0x92,0x00,0x0E,0xFE,0x00,
  0x00,0x0F,0x10,0x20,0x10,0x00,0xFE,0x10,0x90,0x10,0x90,0x10,0x90,0x17,0x9E,0xF8,
  0x90,0x10,0x90,0x10,0x90,0x1B,0x9C,0x30,0x90,0xD0,0x90,0x10,0x90,0x17,0x9E,0x10,
  0x90,0x10,0x90,0x50,0x90,0x20,0x90};
const u8g_fntpgm_uint8_t fontpage_199_162_162[55] U8G_FONT_SECTION("fontpage_199_162_162") = {
  0x00,0x10,0x13,0x00,0xFC,0x00,0x00,0x00,0x00,0x00,0xA2,0xA2,0x00,0x0E,0xFE,0x00,
  0x00,0x0F,0x10,0x20,0x10,0x00,0xFE,0x20,0x00,0x27,0xFC,0x24,0x04,0x24,0xA4,0xF9,
  0x10,0x22,0x08,0x20,0x40,0x28,0x40,0x37,0xFC,0xE0,0x40,0x20,0xE0,0x21,0x50,0x22,
  0x48,0x2C,0x46,0xA0,0x40,0x40,0x40};
const u8g_fntpgm_uint8_t fontpage_199_165_165[55] U8G_FONT_SECTION("fontpage_199_165_165") = {
  0x00,0x10,0x13,0x00,0xFC,0x00,0x00,0x00,0x00,0x00,0xA5,0xA5,0x00,0x0E,0xFE,0x00,
  0x00,0x0F,0x10,0x20,0x10,0x00,0xFE,0x10,0x80,0x10,0x40,0x13,0xFC,0x10,0x00,0xFD,
  0x08,0x10,0x90,0x17,0xFE,0x10,0x40,0x18,0x40,0x37,0xFE,0xD0,0x88,0x11,0x08,0x10,
  0x90,0x10,0x60,0x51,0x98,0x26,0x04};
const u8g_fntpgm_uint8_t fontpage_199_167_168[93] U8G_FONT_SECTION("fontpage_199_167_168") = {
  0x00,0x10,0x13,0x00,0xFC,0x00,0x00,0x00,0x00,0x00,0xA7,0xA8,0x00,0x0E,0xFE,0x00,
  0x00,0x0F,0x10,0x20,0x10,0x00,0xFE,0x10,0x40,0x10,0x20,0x10,0x20,0x13,0xFE,0xFA,
  0x02,0x14,0x94,0x11,0x08,0x1A,0x04,0x30,0x00,0xD1,0xFC,0x10,0x20,0x10,0x20,0x10,
  0x20,0x10,0x20,0x57,0xFE,0x20,0x00,0x0F,0x10,0x20,0x10,0x00,0xFE,0x10,0xA0,0x10,
  0x90,0x10,0x80,0x11,0xFE,0xFD,0x10,0x13,0x10,0x15,0xFC,0x11,0x10,0x19,0x10,0x31,
  0xFC,0xD1,0x10,0x11,0x10,0x11,0x10,0x11,0xFE,0x51,0x00,0x21,0x00};
const u8g_fntpgm_uint8_t fontpage_199_208_208[55] U8G_FONT_SECTION("fontpage_199_208_208") = {
  0x00,0x10,0x13,0x00,0xFC,0x00,0x00,0x00,0x00,0x00,0xD0,0xD0,0x00,0x0E,0xFE,0x00,
  0x00,0x0F,0x10,0x20,0x10,0x00,0xFE,0x10,0x00,0x11,0xFC,0x11,0x04,0x11,0x04,0xFD,
  0xFC,0x11,0x04,0x11,0x04,0x15,0xFC,0x18,0x00,0x33,0xFE,0xD0,0x20,0x11,0x20,0x11,
  0x3C,0x11,0x20,0x52,0xA0,0x24,0x7E};
const u8g_fntpgm_uint8_t fontpage_199_210_210[55] U8G_FONT_SECTION("fontpage_199_210_210") = {
  0x00,0x10,0x13,0x00,0xFC,0x00,0x00,0x00,0x00,0x00,0xD2,0xD2,0x00,0x0E,0xFE,0x00,
  0x00,0x0F,0x10,0x20,0x10,0x00,0xFE,0x20,0x08,0x20,0x3C,0x27,0xC0,0x20,0x40,0xF8,
  0x40,0x2F,0xFE,0x20,0x40,0x29,0x40,0x36,0x5C,0xE4,0x44,0x24,0x44,0x27,0x5C,0x24,
  0x44,0x24,0x44,0xA7,0xFC,0x44,0x04};
const u8g_fntpgm_uint8_t fontpage_199_219_219[55] U8G_FONT_SECTION("fontpage_199_219_219") = {
  0x00,0x10,0x13,0x00,0xFC,0x00,0x00,0x00,0x00,0x00,0xDB,0xDB,0x00,0x0E,0xFE,0x00,
  0x00,0x0F,0x10,0x20,0x10,0x00,0xFE,0x10,0x80,0x10,0x80,0x11,0xF8,0x12,0x08,0xFC,
  0x10,0x13,0xFE,0x12,0x02,0x1A,0x52,0x32,0x8A,0xD2,0x22,0x10,0x20,0x17,0xFE,0x10,
  0x50,0x10,0x88,0x51,0x04,0x26,0x02};
const u8g_fntpgm_uint8_t fontpage_199_244_244[55] U8G_FONT_SECTION("fontpage_199_244_244") = {
  0x00,0x10,0x13,0x00,0xFC,0x00,0x00,0x00,0x00,0x00,0xF4,0xF4,0x00,0x0E,0xFE,0x00,
  0x00,0x0F,0x10,0x20,0x10,0x00,0xFE,0x20,0x3C,0x27,0xC0,0x22,0x44,0x21,0x28,0xF8,
  0x00,0x23,0xFC,0x20,0x80,0x28,0x80,0x37,0xFE,0xE1,0x00,0x21,0xF8,0x22,0x88,0x22,
  0x50,0x24,0x20,0xA8,0xD8,0x43,0x06};
const u8g_fntpgm_uint8_t fontpage_200_141_141[55] U8G_FONT_SECTION("fontpage_200_141_141") = {
  0x00,0x10,0x13,0x00,0xFC,0x00,0x00,0x00,0x00,0x00,0x8D,0x8D,0x00,0x0E,0xFE,0x00,
  0x00,0x0E,0x10,0x20,0x10,0x00,0xFE,0x10,0x00,0x11,0xF8,0x11,0x08,0x11,0x08,0xFD,
  0xF8,0x10,0x00,0x13,0xFC,0x16,0x04,0x1B,0xFC,0x32,0x04,0xD3,0xFC,0x12,0x04,0x13,
  0xFC,0x10,0x90,0x51,0x08,0x22,0x04};
const u8g_fntpgm_uint8_t fontpage_201_199_199[55] U8G_FONT_SECTION("fontpage_201_199_199") = {
  0x00,0x10,0x13,0x00,0xFC,0x00,0x00,0x00,0x00,0x00,0xC7,0xC7,0x00,0x0E,0xFE,0x00,
  0x00,0x0F,0x10,0x20,0x10,0x00,0xFE,0x10,0x00,0x13,0xFE,0x12,0x52,0x13,0xFE,0xFC,
  0x20,0x11,0xFC,0x14,0x20,0x1B,0xFE,0x30,0x88,0xD0,0x50,0x11,0xFC,0x10,0x20,0x17,
  0xFE,0x10,0x20,0x50,0x20,0x20,0x20};
const u8g_fntpgm_uint8_t fontpage_201_202_203[93] U8G_FONT_SECTION("fontpage_201_202_203") = {
  0x00,0x10,0x13,0x00,0xFC,0x00,0x00,0x00,0x00,0x00,0xCA,0xCB,0x00,0x0E,0xFE,0x00,
  0x00,0x0F,0x10,0x20,0x10,0x00,0xFE,0x08,0x3C,0x7F,0x24,0x2A,0x24,0x3E,0x42,0x2A,
  0x3C,0xFF,0xA4,0x49,0x18,0x7F,0x66,0x00,0x20,0x1F,0xC0,0x01,0x00,0x3F,0xF8,0x01,
  0x00,0x7F,0xFC,0x01,0x00,0x03,0x00,0x0F,0x10,0x20,0x10,0x00,0xFE,0x20,0x40,0x22,
  0x48,0x21,0x50,0x27,0xFE,0xF4,0x02,0x28,0x04,0x23,0xF8,0x22,0x08,0x33,0xF8,0xE0,
  0x00,0x27,0xFC,0x24,0x44,0x27,0xFC,0x24,0x44,0xA7,0xFC,0x44,0x04};
const u8g_fntpgm_uint8_t fontpage_201_224_224[55] U8G_FONT_SECTION("fontpage_201_224_224") = {
  0x00,0x10,0x13,0x00,0xFC,0x00,0x00,0x00,0x00,0x00,0xE0,0xE0,0x00,0x0E,0xFE,0x00,
  0x00,0x0F,0x10,0x20,0x10,0x00,0xFE,0x20,0x80,0x20,0x40,0x27,0xFC,0x21,0x10,0xF0,
  0xA4,0x2F,0x58,0x25,0x54,0x25,0x52,0x3B,0x58,0xE0,0x00,0x22,0x08,0x23,0xF8,0x22,
  0x08,0x23,0xF8,0xA2,0x08,0x44,0x08};
const u8g_fntpgm_uint8_t fontpage_201_230_230[55] U8G_FONT_SECTION("fontpage_201_230_230") = {
  0x00,0x10,0x13,0x00,0xFC,0x00,0x00,0x00,0x00,0x00,0xE6,0xE6,0x00,0x0E,0xFE,0x00,
  0x00,0x0F,0x10,0x20,0x10,0x00,0xFE,0x20,0x80,0x20,0x40,0x27,0xFE,0x24,0x02,0xFA,
  0x24,0x23,0xBC,0x24,0xA4,0x2A,0xA8,0x35,0x10,0xE2,0xE8,0x24,0x04,0x2B,0xFA,0x20,
  0x40,0x22,0x48,0xA4,0x44,0x40,0xC0};
const u8g_fntpgm_uint8_t fontpage_202_175_175[55] U8G_FONT_SECTION("fontpage_202_175_175") = {
  0x00,0x10,0x13,0x00,0xFC,0x00,0x00,0x00,0x00,0x00,0xAF,0xAF,0x00,0x0E,0xFE,0x00,
  0x00,0x0F,0x10,0x20,0x10,0x00,0xFE,0x01,0x00,0x01,0x00,0x01,0x00,0x7F,0xFC,0x01,
  0x00,0x01,0x00,0x01,0x00,0x3F,0xF0,0x10,0x10,0x08,0x20,0x04,0x40,0x02,0x80,0x01,
  0x00,0x06,0xC0,0x18,0x30,0xE0,0x0E};
const u8g_fntpgm_uint8_t fontpage_202_182_182[55] U8G_FONT_SECTION("fontpage_202_182_182") = {
  0x00,0x10,0x13,0x00,0xFC,0x00,0x00,0x00,0x00,0x00,0xB6,0xB6,0x00,0x0E,0xFE,0x00,
  0x00,0x0E,0x10,0x20,0x10,0x01,0xFE,0x10,0x80,0x10,0x80,0x90,0x80,0x91,0x00,0x91,
  0xFC,0x92,0x10,0x95,0x10,0x91,0x10,0x91,0x10,0xB0,0xA0,0xD0,0xA0,0x90,0x40,0x10,
  0xA0,0x11,0x10,0x12,0x08,0x14,0x04};
const u8g_fntpgm_uint8_t fontpage_202_190_190[55] U8G_FONT_SECTION("fontpage_202_190_190") = {
  0x00,0x10,0x13,0x00,0xFC,0x00,0x00,0x00,0x00,0x00,0xBE,0xBE,0x00,0x0E,0xFE,0x00,
  0x00,0x0F,0x10,0x20,0x10,0x00,0xFE,0x20,0x40,0x10,0x40,0x00,0x40,0xFE,0x80,0x20,
  0xFE,0x21,0x08,0x3E,0x88,0x24,0x88,0x24,0x88,0x24,0x50,0x24,0x50,0x24,0x20,0x44,
  0x50,0x54,0x88,0x89,0x04,0x02,0x02};
const u8g_fntpgm_uint8_t fontpage_202_197_197[55] U8G_FONT_SECTION("fontpage_202_197_197") = {
  0x00,0x10,0x13,0x00,0xFC,0x00,0x00,0x00,0x00,0x00,0xC5,0xC5,0x00,0x0E,0xFE,0x00,
  0x00,0x0F,0x10,0x20,0x10,0x00,0xFE,0x10,0x40,0x10,0x40,0x10,0x40,0x10,0x80,0xFE,
  0xFE,0x11,0x08,0x12,0x88,0x10,0x88,0x7C,0x88,0x44,0x50,0x44,0x50,0x44,0x20,0x44,
  0x50,0x7C,0x88,0x45,0x04,0x02,0x02};
const u8g_fntpgm_uint8_t fontpage_202_200_200[55] U8G_FONT_SECTION("fontpage_202_200_200") = {
  0x00,0x10,0x13,0x00,0xFC,0x00,0x00,0x00,0x00,0x00,0xC8,0xC8,0x00,0x0E,0xFE,0x00,
  0x00,0x0F,0x10,0x20,0x10,0x00,0xFE,0x10,0x20,0x08,0x20,0x00,0x20,0xFF,0x3E,0x00,
  0x44,0x24,0x44,0x42,0x44,0x81,0xA4,0x24,0x28,0x14,0x28,0x08,0x10,0x14,0x10,0x22,
  0x28,0x42,0x48,0x80,0x84,0x01,0x02};
const u8g_fntpgm_uint8_t fontpage_202_207_207[55] U8G_FONT_SECTION("fontpage_202_207_207") = {
  0x00,0x10,0x13,0x00,0xFC,0x00,0x00,0x00,0x00,0x00,0xCF,0xCF,0x00,0x0E,0xFE,0x00,
  0x00,0x0F,0x10,0x20,0x10,0x00,0xFE,0x40,0x20,0x40,0x20,0x7F,0x20,0x80,0x3E,0x7E,
  0x44,0x42,0x44,0x52,0x44,0x4A,0xA4,0xFF,0xA8,0x42,0x28,0x92,0x10,0x8A,0x10,0xFF,
  0x28,0x02,0x48,0x14,0x84,0x09,0x02};
const u8g_fntpgm_uint8_t fontpage_202_215_215[55] U8G_FONT_SECTION("fontpage_202_215_215") = {
  0x00,0x10,0x13,0x00,0xFC,0x00,0x00,0x00,0x00,0x00,0xD7,0xD7,0x00,0x0E,0xFE,0x00,
  0x00,0x0F,0x10,0x20,0x10,0x00,0xFE,0x00,0x40,0x7C,0x40,0x44,0x80,0x44,0xFE,0x7D,
  0x08,0x45,0x08,0x46,0x88,0x7C,0x88,0x44,0x88,0x44,0x50,0x7C,0x50,0x00,0x20,0x28,
  0x50,0x24,0x88,0x45,0x04,0x82,0x02};
const u8g_fntpgm_uint8_t fontpage_202_244_244[55] U8G_FONT_SECTION("fontpage_202_244_244") = {
  0x00,0x10,0x13,0x00,0xFC,0x00,0x00,0x00,0x00,0x00,0xF4,0xF4,0x00,0x0E,0xFE,0x00,
  0x00,0x0F,0x10,0x20,0x10,0x00,0xFE,0x08,0x20,0x08,0x20,0xFF,0xBE,0x08,0x44,0x7F,
  0xA4,0x49,0x24,0x7F,0x28,0x2A,0x10,0x49,0x28,0x88,0x46,0x00,0x00,0x7F,0xFC,0x01,
  0x00,0x11,0xF8,0x11,0x00,0xFF,0xFE};
const u8g_fntpgm_uint8_t fontpage_202_248_248[55] U8G_FONT_SECTION("fontpage_202_248_248") = {
  0x00,0x10,0x13,0x00,0xFC,0x00,0x00,0x00,0x00,0x00,0xF8,0xF8,0x00,0x0E,0xFE,0x00,
  0x00,0x0F,0x10,0x20,0x10,0x00,0xFE,0x08,0x10,0x7F,0x10,0x49,0x10,0xFF,0xA0,0x49,
  0x3E,0x7F,0x44,0x08,0x24,0x7F,0x24,0x49,0x24,0x7F,0x28,0x10,0x28,0xFF,0x10,0x21,
  0x28,0x72,0x28,0x0C,0x44,0xF3,0x82};
const u8g_fntpgm_uint8_t fontpage_203_153_153[55] U8G_FONT_SECTION("fontpage_203_153_153") = {
  0x00,0x10,0x13,0x00,0xFC,0x00,0x00,0x00,0x00,0x00,0x99,0x99,0x00,0x0E,0xFE,0x00,
  0x00,0x0F,0x10,0x20,0x10,0x00,0xFE,0x08,0x08,0x08,0x88,0x4A,0x48,0x2A,0x48,0x2C,
  0x08,0x08,0x88,0xFE,0x48,0x18,0x48,0x1C,0x08,0x2A,0x0E,0x2A,0xF8,0x48,0x08,0x88,
  0x08,0x08,0x08,0x08,0x08,0x08,0x08};
const u8g_fntpgm_uint8_t fontpage_203_156_156[55] U8G_FONT_SECTION("fontpage_203_156_156") = {
  0x00,0x10,0x13,0x00,0xFC,0x00,0x00,0x00,0x00,0x00,0x9C,0x9C,0x00,0x0E,0xFE,0x00,
  0x00,0x0F,0x10,0x20,0x10,0x00,0xFE,0x08,0x08,0x08,0x48,0x14,0x28,0x22,0x28,0x41,
  0x08,0xBE,0x48,0x08,0x28,0x08,0x28,0x7F,0x0E,0x08,0x78,0x2A,0x08,0x29,0x08,0x49,
  0x08,0x88,0x08,0x28,0x08,0x10,0x08};
const u8g_fntpgm_uint8_t fontpage_203_176_176[55] U8G_FONT_SECTION("fontpage_203_176_176") = {
  0x00,0x10,0x13,0x00,0xFC,0x00,0x00,0x00,0x00,0x00,0xB0,0xB0,0x00,0x0E,0xFE,0x00,
  0x00,0x0F,0x10,0x20,0x10,0x00,0xFE,0x10,0x00,0x08,0x04,0x7F,0x78,0x00,0x40,0x22,
  0x40,0x14,0x40,0xFF,0x7E,0x08,0x48,0x08,0x48,0x7F,0x48,0x08,0x48,0x2A,0x48,0x49,
  0x48,0x88,0x88,0x28,0x88,0x11,0x08};
const u8g_fntpgm_uint8_t fontpage_203_183_183[55] U8G_FONT_SECTION("fontpage_203_183_183") = {
  0x00,0x10,0x13,0x00,0xFC,0x00,0x00,0x00,0x00,0x00,0xB7,0xB7,0x00,0x0E,0xFE,0x00,
  0x00,0x0E,0x10,0x20,0x10,0x01,0xFE,0x11,0x04,0xA1,0x38,0xBA,0xA0,0x93,0xA0,0xA9,
  0x20,0xBB,0xBC,0x88,0xA8,0xFF,0xA8,0x91,0x28,0xA1,0x28,0xBA,0xA8,0x93,0xA8,0xA9,
  0x28,0xBB,0xA8,0x88,0xC8,0xFF,0x88};
const u8g_fntpgm_uint8_t fontpage_203_185_185[55] U8G_FONT_SECTION("fontpage_203_185_185") = {
  0x00,0x10,0x13,0x00,0xFC,0x00,0x00,0x00,0x00,0x00,0xB9,0xB9,0x00,0x0E,0xFE,0x00,
  0x00,0x0F,0x10,0x20,0x10,0x00,0xFE,0x02,0x00,0x01,0x00,0x01,0x00,0xFF,0xFE,0x04,
  0x00,0x04,0x00,0x04,0x00,0x07,0xF0,0x04,0x10,0x04,0x10,0x04,0x10,0x08,0x10,0x08,
  0x10,0x10,0x10,0x20,0xA0,0x40,0x40};
const u8g_fntpgm_uint8_t fontpage_203_188_188[53] U8G_FONT_SECTION("fontpage_203_188_188") = {
  0x00,0x10,0x13,0x00,0xFC,0x00,0x00,0x00,0x00,0x00,0xBC,0xBC,0x00,0x0E,0xFF,0x00,
  0x00,0x0F,0x0F,0x1E,0x10,0x00,0xFF,0x20,0x20,0x10,0x20,0x00,0x20,0xFE,0x50,0x20,
  0x50,0x20,0x88,0x3D,0x04,0x26,0x02,0x24,0x60,0x24,0x10,0x24,0x00,0x24,0xC0,0x44,
  0x20,0x54,0x10,0x88,0x08};
const u8g_fntpgm_uint8_t fontpage_203_203_203[55] U8G_FONT_SECTION("fontpage_203_203_203") = {
  0x00,0x10,0x13,0x00,0xFC,0x00,0x00,0x00,0x00,0x00,0xCB,0xCB,0x00,0x0E,0xFE,0x00,
  0x00,0x0F,0x10,0x20,0x10,0x00,0xFE,0x20,0x80,0x10,0x80,0x10,0xFE,0x01,0x00,0xFE,
  0x00,0x21,0xFC,0x20,0x24,0x3C,0x24,0x24,0xA0,0x24,0xA0,0x24,0xBC,0x24,0xA0,0x24,
  0xA0,0x45,0x60,0x55,0x3E,0x8A,0x00};
const u8g_fntpgm_uint8_t fontpage_203_233_233[53] U8G_FONT_SECTION("fontpage_203_233_233") = {
  0x00,0x10,0x13,0x00,0xFC,0x00,0x00,0x00,0x00,0x00,0xE9,0xE9,0x00,0x0D,0xFE,0x00,
  0x00,0x0F,0x0F,0x1E,0x10,0x00,0xFE,0x1F,0xF0,0x10,0x10,0x10,0x10,0x1F,0xF0,0x10,
  0x10,0x10,0x10,0x1F,0xF0,0x01,0x00,0x01,0x00,0xFF,0xFE,0x01,0x00,0x01,0x00,0x01,
  0x00,0x01,0x00,0x01,0x00};
const u8g_fntpgm_uint8_t fontpage_204_135_135[53] U8G_FONT_SECTION("fontpage_204_135_135") = {
  0x00,0x10,0x13,0x00,0xFC,0x00,0x00,0x00,0x00,0x00,0x87,0x87,0x00,0x0D,0xFE,0x00,
  0x00,0x0F,0x0F,0x1E,0x10,0x00,0xFE,0x1F,0xF0,0x10,0x10,0x1F,0xF0,0x10,0x10,0x1F,
  0xF0,0x00,0x00,0x07,0x20,0x78,0x20,0x08,0x20,0x08,0x20,0xFF,0xFE,0x08,0x20,0x10,
  0x20,0x10,0x20,0x20,0x20};
const u8g_fntpgm_uint8_t fontpage_204_142_142[53] U8G_FONT_SECTION("fontpage_204_142_142") = {
  0x00,0x10,0x13,0x00,0xFC,0x00,0x00,0x00,0x00,0x00,0x8E,0x8E,0x00,0x0D,0xFE,0x00,
  0x00,0x0D,0x0F,0x1E,0x10,0x01,0xFE,0x01,0xF8,0xF9,0x08,0x89,0x08,0x89,0x08,0x89,
  0xF8,0xF9,0x08,0x89,0x08,0x89,0x08,0x89,0xF8,0xF9,0x08,0x89,0x08,0x02,0x08,0x02,
  0x08,0x04,0x28,0x08,0x10};
const u8g_fntpgm_uint8_t fontpage_204_175_175[55] U8G_FONT_SECTION("fontpage_204_175_175") = {
  0x00,0x10,0x13,0x00,0xFC,0x00,0x00,0x00,0x00,0x00,0xAF,0xAF,0x00,0x0E,0xFE,0x00,
  0x00,0x0F,0x10,0x20,0x10,0x00,0xFE,0x1F,0xF0,0x10,0x10,0x10,0x10,0x1F,0xF0,0x10,
  0x10,0x10,0x10,0x1F,0xF0,0x00,0x00,0xFF,0xFE,0x01,0x00,0x11,0x00,0x11,0xF8,0x11,
  0x00,0x29,0x00,0x45,0x00,0x83,0xFE};
const u8g_fntpgm_uint8_t fontpage_204_194_194[55] U8G_FONT_SECTION("fontpage_204_194_194") = {
  0x00,0x10,0x13,0x00,0xFC,0x00,0x00,0x00,0x00,0x00,0xC2,0xC2,0x00,0x0E,0xFE,0x00,
  0x00,0x0E,0x10,0x20,0x10,0x01,0xFE,0x00,0x40,0x00,0x40,0xF8,0x40,0x8B,0xF8,0x88,
  0x40,0x88,0x40,0x8F,0xFC,0xF8,0x10,0x88,0x10,0x8B,0xFC,0x88,0x10,0x89,0x10,0xF8,
  0x90,0x88,0x10,0x00,0x50,0x00,0x20};
const u8g_fntpgm_uint8_t fontpage_205_171_171[55] U8G_FONT_SECTION("fontpage_205_171_171") = {
  0x00,0x10,0x13,0x00,0xFC,0x00,0x00,0x00,0x00,0x00,0xAB,0xAB,0x00,0x0E,0xFE,0x00,
  0x00,0x0E,0x10,0x20,0x10,0x01,0xFE,0x10,0x08,0xFE,0xF0,0x10,0x80,0xFE,0x80,0x92,
  0xFC,0xFE,0x90,0x92,0x90,0xFE,0x90,0x10,0x90,0xFE,0x90,0x11,0x10,0x3F,0xE0,0x20,
  0x20,0x3F,0xE0,0x20,0x20,0x3F,0xE0};
const u8g_fntpgm_uint8_t fontpage_205_242_242[55] U8G_FONT_SECTION("fontpage_205_242_242") = {
  0x00,0x10,0x13,0x00,0xFC,0x00,0x00,0x00,0x00,0x00,0xF2,0xF2,0x00,0x0E,0xFE,0x00,
  0x00,0x0D,0x10,0x20,0x10,0x01,0xFE,0x08,0x80,0x08,0x80,0x08,0x80,0x08,0x80,0xFF,
  0xF8,0x88,0x88,0x88,0x88,0x88,0x88,0x88,0x88,0xFF,0xF8,0x88,0x88,0x88,0x88,0x88,
  0x88,0x88,0x88,0xFF,0xF8,0x80,0x08};
const u8g_fntpgm_uint8_t fontpage_205_244_244[53] U8G_FONT_SECTION("fontpage_205_244_244") = {
  0x00,0x10,0x13,0x00,0xFC,0x00,0x00,0x00,0x00,0x00,0xF4,0xF4,0x00,0x0D,0xFE,0x00,
  0x00,0x0F,0x0F,0x1E,0x10,0x00,0xFE,0xFF,0xFE,0x01,0x00,0x01,0x00,0x3F,0xF8,0x21,
  0x08,0x21,0x08,0x3F,0xF8,0x21,0x08,0x21,0x08,0x3F,0xF8,0x11,0x00,0x0A,0x00,0x06,
  0x00,0x19,0xC0,0xE0,0x3E};
const u8g_fntpgm_uint8_t fontpage_206_128_128[55] U8G_FONT_SECTION("fontpage_206_128_128") = {
  0x00,0x10,0x13,0x00,0xFC,0x00,0x00,0x00,0x00,0x00,0x80,0x80,0x00,0x0E,0xFE,0x00,
  0x00,0x0F,0x10,0x20,0x10,0x00,0xFE,0x1F,0xF0,0x10,0x10,0x1F,0xF0,0x10,0x10,0x1F,
  0xF0,0x00,0x00,0xFF,0xFE,0x22,0x00,0x3E,0xF8,0x22,0x88,0x3E,0x90,0x22,0x50,0x2F,
  0x20,0xF2,0x50,0x42,0x88,0x03,0x06};
const u8g_fntpgm_uint8_t fontpage_206_137_137[55] U8G_FONT_SECTION("fontpage_206_137_137") = {
  0x00,0x10,0x13,0x00,0xFC,0x00,0x00,0x00,0x00,0x00,0x89,0x89,0x00,0x0E,0xFE,0x00,
  0x00,0x0F,0x10,0x20,0x10,0x00,0xFE,0x02,0x00,0x02,0x00,0xFF,0xFE,0x04,0x00,0x04,
  0x00,0x0F,0xF0,0x08,0x10,0x18,0x10,0x2F,0xF0,0x48,0x10,0x88,0x10,0x0F,0xF0,0x08,
  0x10,0x08,0x10,0x08,0x50,0x08,0x20};
const u8g_fntpgm_uint8_t fontpage_206_159_159[55] U8G_FONT_SECTION("fontpage_206_159_159") = {
  0x00,0x10,0x13,0x00,0xFC,0x00,0x00,0x00,0x00,0x00,0x9F,0x9F,0x00,0x0E,0xFE,0x00,
  0x00,0x0E,0x10,0x20,0x10,0x00,0xFE,0x22,0x00,0x22,0x7C,0x7F,0x44,0x22,0x44,0x22,
  0x44,0x3E,0x7C,0x22,0x44,0x22,0x44,0x3E,0x44,0x22,0x7C,0x22,0x44,0xFF,0x44,0x04,
  0x84,0x22,0x84,0x41,0x14,0x82,0x08};
const u8g_fntpgm_uint8_t fontpage_206_170_170[55] U8G_FONT_SECTION("fontpage_206_170_170") = {
  0x00,0x10,0x13,0x00,0xFC,0x00,0x00,0x00,0x00,0x00,0xAA,0xAA,0x00,0x0E,0xFE,0x00,
  0x00,0x0F,0x10,0x20,0x10,0x00,0xFE,0x01,0x00,0x01,0x00,0x01,0x00,0x3F,0xF8,0x01,
  0x00,0x01,0x00,0x01,0x00,0xFF,0xFE,0x03,0x80,0x05,0x40,0x09,0x20,0x11,0x10,0x21,
  0x08,0xC1,0x06,0x01,0x00,0x01,0x00};
const u8g_fntpgm_uint8_t fontpage_206_172_172[55] U8G_FONT_SECTION("fontpage_206_172_172") = {
  0x00,0x10,0x13,0x00,0xFC,0x00,0x00,0x00,0x00,0x00,0xAC,0xAC,0x00,0x0E,0xFE,0x00,
  0x00,0x0F,0x10,0x20,0x10,0x00,0xFE,0x01,0x00,0x01,0x00,0x01,0x00,0x01,0x00,0x7F,
  0xFC,0x03,0x80,0x05,0x40,0x05,0x40,0x09,0x20,0x11,0x10,0x21,0x08,0x4F,0xE4,0x81,
  0x02,0x01,0x00,0x01,0x00,0x01,0x00};
const u8g_fntpgm_uint8_t fontpage_206_208_208[55] U8G_FONT_SECTION("fontpage_206_208_208") = {
  0x00,0x10,0x13,0x00,0xFC,0x00,0x00,0x00,0x00,0x00,0xD0,0xD0,0x00,0x0E,0xFE,0x00,
  0x00,0x0F,0x10,0x20,0x10,0x00,0xFE,0x08,0x08,0x08,0x08,0x08,0x08,0x08,0x08,0xFE,
  0xFE,0x08,0x08,0x18,0x18,0x1C,0x18,0x2A,0x28,0x2A,0x28,0x48,0x48,0x88,0x88,0x08,
  0x08,0x08,0x08,0x08,0x28,0x08,0x10};
const u8g_fntpgm_uint8_t fontpage_206_223_223[55] U8G_FONT_SECTION("fontpage_206_223_223") = {
  0x00,0x10,0x13,0x00,0xFC,0x00,0x00,0x00,0x00,0x00,0xDF,0xDF,0x00,0x0E,0xFE,0x00,
  0x00,0x0F,0x10,0x20,0x10,0x00,0xFE,0x01,0x00,0x01,0x00,0xFF,0xFE,0x01,0x00,0x01,
  0x00,0x3F,0xF8,0x21,0x08,0x21,0x08,0x21,0x08,0x3F,0xF8,0x23,0x88,0x05,0x40,0x09,
  0x20,0x31,0x18,0xC1,0x06,0x01,0x00};
const u8g_fntpgm_uint8_t fontpage_206_255_255[55] U8G_FONT_SECTION("fontpage_206_255_255") = {
  0x00,0x10,0x13,0x00,0xFC,0x00,0x00,0x00,0x00,0x00,0xFF,0xFF,0x00,0x0E,0xFE,0x00,
  0x00,0x0F,0x10,0x20,0x10,0x00,0xFE,0x10,0x08,0x10,0x1C,0x11,0xE0,0x11,0x00,0xFD,
  0x00,0x11,0xFC,0x31,0x44,0x39,0x44,0x55,0x44,0x55,0x28,0x91,0x28,0x11,0x10,0x11,
  0x10,0x12,0x28,0x12,0x44,0x14,0x82};
const u8g_fntpgm_uint8_t fontpage_207_229_229[53] U8G_FONT_SECTION("fontpage_207_229_229") = {
  0x00,0x10,0x13,0x00,0xFC,0x00,0x00,0x00,0x00,0x00,0xE5,0xE5,0x00,0x0E,0xFF,0x00,
  0x00,0x0F,0x0F,0x1E,0x10,0x00,0xFF,0x01,0x00,0x01,0x00,0xFF,0xFE,0x05,0x40,0x09,
  0x20,0x11,0x10,0x3F,0xF8,0xD0,0x16,0x10,0x10,0x1F,0xF0,0x10,0x10,0x10,0x10,0x1F,
  0xF0,0x00,0x00,0xFF,0xFE};
const u8g_fntpgm_uint8_t fontpage_207_241_241[55] U8G_FONT_SECTION("fontpage_207_241_241") = {
  0x00,0x10,0x13,0x00,0xFC,0x00,0x00,0x00,0x00,0x00,0xF1,0xF1,0x00,0x0E,0xFE,0x00,
  0x00,0x0F,0x10,0x20,0x10,0x00,0xFE,0x10,0x40,0x10,0x20,0x10,0x00,0x13,0xFE,0xFC,
  0x20,0x10,0x20,0x30,0x20,0x38,0x20,0x55,0xFC,0x54,0x20,0x90,0x20,0x10,0x20,0x10,
  0x20,0x10,0x20,0x13,0xFE,0x10,0x00};
const u8g_fntpgm_uint8_t fontpage_208_161_161[55] U8G_FONT_SECTION("fontpage_208_161_161") = {
  0x00,0x10,0x13,0x00,0xFC,0x00,0x00,0x00,0x00,0x00,0xA1,0xA1,0x00,0x0E,0xFE,0x00,
  0x00,0x0F,0x10,0x20,0x10,0x00,0xFE,0x10,0x40,0x10,0x20,0x10,0x20,0x11,0xFE,0xFC,
  0x00,0x10,0x88,0x31,0x04,0x3A,0x02,0x54,0x88,0x50,0x88,0x90,0x50,0x10,0x50,0x10,
  0x20,0x10,0x50,0x10,0x88,0x13,0x06};
const u8g_fntpgm_uint8_t fontpage_208_188_188[55] U8G_FONT_SECTION("fontpage_208_188_188") = {
  0x00,0x10,0x13,0x00,0xFC,0x00,0x00,0x00,0x00,0x00,0xBC,0xBC,0x00,0x0E,0xFE,0x00,
  0x00,0x0F,0x10,0x20,0x10,0x00,0xFE,0x10,0x80,0x10,0x80,0x10,0xF8,0x11,0x08,0xFB,
  0x10,0x14,0xA0,0x30,0x40,0x38,0xA0,0x55,0x18,0x52,0x06,0x95,0xF8,0x11,0x08,0x11,
  0x08,0x11,0x08,0x11,0xF8,0x11,0x08};
const u8g_fntpgm_uint8_t fontpage_208_200_200[55] U8G_FONT_SECTION("fontpage_208_200_200") = {
  0x00,0x10,0x13,0x00,0xFC,0x00,0x00,0x00,0x00,0x00,0xC8,0xC8,0x00,0x0E,0xFE,0x00,
  0x00,0x0F,0x10,0x20,0x10,0x00,0xFE,0x01,0x00,0x7F,0xFC,0x40,0x04,0x04,0x00,0xFF,
  0xFE,0x08,0x20,0x1E,0x40,0x03,0xC0,0x3C,0x38,0x01,0x00,0xFF,0xFE,0x05,0x40,0x09,
  0x20,0x31,0x18,0xC1,0x06,0x01,0x00};
const u8g_fntpgm_uint8_t fontpage_208_255_255[55] U8G_FONT_SECTION("fontpage_208_255_255") = {
  0x00,0x10,0x13,0x00,0xFC,0x00,0x00,0x00,0x00,0x00,0xFF,0xFF,0x00,0x0E,0xFE,0x00,
  0x00,0x0F,0x10,0x20,0x10,0x00,0xFE,0x10,0x00,0x11,0xFC,0x11,0x04,0x11,0xFC,0xFD,
  0x04,0x11,0xFC,0x30,0x00,0x38,0x00,0x55,0xFC,0x54,0x20,0x90,0x20,0x13,0xFE,0x10,
  0x20,0x10,0x20,0x10,0x20,0x10,0x20};
const u8g_fntpgm_uint8_t fontpage_209_157_157[55] U8G_FONT_SECTION("fontpage_209_157_157") = {
  0x00,0x10,0x13,0x00,0xFC,0x00,0x00,0x00,0x00,0x00,0x9D,0x9D,0x00,0x0E,0xFE,0x00,
  0x00,0x0F,0x10,0x20,0x10,0x00,0xFE,0x08,0x40,0x08,0x40,0x10,0xFC,0x10,0x88,0x35,
  0x50,0x54,0x20,0x94,0xD8,0x17,0x26,0x14,0x20,0x15,0xFC,0x14,0x20,0x14,0xA8,0x15,
  0x24,0x12,0x22,0x10,0xA0,0x10,0x40};
const u8g_fntpgm_uint8_t fontpage_209_175_175[55] U8G_FONT_SECTION("fontpage_209_175_175") = {
  0x00,0x10,0x13,0x00,0xFC,0x00,0x00,0x00,0x00,0x00,0xAF,0xAF,0x00,0x0E,0xFE,0x00,
  0x00,0x0F,0x10,0x20,0x10,0x00,0xFE,0x11,0x08,0x10,0x88,0x10,0x90,0x11,0xFC,0xFC,
  0x24,0x10,0x24,0x31,0xFC,0x39,0x20,0x55,0x20,0x51,0xFE,0x90,0x62,0x10,0xA2,0x11,
  0x2A,0x12,0x24,0x14,0x20,0x10,0x20};
const u8g_fntpgm_uint8_t fontpage_209_196_196[55] U8G_FONT_SECTION("fontpage_209_196_196") = {
  0x00,0x10,0x13,0x00,0xFC,0x00,0x00,0x00,0x00,0x00,0xC4,0xC4,0x00,0x0E,0xFE,0x00,
  0x00,0x0F,0x10,0x20,0x10,0x00,0xFE,0x02,0x00,0x01,0x00,0x7F,0xFC,0x10,0x10,0x3F,
  0xF8,0x01,0x08,0x11,0x10,0xFF,0xFE,0x11,0x10,0x1F,0xF0,0x01,0x00,0x7F,0xFC,0x05,
  0x40,0x19,0x30,0xE1,0x0E,0x01,0x00};
const u8g_fntpgm_uint8_t fontpage_211_253_253[55] U8G_FONT_SECTION("fontpage_211_253_253") = {
  0x00,0x10,0x13,0x00,0xFC,0x00,0x00,0x00,0x00,0x00,0xFD,0xFD,0x00,0x0E,0xFE,0x00,
  0x00,0x0F,0x10,0x20,0x10,0x00,0xFE,0x10,0x90,0x10,0x90,0x17,0xFE,0x10,0x90,0xFB,
  0xFC,0x12,0x94,0x33,0xFC,0x3A,0x94,0x57,0xFC,0x50,0x00,0x91,0xF8,0x11,0x08,0x11,
  0xF8,0x11,0x08,0x11,0xF8,0x11,0x08};
const u8g_fntpgm_uint8_t fontpage_212_161_161[55] U8G_FONT_SECTION("fontpage_212_161_161") = {
  0x00,0x10,0x13,0x00,0xFC,0x00,0x00,0x00,0x00,0x00,0xA1,0xA1,0x00,0x0E,0xFE,0x00,
  0x00,0x0F,0x10,0x20,0x10,0x00,0xFE,0x11,0x10,0x11,0x10,0x17,0xFC,0x11,0x10,0xFC,
  0x00,0x13,0xF8,0x32,0x08,0x3B,0xF8,0x56,0x08,0x53,0xF8,0x90,0x40,0x17,0xFC,0x10,
  0xA0,0x11,0x10,0x12,0x08,0x14,0x06};
const u8g_fntpgm_uint8_t fontpage_212_217_217[55] U8G_FONT_SECTION("fontpage_212_217_217") = {
  0x00,0x10,0x13,0x00,0xFC,0x00,0x00,0x00,0x00,0x00,0xD9,0xD9,0x00,0x0E,0xFE,0x00,
  0x00,0x0F,0x10,0x20,0x10,0x00,0xFE,0x10,0x20,0x17,0xA4,0x10,0xA8,0x12,0x92,0xF9,
  0x14,0x12,0x08,0x35,0xF4,0x38,0x02,0x57,0xF8,0x52,0x08,0x92,0x08,0x13,0xF8,0x12,
  0x08,0x11,0x10,0x1F,0xFE,0x10,0x00};
const u8g_fntpgm_uint8_t fontpage_212_223_223[55] U8G_FONT_SECTION("fontpage_212_223_223") = {
  0x00,0x10,0x13,0x00,0xFC,0x00,0x00,0x00,0x00,0x00,0xDF,0xDF,0x00,0x0E,0xFE,0x00,
  0x00,0x0F,0x10,0x20,0x10,0x00,0xFE,0x11,0x24,0x11,0x24,0x12,0xAA,0x13,0xAE,0xF9,
  0x24,0x12,0xAA,0x33,0xAE,0x39,0x24,0x57,0xFE,0x51,0x10,0x91,0x14,0x11,0x14,0x12,
  0x8A,0x12,0x4A,0x12,0x16,0x14,0x22};
const u8g_fntpgm_uint8_t fontpage_213_148_148[55] U8G_FONT_SECTION("fontpage_213_148_148") = {
  0x00,0x10,0x13,0x00,0xFC,0x00,0x00,0x00,0x00,0x00,0x94,0x94,0x00,0x0E,0xFE,0x00,
  0x00,0x0F,0x10,0x20,0x10,0x00,0xFE,0x10,0x20,0x11,0x24,0x10,0xA8,0x13,0xFE,0xFE,
  0x02,0x10,0xF8,0x30,0x88,0x38,0x88,0x54,0xF8,0x54,0x00,0x91,0xFC,0x11,0x24,0x11,
  0xFC,0x11,0x24,0x11,0xFC,0x11,0x04};
const u8g_fntpgm_uint8_t fontpage_213_162_162[55] U8G_FONT_SECTION("fontpage_213_162_162") = {
  0x00,0x10,0x13,0x00,0xFC,0x00,0x00,0x00,0x00,0x00,0xA2,0xA2,0x00,0x0E,0xFE,0x00,
  0x00,0x0F,0x10,0x20,0x10,0x00,0xFE,0x10,0x20,0x10,0x20,0x10,0x50,0x10,0x88,0xFD,
  0x04,0x12,0xFA,0x30,0x00,0x38,0x00,0x55,0xDC,0x55,0x54,0x91,0x54,0x11,0xDC,0x10,
  0x88,0x10,0x88,0x11,0x54,0x12,0x22};
const u8g_fntpgm_uint8_t fontpage_214_160_161[93] U8G_FONT_SECTION("fontpage_214_160_161") = {
  0x00,0x10,0x13,0x00,0xFC,0x00,0x00,0x00,0x00,0x00,0xA0,0xA1,0x00,0x0E,0xFE,0x00,
  0x00,0x0F,0x10,0x20,0x10,0x00,0xFE,0x08,0x00,0x08,0x00,0x08,0x00,0x0F,0xFC,0x10,
  0x04,0x11,0x08,0x21,0x10,0x41,0x00,0x01,0x00,0x02,0x80,0x02,0x80,0x04,0x40,0x08,
  0x20,0x10,0x10,0x20,0x08,0xC0,0x06,0x0F,0x10,0x20,0x10,0x00,0xFE,0x00,0x80,0x40,
  0x80,0x20,0x80,0x20,0xFC,0x01,0x04,0x09,0x08,0x0A,0x40,0x14,0x40,0x10,0x40,0xE0,
  0xA0,0x20,0xA0,0x21,0x10,0x21,0x10,0x22,0x08,0x24,0x04,0x08,0x02};
const u8g_fntpgm_uint8_t fontpage_214_226_229[161] U8G_FONT_SECTION("fontpage_214_226_229") = {
  0x00,0x10,0x13,0x00,0xFC,0x00,0x00,0x00,0x00,0x00,0xE2,0xE5,0x00,0x0E,0xFE,0x00,
  0x00,0x0F,0x0F,0x1E,0x10,0x00,0xFF,0x01,0x00,0x01,0x00,0x01,0x00,0x01,0x00,0x11,
  0x00,0x11,0x00,0x11,0xF8,0x11,0x00,0x11,0x00,0x11,0x00,0x11,0x00,0x11,0x00,0x11,
  0x00,0x11,0x00,0xFF,0xFE,0x0F,0x0E,0x1C,0x10,0x00,0xFF,0x7F,0xFC,0x01,0x00,0x01,
  0x00,0x01,0x00,0x01,0x00,0x11,0x00,0x11,0xF8,0x11,0x00,0x11,0x00,0x11,0x00,0x11,
  0x00,0x11,0x00,0x11,0x00,0xFF,0xFE,0x0F,0x0F,0x1E,0x10,0x00,0xFF,0x04,0x40,0x04,
  0x40,0x04,0x40,0x24,0x44,0x24,0x48,0x27,0x50,0x24,0x60,0x24,0x40,0x24,0x40,0x24,
  0x40,0x24,0x40,0x24,0x42,0x2F,0x42,0xF0,0x42,0x40,0x3E,0x0F,0x10,0x20,0x10,0x00,
  0xFE,0x01,0x00,0x01,0x00,0x11,0xF8,0x11,0x00,0x11,0x00,0x11,0x00,0xFF,0xFE,0x01,
  0x00,0x01,0x00,0x11,0x08,0x11,0x10,0x21,0x20,0x40,0xC0,0x03,0x00,0x1C,0x00,0xE0,
  0x00};
const u8g_fntpgm_uint8_t fontpage_214_248_248[55] U8G_FONT_SECTION("fontpage_214_248_248") = {
  0x00,0x10,0x13,0x00,0xFC,0x00,0x00,0x00,0x00,0x00,0xF8,0xF8,0x00,0x0E,0xFE,0x00,
  0x00,0x0F,0x10,0x20,0x10,0x00,0xFE,0x10,0x00,0x7D,0xFC,0x44,0x04,0x7C,0xFC,0x40,
  0x04,0x7D,0xFC,0x44,0x00,0x7F,0xFE,0x12,0x22,0x10,0x20,0x5D,0xFC,0x51,0x24,0x51,
  0x24,0x5D,0x34,0xE1,0x28,0x00,0x20};
const u8g_fntpgm_uint8_t fontpage_215_181_181[55] U8G_FONT_SECTION("fontpage_215_181_181") = {
  0x00,0x10,0x13,0x00,0xFC,0x00,0x00,0x00,0x00,0x00,0xB5,0xB5,0x00,0x0E,0xFE,0x00,
  0x00,0x0F,0x10,0x20,0x10,0x00,0xFE,0x06,0x00,0x38,0xF8,0x20,0x88,0x20,0x88,0x20,
  0x88,0x3C,0x86,0x21,0x00,0x20,0x00,0x3D,0xFC,0x20,0x84,0x20,0x88,0x2C,0x50,0xF0,
  0x20,0x20,0x50,0x20,0x88,0x23,0x06};
const u8g_fntpgm_uint8_t fontpage_215_188_188[55] U8G_FONT_SECTION("fontpage_215_188_188") = {
  0x00,0x10,0x13,0x00,0xFC,0x00,0x00,0x00,0x00,0x00,0xBC,0xBC,0x00,0x0E,0xFE,0x00,
  0x00,0x0F,0x10,0x20,0x10,0x00,0xFE,0x08,0x00,0x08,0x78,0x7F,0x48,0x08,0x48,0x3E,
  0x48,0x00,0x86,0x7F,0x00,0x41,0xFC,0xBE,0x44,0x00,0x44,0x3C,0x28,0x24,0x28,0x25,
  0x10,0x26,0x28,0x44,0x44,0x81,0x82};
const u8g_fntpgm_uint8_t fontpage_215_212_212[53] U8G_FONT_SECTION("fontpage_215_212_212") = {
  0x00,0x10,0x13,0x00,0xFC,0x00,0x00,0x00,0x00,0x00,0xD4,0xD4,0x00,0x0E,0xFF,0x00,
  0x00,0x0D,0x0F,0x1E,0x10,0x02,0xFF,0x02,0x00,0x82,0x00,0x82,0x00,0x82,0x10,0x82,
  0x20,0x82,0x40,0xFA,0x80,0x83,0x00,0x82,0x00,0x82,0x00,0x82,0x00,0x82,0x08,0x9A,
  0x08,0xE2,0x08,0x81,0xF8};
const u8g_fntpgm_uint8_t fontpage_216_163_163[55] U8G_FONT_SECTION("fontpage_216_163_163") = {
  0x00,0x10,0x13,0x00,0xFC,0x00,0x00,0x00,0x00,0x00,0xA3,0xA3,0x00,0x0E,0xFE,0x00,
  0x00,0x0F,0x10,0x20,0x10,0x00,0xFE,0x10,0x00,0x10,0x00,0x3F,0xFC,0x20,0x00,0x4F,
  0xF0,0x80,0x00,0x3F,0xF0,0x04,0x10,0x24,0x90,0x15,0x10,0x7F,0xD0,0x0E,0x10,0x15,
  0x0A,0x24,0x8A,0x44,0x46,0x04,0x02};
const u8g_fntpgm_uint8_t fontpage_216_194_194[55] U8G_FONT_SECTION("fontpage_216_194_194") = {
  0x00,0x10,0x13,0x00,0xFC,0x00,0x00,0x00,0x00,0x00,0xC2,0xC2,0x00,0x0E,0xFE,0x00,
  0x00,0x0E,0x10,0x20,0x10,0x01,0xFE,0x02,0x40,0x02,0x20,0x02,0x00,0xFF,0xF8,0x02,
  0x00,0x42,0x10,0x22,0x20,0x13,0x40,0x06,0x80,0x0A,0x40,0x12,0x20,0x22,0x10,0xC2,
  0x0C,0x02,0x00,0x0A,0x00,0x04,0x00};
const u8g_fntpgm_uint8_t fontpage_217_146_146[55] U8G_FONT_SECTION("fontpage_217_146_146") = {
  0x00,0x10,0x13,0x00,0xFC,0x00,0x00,0x00,0x00,0x00,0x92,0x92,0x00,0x0E,0xFE,0x00,
  0x00,0x0F,0x10,0x20,0x10,0x00,0xFE,0x00,0x80,0x20,0x80,0x10,0xFC,0x11,0x04,0x81,
  0x04,0x42,0x28,0x48,0x10,0x0B,0xFC,0x11,0x04,0x10,0x88,0xE0,0x88,0x20,0x50,0x20,
  0x20,0x20,0x50,0x21,0x88,0x06,0x06};
const u8g_fntpgm_uint8_t fontpage_217_213_213[55] U8G_FONT_SECTION("fontpage_217_213_213") = {
  0x00,0x10,0x13,0x00,0xFC,0x00,0x00,0x00,0x00,0x00,0xD5,0xD5,0x00,0x0E,0xFE,0x00,
  0x00,0x0F,0x10,0x20,0x10,0x00,0xFE,0x00,0x40,0x20,0x40,0x10,0x40,0x10,0x40,0x87,
  0xFC,0x40,0x40,0x40,0x40,0x10,0x40,0x1F,0xFE,0x20,0x40,0xE0,0x80,0x21,0x00,0x22,
  0x10,0x24,0x08,0x2F,0xFC,0x04,0x04};
const u8g_fntpgm_uint8_t fontpage_217_232_232[53] U8G_FONT_SECTION("fontpage_217_232_232") = {
  0x00,0x10,0x13,0x00,0xFC,0x00,0x00,0x00,0x00,0x00,0xE8,0xE8,0x00,0x0E,0xFF,0x00,
  0x00,0x0F,0x0F,0x1E,0x10,0x00,0xFF,0x00,0x80,0x20,0x40,0x10,0x00,0x17,0xFC,0x80,
  0x40,0x40,0x40,0x40,0x40,0x10,0x40,0x13,0xFC,0x20,0x40,0xE0,0x40,0x20,0x40,0x20,
  0x40,0x20,0x40,0x2F,0xFE};
const u8g_fntpgm_uint8_t fontpage_218_193_193[55] U8G_FONT_SECTION("fontpage_218_193_193") = {
  0x00,0x10,0x13,0x00,0xFC,0x00,0x00,0x00,0x00,0x00,0xC1,0xC1,0x00,0x0E,0xFE,0x00,
  0x00,0x0F,0x10,0x20,0x10,0x00,0xFE,0x00,0x80,0x20,0x40,0x17,0xFE,0x10,0x80,0x81,
  0x10,0x42,0x08,0x47,0xFC,0x10,0x04,0x10,0x00,0x22,0x48,0xE2,0x48,0x22,0x48,0x22,
  0x48,0x22,0x4A,0x24,0x4A,0x08,0x46};
const u8g_fntpgm_uint8_t fontpage_219_136_136[55] U8G_FONT_SECTION("fontpage_219_136_136") = {
  0x00,0x10,0x13,0x00,0xFC,0x00,0x00,0x00,0x00,0x00,0x88,0x88,0x00,0x0E,0xFE,0x00,
  0x00,0x0D,0x10,0x20,0x10,0x00,0xFE,0x00,0x40,0x22,0x48,0x11,0x48,0x11,0x50,0x80,
  0x40,0x43,0xF8,0x4A,0x08,0x0A,0x08,0x13,0xF8,0x12,0x08,0xE2,0x08,0x23,0xF8,0x22,
  0x08,0x22,0x08,0x22,0x28,0x02,0x10};
const u8g_fntpgm_uint8_t fontpage_219_178_178[55] U8G_FONT_SECTION("fontpage_219_178_178") = {
  0x00,0x10,0x13,0x00,0xFC,0x00,0x00,0x00,0x00,0x00,0xB2,0xB2,0x00,0x0E,0xFE,0x00,
  0x00,0x0F,0x10,0x20,0x10,0x00,0xFE,0x00,0x80,0x20,0x40,0x17,0xFE,0x11,0x20,0x81,
  0x20,0x42,0x3C,0x42,0x44,0x16,0x64,0x12,0x94,0x23,0x48,0xE2,0x48,0x22,0x30,0x22,
  0x20,0x22,0x50,0x22,0x88,0x03,0x06};
const u8g_fntpgm_uint8_t fontpage_219_225_225[55] U8G_FONT_SECTION("fontpage_219_225_225") = {
  0x00,0x10,0x13,0x00,0xFC,0x00,0x00,0x00,0x00,0x00,0xE1,0xE1,0x00,0x0E,0xFE,0x00,
  0x00,0x0F,0x10,0x20,0x10,0x00,0xFE,0x00,0x40,0x22,0x44,0x12,0x44,0x14,0x48,0x80,
  0xA0,0x41,0x10,0x46,0x08,0x10,0x44,0x10,0x40,0x22,0x48,0xE2,0x48,0x24,0x50,0x20,
  0xA0,0x21,0x10,0x22,0x08,0x0C,0x06};
const u8g_fntpgm_uint8_t fontpage_219_247_247[53] U8G_FONT_SECTION("fontpage_219_247_247") = {
  0x00,0x10,0x13,0x00,0xFC,0x00,0x00,0x00,0x00,0x00,0xF7,0xF7,0x00,0x0D,0xFE,0x00,
  0x00,0x0F,0x0F,0x1E,0x10,0x00,0xFE,0x27,0xFC,0x14,0x04,0x14,0x04,0x87,0xFC,0x44,
  0x04,0x44,0x04,0x17,0xFC,0x10,0x00,0x24,0x20,0xE4,0x22,0x27,0xAC,0x24,0x30,0x24,
  0x22,0x25,0xA2,0x06,0x1E};
const u8g_fntpgm_uint8_t fontpage_220_133_133[55] U8G_FONT_SECTION("fontpage_220_133_133") = {
  0x00,0x10,0x13,0x00,0xFC,0x00,0x00,0x00,0x00,0x00,0x85,0x85,0x00,0x0E,0xFE,0x00,
  0x00,0x0F,0x10,0x20,0x10,0x00,0xFE,0x20,0x40,0x10,0x40,0x17,0xFC,0x00,0x40,0x83,
  0xF8,0x40,0x40,0x4F,0xFE,0x08,0x00,0x13,0xF8,0x12,0x08,0x13,0xF8,0xE2,0x08,0x23,
  0xF8,0x22,0x08,0x22,0x28,0x02,0x10};
const u8g_fntpgm_uint8_t fontpage_220_172_172[55] U8G_FONT_SECTION("fontpage_220_172_172") = {
  0x00,0x10,0x13,0x00,0xFC,0x00,0x00,0x00,0x00,0x00,0xAC,0xAC,0x00,0x0E,0xFE,0x00,
  0x00,0x0F,0x10,0x20,0x10,0x00,0xFE,0x00,0x02,0x27,0xC2,0x14,0x42,0x14,0x52,0x87,
  0xD2,0x44,0x52,0x44,0x52,0x17,0xD2,0x14,0x52,0x24,0x52,0xE7,0xD2,0x20,0x02,0x22,
  0x82,0x22,0x42,0x24,0x4A,0x08,0x04};
const u8g_fntpgm_uint8_t fontpage_221_144_144[53] U8G_FONT_SECTION("fontpage_221_144_144") = {
  0x00,0x10,0x13,0x00,0xFC,0x00,0x00,0x00,0x00,0x00,0x90,0x90,0x00,0x0D,0xFE,0x00,
  0x00,0x0F,0x0F,0x1E,0x10,0x00,0xFE,0x27,0xFE,0x14,0x20,0x14,0x40,0x85,0xFC,0x45,
  0x04,0x45,0xFC,0x15,0x04,0x15,0xFC,0x25,0x24,0xE4,0x20,0x24,0xA8,0x29,0x24,0x2A,
  0x22,0x30,0xA0,0x00,0x40};
const u8g_fntpgm_uint8_t fontpage_221_150_150[55] U8G_FONT_SECTION("fontpage_221_150_150") = {
  0x00,0x10,0x13,0x00,0xFC,0x00,0x00,0x00,0x00,0x00,0x96,0x96,0x00,0x0E,0xFE,0x00,
  0x00,0x0F,0x10,0x20,0x10,0x00,0xFE,0x21,0x40,0x11,0x20,0x83,0xFC,0x52,0x40,0x17,
  0xF8,0x2A,0x40,0xE3,0xF8,0x22,0x40,0x23,0xFC,0x22,0x00,0x01,0x00,0xFF,0xFE,0x01,
  0x00,0x01,0x00,0x01,0x00,0x01,0x00};
const u8g_fntpgm_uint8_t fontpage_221_162_162[53] U8G_FONT_SECTION("fontpage_221_162_162") = {
  0x00,0x10,0x13,0x00,0xFC,0x00,0x00,0x00,0x00,0x00,0xA2,0xA2,0x00,0x0E,0xFF,0x00,
  0x00,0x0F,0x0F,0x1E,0x10,0x00,0xFF,0x02,0x08,0x21,0x08,0x11,0x10,0x10,0x00,0x87,
  0xFC,0x40,0x00,0x41,0x10,0x12,0x08,0x14,0x04,0x23,0xF8,0xE2,0xA8,0x22,0xA8,0x22,
  0xA8,0x22,0xA8,0x2F,0xFE};
const u8g_fntpgm_uint8_t fontpage_221_171_171[53] U8G_FONT_SECTION("fontpage_221_171_171") = {
  0x00,0x10,0x13,0x00,0xFC,0x00,0x00,0x00,0x00,0x00,0xAB,0xAB,0x00,0x0E,0xFF,0x00,
  0x00,0x0F,0x0F,0x1E,0x10,0x00,0xFF,0x40,0x00,0x23,0xF8,0x22,0x48,0x0A,0x48,0x8A,
  0xA8,0x53,0x08,0x53,0xF8,0x22,0x08,0x20,0x00,0xC7,0xFC,0x44,0xA4,0x44,0xA4,0x44,
  0xA4,0x44,0xA4,0x4F,0xFE};
const u8g_fntpgm_uint8_t fontpage_221_209_209[53] U8G_FONT_SECTION("fontpage_221_209_209") = {
  0x00,0x10,0x13,0x00,0xFC,0x00,0x00,0x00,0x00,0x00,0xD1,0xD1,0x00,0x0D,0xFE,0x00,
  0x00,0x0F,0x0F,0x1E,0x10,0x00,0xFE,0x23,0xF8,0x12,0x08,0x13,0xC8,0x82,0x48,0x4F,
  0xFE,0x48,0x02,0x13,0xF8,0x12,0x08,0x23,0xF8,0xE2,0x08,0x23,0xF8,0x22,0x08,0x22,
  0x08,0x22,0x28,0x02,0x10};
const u8g_fntpgm_uint8_t fontpage_221_255_255[55] U8G_FONT_SECTION("fontpage_221_255_255") = {
  0x00,0x10,0x13,0x00,0xFC,0x00,0x00,0x00,0x00,0x00,0xFF,0xFF,0x00,0x0E,0xFE,0x00,
  0x00,0x0E,0x10,0x20,0x10,0x00,0xFE,0x01,0x10,0x21,0x10,0x17,0xFC,0x11,0x10,0x81,
  0x10,0x41,0xF0,0x40,0x40,0x17,0xFC,0x14,0x44,0x26,0x64,0xE5,0x54,0x26,0xEC,0x24,
  0x44,0x24,0x44,0x24,0x54,0x04,0x48};
const u8g_fntpgm_uint8_t fontpage_222_184_184[55] U8G_FONT_SECTION("fontpage_222_184_184") = {
  0x00,0x10,0x13,0x00,0xFC,0x00,0x00,0x00,0x00,0x00,0xB8,0xB8,0x00,0x0E,0xFE,0x00,
  0x00,0x0F,0x10,0x20,0x10,0x00,0xFE,0x02,0x00,0x42,0x02,0x22,0x3C,0x2F,0xA0,0x02,
  0x20,0x8F,0xA0,0x4A,0xBE,0x4F,0xA4,0x1A,0xA4,0x2F,0xA4,0xE2,0x24,0x2F,0xA4,0x22,
  0x24,0x22,0x44,0x22,0x44,0x02,0x84};
const u8g_fntpgm_uint8_t fontpage_224_235_235[55] U8G_FONT_SECTION("fontpage_224_235_235") = {
  0x00,0x10,0x13,0x00,0xFC,0x00,0x00,0x00,0x00,0x00,0xEB,0xEB,0x00,0x0E,0xFE,0x00,
  0x00,0x0F,0x10,0x20,0x10,0x00,0xFE,0x01,0x00,0x01,0x00,0x01,0x00,0x11,0x08,0x11,
  0x08,0x11,0x10,0x21,0x20,0x21,0x00,0x42,0x80,0x02,0x80,0x04,0x40,0x04,0x40,0x08,
  0x20,0x10,0x10,0x20,0x08,0xC0,0x06};
const u8g_fntpgm_uint8_t fontpage_225_186_186[55] U8G_FONT_SECTION("fontpage_225_186_186") = {
  0x00,0x10,0x13,0x00,0xFC,0x00,0x00,0x00,0x00,0x00,0xBA,0xBA,0x00,0x0E,0xFE,0x00,
  0x00,0x0E,0x10,0x20,0x10,0x00,0xFE,0x02,0x00,0x12,0x00,0x0A,0x00,0x7F,0xF0,0x04,
  0x20,0x04,0x40,0x0F,0xF8,0x08,0x08,0x10,0x10,0x1F,0xFC,0x20,0x04,0x2A,0xA4,0x4A,
  0xA4,0x90,0x04,0x00,0x28,0x00,0x10};
const u8g_fntpgm_uint8_t fontpage_226_161_161[55] U8G_FONT_SECTION("fontpage_226_161_161") = {
  0x00,0x10,0x13,0x00,0xFC,0x00,0x00,0x00,0x00,0x00,0xA1,0xA1,0x00,0x0E,0xFE,0x00,
  0x00,0x0E,0x10,0x20,0x10,0x00,0xFE,0x10,0x00,0x10,0x00,0x1F,0xFC,0x2A,0xA0,0x4A,
  0xA0,0x0A,0xA0,0x7F,0xFC,0x0A,0xA0,0x0A,0xA0,0x0A,0xA0,0x7F,0xFC,0x00,0x00,0x24,
  0x88,0x22,0x44,0x42,0x44,0x80,0x04};
const u8g_fntpgm_uint8_t fontpage_227_177_177[55] U8G_FONT_SECTION("fontpage_227_177_177") = {
  0x00,0x10,0x13,0x00,0xFC,0x00,0x00,0x00,0x00,0x00,0xB1,0xB1,0x00,0x0E,0xFE,0x00,
  0x00,0x0F,0x10,0x20,0x10,0x00,0xFE,0x10,0x40,0x10,0x40,0x7C,0x40,0x10,0xF8,0xFE,
  0x48,0x44,0x48,0x92,0xC8,0x7C,0x48,0x10,0xAA,0x1C,0xAA,0xE1,0x06,0x42,0x02,0x00,
  0x00,0x48,0x88,0x44,0x44,0x84,0x44};
const u8g_fntpgm_uint8_t fontpage_227_200_200[55] U8G_FONT_SECTION("fontpage_227_200_200") = {
  0x00,0x10,0x13,0x00,0xFC,0x00,0x00,0x00,0x00,0x00,0xC8,0xC8,0x00,0x0E,0xFE,0x00,
  0x00,0x0F,0x10,0x20,0x10,0x00,0xFE,0x20,0x20,0x27,0xA4,0x20,0xA8,0x2A,0x92,0xB1,
  0x14,0xA2,0x08,0xA5,0xF4,0xA8,0x02,0x23,0xF8,0x22,0x08,0x22,0x08,0x23,0xF8,0x52,
  0x08,0x49,0x10,0x4F,0xFE,0x80,0x00};
const u8g_fntpgm_uint8_t fontpage_228_199_200[93] U8G_FONT_SECTION("fontpage_228_199_200") = {
  0x00,0x10,0x13,0x00,0xFC,0x00,0x00,0x00,0x00,0x00,0xC7,0xC8,0x00,0x0E,0xFE,0x00,
  0x00,0x0D,0x10,0x20,0x10,0x01,0xFE,0x00,0x80,0x20,0x80,0x20,0x80,0x20,0x80,0x20,
  0x80,0x3F,0xF8,0x20,0x00,0x20,0x00,0x20,0x00,0x3F,0xC0,0x20,0x40,0x20,0x40,0x20,
  0x40,0x40,0x40,0x40,0x40,0x80,0x40,0x0F,0x10,0x20,0x10,0x00,0xFE,0x08,0x08,0x48,
  0x1C,0x49,0xE0,0x49,0x00,0x49,0x00,0x7D,0xFC,0x41,0x44,0x41,0x44,0x79,0x44,0x49,
  0x28,0x49,0x28,0x49,0x10,0x49,0x10,0x4A,0x28,0x4A,0x44,0x8C,0x82};
const u8g_fntpgm_uint8_t fontpage_228_233_233[55] U8G_FONT_SECTION("fontpage_228_233_233") = {
  0x00,0x10,0x13,0x00,0xFC,0x00,0x00,0x00,0x00,0x00,0xE9,0xE9,0x00,0x0E,0xFE,0x00,
  0x00,0x0E,0x10,0x20,0x10,0x00,0xFE,0x10,0x80,0x10,0x80,0x50,0x80,0x50,0xFC,0x7D,
  0x54,0x52,0x54,0x90,0x54,0x10,0x94,0x1C,0x94,0xF1,0x24,0x52,0x24,0x10,0x44,0x10,
  0x44,0x10,0x84,0x11,0x28,0x10,0x10};
const u8g_fntpgm_uint8_t fontpage_229_192_192[55] U8G_FONT_SECTION("fontpage_229_192_192") = {
  0x00,0x10,0x13,0x00,0xFC,0x00,0x00,0x00,0x00,0x00,0xC0,0xC0,0x00,0x0E,0xFE,0x00,
  0x00,0x0F,0x10,0x20,0x10,0x00,0xFE,0x04,0x20,0x24,0x28,0x24,0x24,0x24,0x24,0x24,
  0x20,0x3D,0xFE,0x04,0x20,0x04,0x20,0xFC,0x20,0x24,0x50,0x24,0x50,0x24,0x50,0x24,
  0x88,0x44,0x88,0x45,0x04,0x86,0x02};
const u8g_fntpgm_uint8_t fontpage_231_135_135[55] U8G_FONT_SECTION("fontpage_231_135_135") = {
  0x00,0x10,0x13,0x00,0xFC,0x00,0x00,0x00,0x00,0x00,0x87,0x87,0x00,0x0E,0xFE,0x00,
  0x00,0x0F,0x10,0x20,0x10,0x00,0xFE,0x02,0x00,0x01,0x00,0x7F,0xFC,0x02,0x00,0x44,
  0x44,0x2F,0x88,0x11,0x10,0x22,0x48,0x4F,0xE4,0x00,0x20,0x01,0x00,0xFF,0xFE,0x01,
  0x00,0x01,0x00,0x01,0x00,0x01,0x00};
const u8g_fntpgm_uint8_t fontpage_232_134_134[51] U8G_FONT_SECTION("fontpage_232_134_134") = {
  0x00,0x10,0x13,0x00,0xFC,0x00,0x00,0x00,0x00,0x00,0x86,0x86,0x00,0x0D,0xFF,0x00,
  0x00,0x0F,0x0E,0x1C,0x10,0x00,0xFF,0x01,0xFC,0xFD,0x24,0x11,0x24,0x11,0xFC,0x11,
  0x24,0x11,0x24,0x7D,0xFC,0x10,0x20,0x10,0x20,0x11,0xFC,0x10,0x20,0x1C,0x20,0xE0,
  0x20,0x43,0xFE};
const u8g_fntpgm_uint8_t fontpage_233_176_176[53] U8G_FONT_SECTION("fontpage_233_176_176") = {
  0x00,0x10,0x13,0x00,0xFC,0x00,0x00,0x00,0x00,0x00,0xB0,0xB0,0x00,0x0D,0xFE,0x00,
  0x00,0x0F,0x0F,0x1E,0x10,0x00,0xFE,0x03,0xFC,0xFA,0x94,0x22,0x94,0x23,0xFC,0x20,
  0x00,0xFB,0xFE,0x20,0x00,0x23,0xFC,0x22,0x04,0x23,0xFC,0x38,0xA2,0xE1,0x14,0x43,
  0x08,0x0D,0x44,0x01,0x82};
const u8g_fntpgm_uint8_t fontpage_234_159_159[53] U8G_FONT_SECTION("fontpage_234_159_159") = {
  0x00,0x10,0x13,0x00,0xFC,0x00,0x00,0x00,0x00,0x00,0x9F,0x9F,0x00,0x0E,0xFF,0x00,
  0x00,0x0F,0x0F,0x1E,0x10,0x00,0xFF,0x01,0x00,0x11,0x00,0x11,0x00,0x11,0x00,0x3F,
  0xFC,0x21,0x00,0x41,0x00,0x81,0x00,0x01,0x00,0x3F,0xF8,0x01,0x00,0x01,0x00,0x01,
  0x00,0x01,0x00,0xFF,0xFE};
const u8g_fntpgm_uint8_t fontpage_234_168_168[53] U8G_FONT_SECTION("fontpage_234_168_168") = {
  0x00,0x10,0x13,0x00,0xFC,0x00,0x00,0x00,0x00,0x00,0xA8,0xA8,0x00,0x0D,0xFE,0x00,
  0x00,0x0D,0x0F,0x1E,0x10,0x00,0xFE,0x3F,0xF8,0x21,0x08,0x21,0x08,0x21,0x08,0x3F,
  0xF8,0x21,0x08,0x21,0x08,0x21,0x08,0x3F,0xF8,0x21,0x08,0x21,0x08,0x21,0x08,0x41,
  0x08,0x41,0x28,0x80,0x10};
const u8g_fntpgm_uint8_t fontpage_234_204_204[53] U8G_FONT_SECTION("fontpage_234_204_204") = {
  0x00,0x10,0x13,0x00,0xFC,0x00,0x00,0x00,0x00,0x00,0xCC,0xCC,0x00,0x0D,0xFE,0x00,
  0x00,0x0F,0x0F,0x1E,0x10,0x00,0xFE,0x1F,0xF0,0x11,0x10,0x11,0x10,0x1F,0xF0,0x11,
  0x10,0x11,0x10,0x1F,0xF0,0x02,0x80,0x0C,0x60,0x34,0x58,0xC4,0x46,0x04,0x40,0x08,
  0x40,0x08,0x40,0x10,0x40};
const u8g_fntpgm_uint8_t fontpage_234_229_229[55] U8G_FONT_SECTION("fontpage_234_229_229") = {
  0x00,0x10,0x13,0x00,0xFC,0x00,0x00,0x00,0x00,0x00,0xE5,0xE5,0x00,0x0E,0xFE,0x00,
  0x00,0x0F,0x10,0x20,0x10,0x00,0xFE,0x00,0x80,0x00,0x80,0xF8,0xF8,0xA9,0x08,0xAB,
  0x10,0xAC,0xA0,0xF8,0x40,0xA8,0xA0,0xA9,0x18,0xAA,0x06,0xAD,0xF8,0xF9,0x08,0x89,
  0x08,0x01,0x08,0x01,0xF8,0x01,0x08};
const u8g_fntpgm_uint8_t fontpage_234_240_240[53] U8G_FONT_SECTION("fontpage_234_240_240") = {
  0x00,0x10,0x13,0x00,0xFC,0x00,0x00,0x00,0x00,0x00,0xF0,0xF0,0x00,0x0D,0xFE,0x00,
  0x00,0x0F,0x0F,0x1E,0x10,0x00,0xFE,0x3F,0xF8,0x21,0x08,0x3F,0xF8,0x21,0x08,0x3F,
  0xF8,0x08,0x20,0x08,0x20,0x7F,0xFC,0x08,0x20,0x08,0x20,0xFF,0xFE,0x00,0x00,0x08,
  0x20,0x10,0x10,0x20,0x08};
const u8g_fntpgm_uint8_t fontpage_236_251_254[165] U8G_FONT_SECTION("fontpage_236_251_254") = {
  0x00,0x10,0x13,0x00,0xFC,0x00,0x00,0x00,0x00,0x00,0xFB,0xFE,0x00,0x0E,0xFE,0x00,
  0x00,0x0F,0x0F,0x1E,0x10,0x00,0xFF,0x00,0x80,0x3E,0x90,0x02,0xA4,0x24,0x48,0x14,
  0x50,0x08,0x20,0x17,0xD0,0x20,0x08,0xDF,0xF6,0x10,0x10,0x10,0x10,0x1F,0xF0,0x08,
  0x20,0x04,0x40,0x7F,0xFC,0x0F,0x10,0x20,0x10,0x00,0xFE,0x00,0x90,0x7E,0xA0,0x04,
  0x44,0x28,0x28,0x10,0x10,0x3C,0xF8,0xC4,0x96,0x04,0x90,0x3D,0x0C,0x20,0x00,0x41,
  0xF8,0x7C,0x08,0x04,0xD0,0x04,0x20,0x28,0x50,0x11,0x88,0x0B,0x10,0x20,0x10,0x02,
  0xFE,0x04,0x00,0x08,0x00,0x10,0x00,0xFF,0xE0,0x80,0x20,0x80,0x20,0x80,0x20,0x80,
  0x20,0xFF,0xE0,0x80,0x20,0x80,0x20,0x80,0x20,0x80,0x20,0x80,0x20,0xFF,0xE0,0x80,
  0x20,0x0F,0x0F,0x1E,0x10,0x00,0xFE,0xFF,0xFE,0x01,0x00,0x02,0x00,0x04,0x00,0x3F,
  0xF8,0x20,0x08,0x20,0x08,0x20,0x08,0x3F,0xF8,0x20,0x08,0x20,0x08,0x20,0x08,0x20,
  0x08,0x3F,0xF8,0x20,0x08};
const u8g_fntpgm_uint8_t fontpage_237_132_132[55] U8G_FONT_SECTION("fontpage_237_132_132") = {
  0x00,0x10,0x13,0x00,0xFC,0x00,0x00,0x00,0x00,0x00,0x84,0x84,0x00,0x0E,0xFE,0x00,
  0x00,0x0D,0x10,0x20,0x10,0x01,0xFE,0x20,0x80,0x20,0x80,0x40,0x80,0xFC,0xF8,0x85,
  0x08,0x85,0x08,0x86,0x08,0x84,0x88,0xFC,0x48,0x84,0x48,0x84,0x08,0x84,0x08,0x84,
  0x08,0xFC,0x08,0x84,0x50,0x00,0x20};
const u8g_fntpgm_uint8_t fontpage_237_174_174[55] U8G_FONT_SECTION("fontpage_237_174_174") = {
  0x00,0x10,0x13,0x00,0xFC,0x00,0x00,0x00,0x00,0x00,0xAE,0xAE,0x00,0x0E,0xFE,0x00,
  0x00,0x0F,0x10,0x20,0x10,0x00,0xFE,0x00,0x80,0x00,0x80,0x00,0x80,0x3F,0xFC,0x20,
  0x84,0x20,0x88,0x20,0x80,0x2F,0xF0,0x24,0x10,0x24,0x10,0x22,0x20,0x21,0x40,0x20,
  0x80,0x41,0x40,0x46,0x30,0x98,0x0E};
const u8g_fntpgm_uint8_t fontpage_237_225_225[53] U8G_FONT_SECTION("fontpage_237_225_225") = {
  0x00,0x10,0x13,0x00,0xFC,0x00,0x00,0x00,0x00,0x00,0xE1,0xE1,0x00,0x0E,0xFF,0x00,
  0x00,0x0F,0x0F,0x1E,0x10,0x00,0xFF,0x01,0x00,0x3F,0xF8,0x01,0x08,0xFF,0xFE,0x01,
  0x08,0x3F,0xF8,0x01,0x00,0x7F,0xFC,0x24,0x88,0x42,0x44,0x3F,0xF8,0x24,0x48,0x24,
  0x48,0x24,0x48,0xFF,0xFE};
const u8g_fntpgm_uint8_t fontpage_237_227_228[87] U8G_FONT_SECTION("fontpage_237_227_228") = {
  0x00,0x10,0x13,0x00,0xFC,0x00,0x00,0x00,0x00,0x00,0xE3,0xE4,0x00,0x0E,0xFF,0x00,
  0x00,0x0F,0x0E,0x1C,0x10,0x00,0xFF,0x3F,0x20,0x24,0x20,0x3F,0x3E,0x21,0x40,0x3F,
  0x50,0x24,0x88,0x3F,0x08,0x00,0x00,0x3F,0xF8,0x24,0x48,0x24,0x48,0x24,0x48,0x24,
  0x48,0xFF,0xFE,0x0F,0x0F,0x1E,0x10,0x00,0xFF,0x10,0x78,0x3E,0x48,0x22,0x48,0x2A,
  0x86,0xFF,0x78,0x22,0x48,0x2A,0x28,0x42,0x10,0x4A,0x28,0x84,0x46,0x3F,0xF8,0x24,
  0x48,0x24,0x48,0x24,0x48,0xFF,0xFE};
const u8g_fntpgm_uint8_t fontpage_237_238_238[53] U8G_FONT_SECTION("fontpage_237_238_238") = {
  0x00,0x10,0x13,0x00,0xFC,0x00,0x00,0x00,0x00,0x00,0xEE,0xEE,0x00,0x0D,0xFE,0x00,
  0x00,0x0B,0x0F,0x1E,0x10,0x02,0xFE,0xFF,0xE0,0x80,0x20,0x80,0x20,0x80,0x20,0xFF,
  0xE0,0x80,0x20,0x80,0x20,0x80,0x20,0xFF,0xE0,0x80,0x20,0x80,0x20,0x80,0x20,0x80,
  0x20,0xFF,0xE0,0x80,0x20};
const u8g_fntpgm_uint8_t fontpage_237_244_244[53] U8G_FONT_SECTION("fontpage_237_244_244") = {
  0x00,0x10,0x13,0x00,0xFC,0x00,0x00,0x00,0x00,0x00,0xF4,0xF4,0x00,0x0E,0xFF,0x00,
  0x00,0x0F,0x0F,0x1E,0x10,0x00,0xFF,0x01,0x00,0x01,0x00,0x7F,0xFC,0x01,0x00,0x1F,
  0xF0,0x10,0x10,0x10,0x10,0x1F,0xF0,0x10,0x10,0x1F,0xF0,0x10,0x10,0x1F,0xF0,0x10,
  0x10,0x10,0x10,0xFF,0xFE};
const u8g_fntpgm_uint8_t fontpage_238_160_160[53] U8G_FONT_SECTION("fontpage_238_160_160") = {
  0x00,0x10,0x13,0x00,0xFC,0x00,0x00,0x00,0x00,0x00,0xA0,0xA0,0x00,0x0D,0xFE,0x00,
  0x00,0x0E,0x0F,0x1E,0x10,0x01,0xFE,0x03,0xF8,0xFA,0x08,0x8A,0x08,0x8A,0x08,0xFB,
  0xF8,0x8A,0x40,0x8A,0x40,0xFB,0xFC,0x8A,0x40,0x8A,0x40,0x8A,0x20,0xFA,0x24,0x8A,
  0x94,0x03,0x0C,0x02,0x04};
const u8g_fntpgm_uint8_t fontpage_239_229_229[55] U8G_FONT_SECTION("fontpage_239_229_229") = {
  0x00,0x10,0x13,0x00,0xFC,0x00,0x00,0x00,0x00,0x00,0xE5,0xE5,0x00,0x0E,0xFE,0x00,
  0x00,0x0E,0x10,0x20,0x10,0x00,0xFE,0x20,0x00,0x20,0x00,0x20,0x7C,0x7E,0x44,0x48,
  0x44,0x88,0x44,0x08,0x44,0x08,0x44,0xFF,0x44,0x08,0x44,0x14,0x44,0x14,0x44,0x22,
  0x7C,0x22,0x44,0x42,0x00,0x80,0x00};
const u8g_fntpgm_uint8_t fontpage_239_237_237[55] U8G_FONT_SECTION("fontpage_239_237_237") = {
  0x00,0x10,0x13,0x00,0xFC,0x00,0x00,0x00,0x00,0x00,0xED,0xED,0x00,0x0E,0xFE,0x00,
  0x00,0x0F,0x10,0x20,0x10,0x00,0xFE,0x20,0x00,0x21,0xFE,0x3C,0x00,0x50,0x00,0x90,
  0xFC,0x10,0x84,0x10,0x84,0xFE,0x84,0x10,0xFC,0x10,0x00,0x10,0x84,0x28,0x44,0x24,
  0x48,0x44,0x00,0x41,0xFE,0x80,0x00};
const u8g_fntpgm_uint8_t fontpage_240_236_236[53] U8G_FONT_SECTION("fontpage_240_236_236") = {
  0x00,0x10,0x13,0x00,0xFC,0x00,0x00,0x00,0x00,0x00,0xEC,0xEC,0x00,0x0D,0xFE,0x00,
  0x00,0x0F,0x0F,0x1E,0x10,0x00,0xFE,0x01,0xFE,0xFC,0x20,0x10,0x20,0x11,0xFC,0x21,
  0x24,0x3D,0x24,0x65,0xFC,0x65,0x24,0xA5,0x24,0x25,0xFC,0x25,0x20,0x3C,0xA0,0x24,
  0x40,0x20,0xB0,0x03,0x0E};
const u8g_fntpgm_uint8_t fontpage_241_140_140[53] U8G_FONT_SECTION("fontpage_241_140_140") = {
  0x00,0x10,0x13,0x00,0xFC,0x00,0x00,0x00,0x00,0x00,0x8C,0x8C,0x00,0x0D,0xFE,0x00,
  0x00,0x0F,0x0F,0x1E,0x10,0x00,0xFE,0x01,0xF8,0xF8,0x08,0x20,0x08,0x21,0xF8,0x40,
  0x08,0x78,0x08,0x4B,0xFE,0xC8,0x20,0x4A,0x22,0x49,0x74,0x48,0xA8,0x79,0x24,0x4A,
  0x22,0x00,0xA0,0x00,0x40};
const u8g_fntpgm_uint8_t fontpage_241_159_159[55] U8G_FONT_SECTION("fontpage_241_159_159") = {
  0x00,0x10,0x13,0x00,0xFC,0x00,0x00,0x00,0x00,0x00,0x9F,0x9F,0x00,0x0E,0xFE,0x00,
  0x00,0x0F,0x10,0x20,0x10,0x00,0xFE,0x00,0x90,0x02,0x90,0xFA,0x90,0x27,0xFE,0x22,
  0x90,0x42,0x90,0x7A,0xF0,0xCA,0x00,0x4B,0xFC,0x48,0x40,0x4F,0xFE,0x48,0xE0,0x79,
  0x50,0x42,0x48,0x0C,0x46,0x00,0x40};
const u8g_fntpgm_uint8_t fontpage_241_176_176[53] U8G_FONT_SECTION("fontpage_241_176_176") = {
  0x00,0x10,0x13,0x00,0xFC,0x00,0x00,0x00,0x00,0x00,0xB0,0xB0,0x00,0x0E,0xFF,0x00,
  0x00,0x0F,0x0F,0x1E,0x10,0x00,0xFF,0x01,0x08,0x00,0x90,0xF8,0x00,0x23,0xFC,0x20,
  0x90,0x40,0x90,0x78,0x92,0x4C,0x92,0xCA,0x94,0x4A,0x98,0x48,0x90,0x48,0x90,0x78,
  0x90,0x48,0x90,0x07,0xFE};
const u8g_fntpgm_uint8_t fontpage_241_186_186[55] U8G_FONT_SECTION("fontpage_241_186_186") = {
  0x00,0x10,0x13,0x00,0xFC,0x00,0x00,0x00,0x00,0x00,0xBA,0xBA,0x00,0x0E,0xFE,0x00,
  0x00,0x0F,0x10,0x20,0x10,0x00,0xFE,0x00,0x40,0x00,0x40,0xFB,0xFE,0x22,0xA2,0x20,
  0x90,0x41,0xFE,0x79,0x10,0x4B,0x10,0xCD,0xFE,0x49,0x10,0x49,0x10,0x49,0xFE,0x79,
  0x10,0x49,0x10,0x01,0xFE,0x01,0x00};
const u8g_fntpgm_uint8_t fontpage_241_188_188[53] U8G_FONT_SECTION("fontpage_241_188_188") = {
  0x00,0x10,0x13,0x00,0xFC,0x00,0x00,0x00,0x00,0x00,0xBC,0xBC,0x00,0x0D,0xFE,0x00,
  0x00,0x0F,0x0F,0x1E,0x10,0x00,0xFE,0x01,0xFE,0xF9,0x20,0x21,0xFC,0x21,0x20,0x41,
  0xFC,0x79,0x20,0x49,0x20,0xC9,0xFE,0x48,0x02,0x4A,0xAA,0x4A,0xAA,0x7A,0xAA,0x4A,
  0x02,0x00,0x14,0x00,0x08};
const u8g_fntpgm_uint8_t fontpage_241_218_218[55] U8G_FONT_SECTION("fontpage_241_218_218") = {
  0x00,0x10,0x13,0x00,0xFC,0x00,0x00,0x00,0x00,0x00,0xDA,0xDA,0x00,0x0E,0xFE,0x00,
  0x00,0x0F,0x10,0x20,0x10,0x00,0xFE,0x00,0x20,0x03,0xFE,0xFC,0x20,0x11,0xFC,0x11,
  0x24,0x21,0xFC,0x3D,0x24,0x65,0xFC,0x64,0x22,0xA7,0xFE,0x24,0x08,0x27,0xFE,0x3D,
  0x08,0x24,0x88,0x20,0x28,0x00,0x10};
const u8g_fntpgm_uint8_t fontpage_241_232_232[55] U8G_FONT_SECTION("fontpage_241_232_232") = {
  0x00,0x10,0x13,0x00,0xFC,0x00,0x00,0x00,0x00,0x00,0xE8,0xE8,0x00,0x0E,0xFE,0x00,
  0x00,0x0F,0x10,0x20,0x10,0x00,0xFE,0x00,0x80,0x3F,0xFE,0x22,0x10,0x2F,0x7C,0x22,
  0x10,0x27,0x38,0x2A,0xD4,0x22,0x10,0x2F,0xFC,0x21,0x00,0x22,0x00,0x27,0xF8,0x4A,
  0x08,0x52,0x08,0x83,0xF8,0x02,0x08};
const u8g_fntpgm_uint8_t fontpage_242_142_142[55] U8G_FONT_SECTION("fontpage_242_142_142") = {
  0x00,0x10,0x13,0x00,0xFC,0x00,0x00,0x00,0x00,0x00,0x8E,0x8E,0x00,0x0E,0xFE,0x00,
  0x00,0x0F,0x10,0x20,0x10,0x00,0xFE,0x00,0x88,0x00,0x88,0xFB,0xDE,0x20,0x88,0x21,
  0xDC,0x42,0xAA,0x7C,0x88,0x48,0x00,0xCB,0xFE,0x48,0x22,0x49,0x20,0x49,0x3C,0x79,
  0x20,0x4A,0xA0,0x04,0x7E,0x08,0x00};
const u8g_fntpgm_uint8_t fontpage_243_210_210[55] U8G_FONT_SECTION("fontpage_243_210_210") = {
  0x00,0x10,0x13,0x00,0xFC,0x00,0x00,0x00,0x00,0x00,0xD2,0xD2,0x00,0x0E,0xFE,0x00,
  0x00,0x0F,0x10,0x20,0x10,0x00,0xFE,0x08,0x20,0x1C,0x20,0xF0,0x20,0x10,0xA8,0x10,
  0xA4,0xFC,0xA2,0x11,0x22,0x31,0x20,0x3A,0x24,0x54,0x24,0x54,0x28,0x90,0x08,0x10,
  0x10,0x10,0x20,0x10,0xC0,0x13,0x00};
const u8g_fntpgm_uint8_t fontpage_243_251_251[55] U8G_FONT_SECTION("fontpage_243_251_251") = {
  0x00,0x10,0x13,0x00,0xFC,0x00,0x00,0x00,0x00,0x00,0xFB,0xFB,0x00,0x0E,0xFE,0x00,
  0x00,0x0F,0x10,0x20,0x10,0x00,0xFE,0x08,0x20,0x1C,0x20,0xF0,0x7C,0x10,0x84,0x11,
  0x48,0xFC,0x30,0x10,0x20,0x30,0x48,0x39,0x90,0x54,0x3E,0x54,0x42,0x91,0xA4,0x10,
  0x18,0x10,0x10,0x10,0x60,0x11,0x80};
const u8g_fntpgm_uint8_t fontpage_244_177_177[55] U8G_FONT_SECTION("fontpage_244_177_177") = {
  0x00,0x10,0x13,0x00,0xFC,0x00,0x00,0x00,0x00,0x00,0xB1,0xB1,0x00,0x0E,0xFE,0x00,
  0x00,0x0F,0x10,0x20,0x10,0x00,0xFE,0x08,0x1E,0x1D,0xE0,0xF0,0x44,0x11,0x24,0x10,
  0x88,0xFC,0x20,0x11,0xFC,0x39,0x24,0x35,0x24,0x55,0xFC,0x51,0x24,0x91,0x24,0x13,
  0xFE,0x11,0x04,0x11,0x14,0x11,0x08};
const u8g_fntpgm_uint8_t fontpage_244_205_205[55] U8G_FONT_SECTION("fontpage_244_205_205") = {
  0x00,0x10,0x13,0x00,0xFC,0x00,0x00,0x00,0x00,0x00,0xCD,0xCD,0x00,0x0E,0xFE,0x00,
  0x00,0x0F,0x10,0x20,0x10,0x00,0xFE,0x08,0x20,0x1D,0xFE,0xF0,0x20,0x11,0xFC,0x10,
  0x20,0xFD,0xFE,0x10,0x00,0x31,0xFC,0x39,0x04,0x55,0xFC,0x55,0x04,0x91,0xFC,0x11,
  0x04,0x11,0xFC,0x10,0x88,0x11,0x04};
const u8g_fntpgm_uint8_t fontpage_244_250_250[53] U8G_FONT_SECTION("fontpage_244_250_250") = {
  0x00,0x10,0x13,0x00,0xFC,0x00,0x00,0x00,0x00,0x00,0xFA,0xFA,0x00,0x0E,0xFF,0x00,
  0x00,0x0F,0x0F,0x1E,0x10,0x00,0xFF,0x02,0x00,0x01,0x00,0x7F,0xFE,0x40,0x02,0x88,
  0x24,0x10,0x10,0x20,0x08,0x00,0x00,0x1F,0xF0,0x01,0x00,0x01,0x00,0x01,0x00,0x01,
  0x00,0x01,0x00,0x7F,0xFC};
const u8g_fntpgm_uint8_t fontpage_245_203_203[53] U8G_FONT_SECTION("fontpage_245_203_203") = {
  0x00,0x10,0x13,0x00,0xFC,0x00,0x00,0x00,0x00,0x00,0xCB,0xCB,0x00,0x0E,0xFF,0x00,
  0x00,0x0F,0x0F,0x1E,0x10,0x00,0xFF,0x02,0x00,0x01,0x00,0x01,0x00,0x00,0x00,0x7F,
  0xFC,0x00,0x00,0x00,0x10,0x10,0x10,0x08,0x20,0x08,0x20,0x04,0x40,0x04,0x40,0x04,
  0x80,0x00,0x00,0xFF,0xFE};
const u8g_fntpgm_uint8_t fontpage_245_239_239[55] U8G_FONT_SECTION("fontpage_245_239_239") = {
  0x00,0x10,0x13,0x00,0xFC,0x00,0x00,0x00,0x00,0x00,0xEF,0xEF,0x00,0x0E,0xFE,0x00,
  0x00,0x0F,0x10,0x20,0x10,0x00,0xFE,0x20,0x20,0x11,0x24,0x11,0x24,0xFD,0x24,0x01,
  0xFC,0x08,0x00,0x8B,0xFE,0x88,0x20,0x48,0x40,0x49,0xFC,0x51,0x54,0x51,0x54,0x1D,
  0x54,0xE1,0x54,0x41,0x54,0x01,0x0C};
const u8g_fntpgm_uint8_t fontpage_246_198_198[55] U8G_FONT_SECTION("fontpage_246_198_198") = {
  0x00,0x10,0x13,0x00,0xFC,0x00,0x00,0x00,0x00,0x00,0xC6,0xC6,0x00,0x0E,0xFE,0x00,
  0x00,0x0F,0x10,0x20,0x10,0x00,0xFE,0x10,0x40,0x10,0x40,0x3F,0x7E,0x48,0x90,0x85,
  0x08,0x3F,0xF0,0x01,0x10,0xFF,0xFE,0x01,0x10,0x3F,0xF0,0x01,0x00,0x3F,0xF8,0x01,
  0x00,0xFF,0xFE,0x01,0x00,0x01,0x00};
const u8g_fntpgm_uint8_t fontpage_246_201_201[55] U8G_FONT_SECTION("fontpage_246_201_201") = {
  0x00,0x10,0x13,0x00,0xFC,0x00,0x00,0x00,0x00,0x00,0xC9,0xC9,0x00,0x0E,0xFE,0x00,
  0x00,0x0F,0x10,0x20,0x10,0x00,0xFE,0x20,0x40,0x3F,0x7E,0x48,0x90,0x85,0x08,0x01,
  0x00,0x3F,0xF8,0x01,0x00,0x01,0x00,0xFF,0xFE,0x00,0x00,0x00,0x20,0x7F,0xFC,0x08,
  0x20,0x04,0x20,0x04,0xA0,0x00,0x40};
const u8g_fntpgm_uint8_t fontpage_247_151_151[55] U8G_FONT_SECTION("fontpage_247_151_151") = {
  0x00,0x10,0x13,0x00,0xFC,0x00,0x00,0x00,0x00,0x00,0x97,0x97,0x00,0x0E,0xFE,0x00,
  0x00,0x0F,0x10,0x20,0x10,0x00,0xFE,0x20,0x40,0x3E,0x7E,0x48,0x90,0x80,0x00,0x3F,
  0xF8,0x20,0x08,0x3F,0xF8,0x20,0x08,0x3F,0xF8,0x20,0x08,0x3F,0xF8,0x08,0x20,0xFF,
  0xFE,0x08,0x20,0x10,0x20,0x20,0x20};
const u8g_fntpgm_uint8_t fontpage_247_161_161[55] U8G_FONT_SECTION("fontpage_247_161_161") = {
  0x00,0x10,0x13,0x00,0xFC,0x00,0x00,0x00,0x00,0x00,0xA1,0xA1,0x00,0x0E,0xFE,0x00,
  0x00,0x0F,0x10,0x20,0x10,0x00,0xFE,0x20,0x40,0x3F,0x7E,0x48,0x90,0x85,0x08,0x01,
  0x00,0x7F,0xFE,0x40,0x02,0x9F,0xE4,0x10,0x20,0x1F,0xE0,0x10,0x00,0x1F,0xF0,0x10,
  0x10,0x10,0x10,0x1F,0xF0,0x10,0x10};
const u8g_fntpgm_uint8_t fontpage_247_177_177[55] U8G_FONT_SECTION("fontpage_247_177_177") = {
  0x00,0x10,0x13,0x00,0xFC,0x00,0x00,0x00,0x00,0x00,0xB1,0xB1,0x00,0x0E,0xFE,0x00,
  0x00,0x0F,0x10,0x20,0x10,0x00,0xFE,0x10,0x40,0x10,0x40,0x3F,0x7E,0x28,0x90,0x45,
  0x08,0x88,0x00,0x08,0xFC,0x7E,0x84,0x08,0x84,0x18,0xFC,0x1C,0x84,0x2A,0x84,0x2A,
  0xFC,0x48,0x84,0x88,0x84,0x08,0xFC};
const u8g_fntpgm_uint8_t fontpage_247_196_196[55] U8G_FONT_SECTION("fontpage_247_196_196") = {
  0x00,0x10,0x13,0x00,0xFC,0x00,0x00,0x00,0x00,0x00,0xC4,0xC4,0x00,0x0E,0xFE,0x00,
  0x00,0x0F,0x10,0x20,0x10,0x00,0xFE,0x20,0x40,0x3F,0x7E,0x48,0x90,0x85,0x08,0x08,
  0x00,0x7F,0x7C,0x08,0x44,0x7F,0x44,0x49,0x44,0x7F,0x44,0x49,0x54,0x7F,0x48,0x08,
  0x42,0xFF,0xC2,0x08,0x42,0x08,0x3E};
const u8g_fntpgm_uint8_t fontpage_249_190_190[55] U8G_FONT_SECTION("fontpage_249_190_190") = {
  0x00,0x10,0x13,0x00,0xFC,0x00,0x00,0x00,0x00,0x00,0xBE,0xBE,0x00,0x0E,0xFE,0x00,
  0x00,0x0F,0x10,0x20,0x10,0x00,0xFE,0x10,0x20,0x10,0x20,0x95,0xFE,0x54,0x20,0x58,
  0xFC,0x10,0x20,0xFD,0xFE,0x30,0x00,0x38,0xFC,0x54,0x84,0x54,0xFC,0x90,0x84,0x10,
  0xFC,0x10,0x84,0x10,0x94,0x10,0x88};
const u8g_fntpgm_uint8_t fontpage_249_251_251[55] U8G_FONT_SECTION("fontpage_249_251_251") = {
  0x00,0x10,0x13,0x00,0xFC,0x00,0x00,0x00,0x00,0x00,0xFB,0xFB,0x00,0x0E,0xFE,0x00,
  0x00,0x0D,0x10,0x20,0x10,0x01,0xFE,0x01,0xF0,0x7E,0x00,0x08,0x00,0x10,0x40,0x20,
  0x80,0x7F,0x00,0x02,0x00,0x0C,0x20,0x30,0x10,0xFF,0xF8,0x02,0x08,0x12,0x40,0x22,
  0x20,0x42,0x10,0x8A,0x08,0x04,0x00};
const u8g_fntpgm_uint8_t fontpage_250_133_133[53] U8G_FONT_SECTION("fontpage_250_133_133") = {
  0x00,0x10,0x13,0x00,0xFC,0x00,0x00,0x00,0x00,0x00,0x85,0x85,0x00,0x0E,0xFF,0x00,
  0x00,0x0F,0x0F,0x1E,0x10,0x00,0xFF,0x10,0x00,0x10,0x00,0x21,0xFC,0x24,0x20,0x44,
  0x20,0xF8,0x20,0x10,0x20,0x20,0x20,0x48,0x20,0xFC,0x20,0x04,0x20,0x00,0x20,0x54,
  0x20,0x54,0x20,0x83,0xFE};
const u8g_fntpgm_uint8_t fontpage_250_154_154[55] U8G_FONT_SECTION("fontpage_250_154_154") = {
  0x00,0x10,0x13,0x00,0xFC,0x00,0x00,0x00,0x00,0x00,0x9A,0x9A,0x00,0x0E,0xFE,0x00,
  0x00,0x0F,0x10,0x20,0x10,0x00,0xFE,0x10,0x00,0x13,0xFC,0x20,0x84,0x24,0x88,0x44,
  0x88,0xF8,0x90,0x10,0x9C,0x20,0x84,0x49,0x44,0xFD,0x44,0x05,0x28,0x01,0x28,0xAA,
  0x10,0xAA,0x28,0x84,0x44,0x01,0x82};
const u8g_fntpgm_uint8_t fontpage_250_162_162[55] U8G_FONT_SECTION("fontpage_250_162_162") = {
  0x00,0x10,0x13,0x00,0xFC,0x00,0x00,0x00,0x00,0x00,0xA2,0xA2,0x00,0x0E,0xFE,0x00,
  0x00,0x0F,0x10,0x20,0x10,0x00,0xFE,0x01,0x00,0x01,0x00,0x3F,0xF8,0x01,0x00,0x01,
  0x00,0x7F,0xFE,0x42,0x02,0x84,0x24,0x1F,0xC0,0x01,0x80,0x06,0x10,0x3F,0xF8,0x01,
  0x08,0x11,0x20,0x25,0x10,0x42,0x08};
const u8g_fntpgm_uint8_t fontpage_250_171_171[55] U8G_FONT_SECTION("fontpage_250_171_171") = {
  0x00,0x10,0x13,0x00,0xFC,0x00,0x00,0x00,0x00,0x00,0xAB,0xAB,0x00,0x0E,0xFE,0x00,
  0x00,0x0E,0x10,0x20,0x10,0x00,0xFE,0x08,0x80,0x28,0x88,0x2E,0xF0,0x28,0x84,0x2E,
  0x84,0xF0,0x7C,0x02,0x00,0x04,0x20,0x1F,0xC0,0x01,0x80,0x06,0x10,0x3F,0xF8,0x01,
  0x08,0x11,0x20,0x25,0x10,0x42,0x08};
const u8g_fntpgm_uint8_t fontpage_250_176_176[55] U8G_FONT_SECTION("fontpage_250_176_176") = {
  0x00,0x10,0x13,0x00,0xFC,0x00,0x00,0x00,0x00,0x00,0xB0,0xB0,0x00,0x0E,0xFE,0x00,
  0x00,0x0E,0x10,0x20,0x10,0x00,0xFE,0x10,0x00,0x10,0x00,0x21,0xFC,0x25,0x24,0x45,
  0x24,0xF9,0x24,0x11,0x24,0x21,0x24,0x49,0xFC,0xFD,0x24,0x05,0x24,0x01,0x24,0x55,
  0x24,0x55,0x24,0x81,0xFC,0x01,0x04};
const u8g_fntpgm_uint8_t fontpage_250_194_194[55] U8G_FONT_SECTION("fontpage_250_194_194") = {
  0x00,0x10,0x13,0x00,0xFC,0x00,0x00,0x00,0x00,0x00,0xC2,0xC2,0x00,0x0E,0xFE,0x00,
  0x00,0x0F,0x10,0x20,0x10,0x00,0xFE,0x10,0x40,0x10,0x40,0x20,0x7C,0x28,0x84,0x49,
  0x88,0xF2,0x50,0x10,0x20,0x20,0x50,0x48,0x88,0xFB,0x06,0x08,0x60,0x00,0x10,0xA8,
  0x08,0xA8,0xC0,0x80,0x20,0x00,0x10};
const u8g_fntpgm_uint8_t fontpage_250_208_208[55] U8G_FONT_SECTION("fontpage_250_208_208") = {
  0x00,0x10,0x13,0x00,0xFC,0x00,0x00,0x00,0x00,0x00,0xD0,0xD0,0x00,0x0E,0xFE,0x00,
  0x00,0x0F,0x10,0x20,0x10,0x00,0xFE,0x10,0x20,0x10,0x20,0x20,0x20,0x2B,0xFE,0x48,
  0x20,0xF0,0x20,0x11,0xFC,0x20,0x00,0x48,0x00,0xFD,0xFC,0x05,0x04,0x01,0x04,0x55,
  0x04,0x55,0x04,0x81,0xFC,0x01,0x04};
const u8g_fntpgm_uint8_t fontpage_250_241_242[93] U8G_FONT_SECTION("fontpage_250_241_242") = {
  0x00,0x10,0x13,0x00,0xFC,0x00,0x00,0x00,0x00,0x00,0xF1,0xF2,0x00,0x0E,0xFE,0x00,
  0x00,0x0F,0x10,0x20,0x10,0x00,0xFE,0x10,0x40,0x10,0x20,0x20,0x20,0x2B,0xFE,0x48,
  0x40,0xF0,0x88,0x11,0x04,0x23,0xFE,0x48,0x92,0xFC,0x90,0x04,0x90,0x00,0x90,0x55,
  0x12,0x55,0x12,0x82,0x0E,0x04,0x00,0x0F,0x10,0x20,0x10,0x00,0xFE,0x10,0x20,0x10,
  0x20,0x20,0x48,0x24,0x88,0x45,0xF0,0xF8,0x20,0x10,0x40,0x20,0x88,0x49,0xFC,0xFC,
  0x24,0x04,0x20,0x00,0xA8,0x55,0x24,0x56,0x22,0x80,0xA0,0x00,0x40};
const u8g_fntpgm_uint8_t fontpage_251_160_160[55] U8G_FONT_SECTION("fontpage_251_160_160") = {
  0x00,0x10,0x13,0x00,0xFC,0x00,0x00,0x00,0x00,0x00,0xA0,0xA0,0x00,0x0E,0xFE,0x00,
  0x00,0x0F,0x10,0x20,0x10,0x00,0xFE,0x10,0x80,0x10,0xF8,0x20,0x88,0x29,0x08,0x49,
  0xF0,0xF0,0x10,0x10,0x10,0x23,0xFE,0x48,0x20,0xFA,0x22,0x09,0x74,0x00,0xA8,0xA9,
  0x24,0xAA,0x22,0x80,0xA0,0x00,0x40};
const u8g_fntpgm_uint8_t fontpage_251_178_178[55] U8G_FONT_SECTION("fontpage_251_178_178") = {
  0x00,0x10,0x13,0x00,0xFC,0x00,0x00,0x00,0x00,0x00,0xB2,0xB2,0x00,0x0E,0xFE,0x00,
  0x00,0x0F,0x10,0x20,0x10,0x00,0xFE,0x10,0x00,0x11,0xFE,0x21,0x02,0x21,0x8A,0x49,
  0x52,0xF9,0xFE,0x11,0x22,0x21,0x12,0x21,0xFE,0x49,0x42,0xF5,0x42,0x01,0x7A,0x55,
  0x02,0x55,0x02,0x55,0x0A,0x81,0x04};
const u8g_fntpgm_uint8_t fontpage_251_202_202[55] U8G_FONT_SECTION("fontpage_251_202_202") = {
  0x00,0x10,0x13,0x00,0xFC,0x00,0x00,0x00,0x00,0x00,0xCA,0xCA,0x00,0x0E,0xFE,0x00,
  0x00,0x0E,0x10,0x20,0x10,0x01,0xFE,0xFD,0xF8,0x90,0x88,0xFC,0x88,0x84,0x50,0xFC,
  0x20,0x90,0x50,0xFD,0x8C,0x08,0x40,0x3F,0x80,0x03,0x00,0x0C,0x20,0x7F,0xF0,0x02,
  0x10,0x22,0x40,0x4A,0x20,0x84,0x10};
const u8g_fntpgm_uint8_t fontpage_251_210_210[55] U8G_FONT_SECTION("fontpage_251_210_210") = {
  0x00,0x10,0x13,0x00,0xFC,0x00,0x00,0x00,0x00,0x00,0xD2,0xD2,0x00,0x0E,0xFE,0x00,
  0x00,0x0F,0x10,0x20,0x10,0x00,0xFE,0x10,0x20,0x10,0x22,0x21,0xFA,0x24,0x24,0x44,
  0x28,0xFB,0xFE,0x10,0x20,0x20,0x40,0x48,0xFC,0xFD,0x84,0x06,0x84,0x00,0xFC,0x54,
  0x84,0x54,0x84,0x80,0xFC,0x00,0x84};
const u8g_fntpgm_uint8_t fontpage_251_218_218[55] U8G_FONT_SECTION("fontpage_251_218_218") = {
  0x00,0x10,0x13,0x00,0xFC,0x00,0x00,0x00,0x00,0x00,0xDA,0xDA,0x00,0x0E,0xFE,0x00,
  0x00,0x0F,0x10,0x20,0x10,0x00,0xFE,0x10,0x40,0x10,0x80,0x21,0xFC,0x29,0x04,0x49,
  0xFC,0xF1,0x04,0x11,0xFC,0x20,0x20,0x48,0x32,0xFB,0xB4,0x08,0xA8,0x01,0x28,0xA9,
  0x24,0xAA,0x24,0x84,0xA2,0x00,0x40};
const u8g_fntpgm_uint8_t fontpage_251_232_232[55] U8G_FONT_SECTION("fontpage_251_232_232") = {
  0x00,0x10,0x13,0x00,0xFC,0x00,0x00,0x00,0x00,0x00,0xE8,0xE8,0x00,0x0E,0xFE,0x00,
  0x00,0x0F,0x10,0x20,0x10,0x00,0xFE,0x10,0x40,0x10,0x20,0x21,0xFE,0x25,0x02,0x45,
  0x02,0xF9,0xFE,0x11,0x00,0x21,0x00,0x49,0xFE,0xFD,0xAA,0x05,0xAA,0x02,0xFE,0xAA,
  0xAA,0xAA,0xAA,0x84,0xA2,0x00,0x86};
const u8g_fntpgm_uint8_t fontpage_252_174_174[55] U8G_FONT_SECTION("fontpage_252_174_174") = {
  0x00,0x10,0x13,0x00,0xFC,0x00,0x00,0x00,0x00,0x00,0xAE,0xAE,0x00,0x0E,0xFE,0x00,
  0x00,0x0F,0x10,0x20,0x10,0x00,0xFE,0x10,0x20,0x10,0x10,0x23,0xFE,0x2A,0x02,0x48,
  0x80,0xF0,0xFE,0x11,0x10,0x23,0x20,0x4D,0x7C,0xF9,0x44,0x09,0x44,0x01,0x7C,0xA9,
  0x44,0xA9,0x44,0x81,0x7C,0x01,0x44};
const u8g_fntpgm_uint8_t fontpage_252_189_189[55] U8G_FONT_SECTION("fontpage_252_189_189") = {
  0x00,0x10,0x13,0x00,0xFC,0x00,0x00,0x00,0x00,0x00,0xBD,0xBD,0x00,0x0E,0xFE,0x00,
  0x00,0x0F,0x10,0x20,0x10,0x00,0xFE,0x10,0x20,0x10,0x40,0x21,0xFC,0x25,0x24,0x45,
  0x7C,0xF9,0x8C,0x11,0x54,0x21,0x24,0x49,0x54,0xFD,0xFC,0x04,0x20,0x00,0x10,0x55,
  0x54,0x55,0x42,0x81,0x4A,0x02,0x38};
const u8g_fntpgm_uint8_t fontpage_252_234_234[55] U8G_FONT_SECTION("fontpage_252_234_234") = {
  0x00,0x10,0x13,0x00,0xFC,0x00,0x00,0x00,0x00,0x00,0xEA,0xEA,0x00,0x0E,0xFE,0x00,
  0x00,0x0F,0x10,0x20,0x10,0x00,0xFE,0x10,0x20,0x10,0x50,0x20,0x88,0x29,0x74,0x4A,
  0x02,0xF1,0xFC,0x11,0x24,0x21,0xAC,0x49,0x24,0xFD,0xFC,0x04,0x00,0x00,0xF8,0x54,
  0x88,0x54,0xF8,0x80,0x88,0x00,0xF8};
const u8g_fntpgm_uint8_t fontpage_252_252_252[55] U8G_FONT_SECTION("fontpage_252_252_252") = {
  0x00,0x10,0x13,0x00,0xFC,0x00,0x00,0x00,0x00,0x00,0xFC,0xFC,0x00,0x0E,0xFE,0x00,
  0x00,0x0F,0x10,0x20,0x10,0x00,0xFE,0x10,0x44,0x12,0x84,0x22,0xEA,0x2A,0x4E,0x4A,
  0xA4,0xF2,0xEE,0x12,0x22,0x23,0xFE,0x4A,0x44,0xFA,0x84,0x0A,0xEA,0x02,0x4E,0xAA,
  0xA4,0xAA,0xEE,0x82,0x22,0x03,0xFE};
const u8g_fntpgm_uint8_t fontpage_253_140_140[55] U8G_FONT_SECTION("fontpage_253_140_140") = {
  0x00,0x10,0x13,0x00,0xFC,0x00,0x00,0x00,0x00,0x00,0x8C,0x8C,0x00,0x0E,0xFE,0x00,
  0x00,0x0F,0x10,0x20,0x10,0x00,0xFE,0x10,0x20,0x13,0xFE,0x20,0x20,0x29,0xFC,0x48,
  0x00,0xF3,0xFE,0x12,0x52,0x23,0xFE,0x49,0x04,0xFD,0xFC,0x05,0x04,0x01,0xFC,0x55,
  0x04,0x55,0xFC,0x80,0x88,0x01,0x04};
const u8g_fntpgm_uint8_t fontpage_253_162_162[53] U8G_FONT_SECTION("fontpage_253_162_162") = {
  0x00,0x10,0x13,0x00,0xFC,0x00,0x00,0x00,0x00,0x00,0xA2,0xA2,0x00,0x0E,0xFF,0x00,
  0x00,0x0F,0x0F,0x1E,0x10,0x00,0xFF,0x10,0x00,0x10,0x00,0x21,0xFC,0x24,0x20,0x44,
  0x20,0xF8,0x20,0x10,0x20,0x20,0x20,0x40,0x20,0xFC,0x20,0x40,0x20,0x00,0x20,0x1C,
  0x20,0xE0,0x20,0x43,0xFE};
const u8g_fntpgm_uint8_t fontpage_254_186_186[55] U8G_FONT_SECTION("fontpage_254_186_186") = {
  0x00,0x10,0x13,0x00,0xFC,0x00,0x00,0x00,0x00,0x00,0xBA,0xBA,0x00,0x0E,0xFE,0x00,
  0x00,0x0F,0x10,0x20,0x10,0x00,0xFE,0x20,0x20,0x20,0x20,0x3C,0x20,0x51,0xFC,0x90,
  0x24,0x10,0x24,0xFE,0x24,0x10,0x24,0x13,0xFE,0x54,0x20,0x54,0x50,0x54,0x50,0x5C,
  0x88,0x64,0x88,0x05,0x04,0x02,0x02};
const u8g_fntpgm_uint8_t fontpage_254_238_238[55] U8G_FONT_SECTION("fontpage_254_238_238") = {
  0x00,0x10,0x13,0x00,0xFC,0x00,0x00,0x00,0x00,0x00,0xEE,0xEE,0x00,0x0E,0xFE,0x00,
  0x00,0x0F,0x10,0x20,0x10,0x00,0xFE,0x7F,0xFC,0x44,0x44,0x44,0x44,0x7F,0xFC,0x01,
  0x00,0xFF,0xFE,0x02,0x00,0x1F,0xF0,0x10,0x10,0x1F,0xF0,0x10,0x10,0x1F,0xF0,0x10,
  0x10,0x1F,0xF0,0x10,0x10,0xFF,0xFE};
const u8g_fntpgm_uint8_t fontpage_254_242_242[53] U8G_FONT_SECTION("fontpage_254_242_242") = {
  0x00,0x10,0x13,0x00,0xFC,0x00,0x00,0x00,0x00,0x00,0xF2,0xF2,0x00,0x0D,0xFE,0x00,
  0x00,0x0F,0x0F,0x1E,0x10,0x00,0xFE,0x3F,0xF8,0x24,0x48,0x24,0x48,0x3F,0xF8,0x02,
  0x00,0x1F,0xD0,0x02,0x20,0xFF,0xFE,0x03,0x00,0x0F,0xF0,0x38,0x10,0xCF,0xF0,0x08,
  0x10,0x0F,0xF0,0x08,0x10};
const u8g_fntpgm_uint8_t fontpage_256_131_131[55] U8G_FONT_SECTION("fontpage_256_131_131") = {
  0x00,0x10,0x13,0x00,0xFC,0x00,0x00,0x00,0x00,0x00,0x83,0x83,0x00,0x0E,0xFE,0x00,
  0x00,0x0F,0x10,0x20,0x10,0x00,0xFE,0x02,0x00,0x02,0x08,0x3F,0xD0,0x02,0x20,0x02,
  0x40,0xFF,0xFE,0x01,0x00,0x02,0x00,0x0F,0xF8,0x12,0x00,0x24,0x00,0x47,0xF0,0x80,
  0x10,0x00,0x10,0x00,0xA0,0x00,0x40};
const u8g_fntpgm_uint8_t fontpage_256_133_133[55] U8G_FONT_SECTION("fontpage_256_133_133") = {
  0x00,0x10,0x13,0x00,0xFC,0x00,0x00,0x00,0x00,0x00,0x85,0x85,0x00,0x0E,0xFE,0x00,
  0x00,0x0F,0x10,0x20,0x10,0x00,0xFE,0x02,0x00,0x02,0x08,0x3F,0xD0,0x02,0x20,0x02,
  0x40,0xFF,0xFE,0x01,0x00,0x02,0x00,0x0F,0xF0,0x18,0x10,0x28,0x10,0x4F,0xF0,0x88,
  0x10,0x08,0x10,0x0F,0xF0,0x08,0x10};
const u8g_fntpgm_uint8_t fontpage_256_240_240[55] U8G_FONT_SECTION("fontpage_256_240_240") = {
  0x00,0x10,0x13,0x00,0xFC,0x00,0x00,0x00,0x00,0x00,0xF0,0xF0,0x00,0x0E,0xFE,0x00,
  0x00,0x0F,0x10,0x20,0x10,0x00,0xFE,0x00,0x20,0xFC,0x40,0x49,0xFC,0x49,0x24,0x79,
  0x7C,0x49,0x8C,0x49,0x54,0x79,0x24,0x49,0x54,0x49,0xFC,0x4C,0x40,0x78,0x24,0xCA,
  0xA2,0x0A,0x8A,0x0C,0x88,0x08,0x78};
const u8g_fntpgm_uint8_t fontpage_256_242_242[55] U8G_FONT_SECTION("fontpage_256_242_242") = {
  0x00,0x10,0x13,0x00,0xFC,0x00,0x00,0x00,0x00,0x00,0xF2,0xF2,0x00,0x0E,0xFE,0x00,
  0x00,0x0F,0x10,0x20,0x10,0x00,0xFE,0x08,0x00,0x7F,0x78,0x08,0x48,0x3E,0x48,0x00,
  0x86,0x3E,0x78,0x2A,0x48,0x3E,0x30,0x40,0x48,0xFF,0xFE,0x08,0x20,0x0F,0xE0,0x08,
  0x3E,0xFF,0xE0,0x00,0x20,0x00,0x20};
const u8g_fntpgm_uint8_t fontpage_257_204_204[55] U8G_FONT_SECTION("fontpage_257_204_204") = {
  0x00,0x10,0x13,0x00,0xFC,0x00,0x00,0x00,0x00,0x00,0xCC,0xCC,0x00,0x0E,0xFE,0x00,
  0x00,0x0E,0x10,0x20,0x10,0x00,0xFE,0x04,0x80,0x04,0x98,0x7C,0xE0,0x04,0x84,0x1C,
  0x84,0xE4,0x7C,0x40,0x00,0x1F,0xF0,0x10,0x10,0x1F,0xF0,0x10,0x10,0x1F,0xF0,0x10,
  0x10,0x10,0x10,0x10,0x50,0x10,0x20};
const u8g_fntpgm_uint8_t fontpage_257_253_253[55] U8G_FONT_SECTION("fontpage_257_253_253") = {
  0x00,0x10,0x13,0x00,0xFC,0x00,0x00,0x00,0x00,0x00,0xFD,0xFD,0x00,0x0E,0xFE,0x00,
  0x00,0x0F,0x10,0x20,0x10,0x00,0xFE,0x10,0x40,0x24,0x44,0x42,0x48,0xFF,0x70,0x01,
  0x40,0x00,0x42,0x7E,0x42,0x42,0x3E,0x42,0x00,0x7E,0x44,0x42,0x48,0x42,0x70,0x7E,
  0x40,0x42,0x42,0x4A,0x42,0x44,0x3E};
const u8g_fntpgm_uint8_t fontpage_258_136_136[55] U8G_FONT_SECTION("fontpage_258_136_136") = {
  0x00,0x10,0x13,0x00,0xFC,0x00,0x00,0x00,0x00,0x00,0x88,0x88,0x00,0x0E,0xFE,0x00,
  0x00,0x0F,0x10,0x20,0x10,0x00,0xFE,0x00,0x04,0x78,0x1E,0x49,0xE0,0x49,0x00,0x49,
  0x06,0x79,0x78,0x49,0x50,0x49,0x50,0x49,0x52,0x79,0x54,0x49,0x48,0x49,0x48,0x49,
  0x44,0x4A,0x54,0x4A,0x62,0x9C,0x40};
const u8g_fntpgm_uint8_t fontpage_259_234_234[55] U8G_FONT_SECTION("fontpage_259_234_234") = {
  0x00,0x10,0x13,0x00,0xFC,0x00,0x00,0x00,0x00,0x00,0xEA,0xEA,0x00,0x0E,0xFE,0x00,
  0x00,0x09,0x10,0x20,0x10,0x03,0xFE,0x08,0x00,0x10,0x00,0x20,0x00,0xFF,0x80,0x80,
  0x80,0x80,0x80,0x80,0x80,0xFF,0x80,0x80,0x80,0x80,0x80,0xFF,0x80,0x80,0x80,0x80,
  0x80,0x80,0x80,0xFF,0x80,0x80,0x80};
const u8g_fntpgm_uint8_t fontpage_259_243_243[51] U8G_FONT_SECTION("fontpage_259_243_243") = {
  0x00,0x10,0x13,0x00,0xFC,0x00,0x00,0x00,0x00,0x00,0xF3,0xF3,0x00,0x0D,0xFF,0x00,
  0x00,0x0F,0x0E,0x1C,0x10,0x00,0xFF,0x7F,0xFC,0x02,0x00,0x04,0x00,0x08,0x20,0x10,
  0x10,0x3F,0xF8,0x00,0x08,0x01,0x00,0x01,0x00,0x3F,0xF8,0x01,0x00,0x01,0x00,0x01,
  0x00,0xFF,0xFE};
const u8g_fntpgm_uint8_t fontpage_260_138_138[55] U8G_FONT_SECTION("fontpage_260_138_138") = {
  0x00,0x10,0x13,0x00,0xFC,0x00,0x00,0x00,0x00,0x00,0x8A,0x8A,0x00,0x0E,0xFE,0x00,
  0x00,0x0F,0x10,0x20,0x10,0x00,0xFE,0x08,0x20,0xFF,0xFE,0x09,0x20,0x1F,0xFC,0x30,
  0x80,0x5F,0xF8,0x90,0x80,0x1F,0xF8,0x10,0x80,0x1F,0xFC,0x02,0x00,0x1C,0x78,0x10,
  0x08,0x1E,0x78,0x10,0x08,0x1F,0xF8};
const u8g_fntpgm_uint8_t fontpage_260_239_239[55] U8G_FONT_SECTION("fontpage_260_239_239") = {
  0x00,0x10,0x13,0x00,0xFC,0x00,0x00,0x00,0x00,0x00,0xEF,0xEF,0x00,0x0E,0xFE,0x00,
  0x00,0x0D,0x10,0x20,0x10,0x02,0xFE,0x08,0x00,0x04,0x00,0xFF,0xC0,0x80,0x40,0x80,
  0x40,0xFF,0xC0,0x80,0x40,0x80,0x40,0xFF,0xC0,0x88,0x20,0x84,0x40,0x82,0x80,0x81,
  0x00,0x90,0x80,0xA0,0x60,0xC0,0x18};
const u8g_fntpgm_uint8_t fontpage_260_242_242[53] U8G_FONT_SECTION("fontpage_260_242_242") = {
  0x00,0x10,0x13,0x00,0xFC,0x00,0x00,0x00,0x00,0x00,0xF2,0xF2,0x00,0x0E,0xFF,0x00,
  0x00,0x0F,0x0F,0x1E,0x10,0x00,0xFF,0x08,0x00,0x08,0x00,0x1F,0xE0,0x20,0x20,0x40,
  0x40,0xBF,0xF8,0x21,0x08,0x21,0x08,0x21,0x08,0x3F,0xF8,0x20,0x00,0x20,0x02,0x20,
  0x02,0x20,0x02,0x1F,0xFE};
const u8g_fntpgm_uint8_t fontpage_264_189_189[55] U8G_FONT_SECTION("fontpage_264_189_189") = {
  0x00,0x10,0x13,0x00,0xFC,0x00,0x00,0x00,0x00,0x00,0xBD,0xBD,0x00,0x0E,0xFE,0x00,
  0x00,0x0F,0x10,0x20,0x10,0x00,0xFE,0x08,0x20,0x08,0x20,0xFF,0xFE,0x08,0x20,0x20,
  0x80,0x10,0xF8,0x11,0x08,0x82,0x90,0x48,0x60,0x49,0x98,0x16,0x06,0xE1,0xF8,0x21,
  0x08,0x21,0x08,0x21,0xF8,0x21,0x08};
const u8g_fntpgm_uint8_t fontpage_267_205_205[55] U8G_FONT_SECTION("fontpage_267_205_205") = {
  0x00,0x10,0x13,0x00,0xFC,0x00,0x00,0x00,0x00,0x00,0xCD,0xCD,0x00,0x0E,0xFE,0x00,
  0x00,0x0F,0x10,0x20,0x10,0x00,0xFE,0x08,0x20,0xFF,0xFE,0x08,0x20,0x00,0x00,0x3F,
  0x20,0x24,0x20,0x3F,0x3E,0x21,0x40,0x3F,0x50,0x24,0x88,0x3F,0x08,0x00,0x00,0x3F,
  0xF8,0x24,0x48,0x24,0x48,0xFF,0xFE};
const u8g_fntpgm_uint8_t fontpage_268_223_223[55] U8G_FONT_SECTION("fontpage_268_223_223") = {
  0x00,0x10,0x13,0x00,0xFC,0x00,0x00,0x00,0x00,0x00,0xDF,0xDF,0x00,0x0E,0xFE,0x00,
  0x00,0x0F,0x10,0x20,0x10,0x00,0xFE,0x00,0x20,0x78,0x3E,0x48,0x20,0x49,0xFE,0x49,
  0x22,0x79,0x38,0x01,0xE0,0xFD,0x22,0x21,0x1E,0x41,0x00,0x79,0x78,0x09,0x48,0x09,
  0x48,0x0A,0x4A,0x52,0x4A,0x24,0x86};
const u8g_fntpgm_uint8_t fontpage_269_199_199[53] U8G_FONT_SECTION("fontpage_269_199_199") = {
  0x00,0x10,0x13,0x00,0xFC,0x00,0x00,0x00,0x00,0x00,0xC7,0xC7,0x00,0x0E,0xFF,0x00,
  0x00,0x0F,0x0F,0x1E,0x10,0x00,0xFF,0x10,0x20,0x10,0x10,0x10,0x10,0x7D,0xFE,0x55,
  0x02,0x56,0x04,0x54,0x80,0x54,0x88,0x7C,0x90,0x50,0xA0,0x10,0xC0,0x14,0x82,0x1E,
  0x82,0xE2,0x82,0x40,0x7E};
const u8g_fntpgm_uint8_t fontpage_271_162_162[55] U8G_FONT_SECTION("fontpage_271_162_162") = {
  0x00,0x10,0x13,0x00,0xFC,0x00,0x00,0x00,0x00,0x00,0xA2,0xA2,0x00,0x0E,0xFE,0x00,
  0x00,0x0F,0x10,0x20,0x10,0x00,0xFE,0x08,0x20,0x2A,0xA4,0x4D,0x28,0x14,0x50,0x22,
  0x88,0x7F,0xFE,0x41,0x02,0x81,0x04,0x1F,0xF0,0x11,0x10,0x11,0x10,0x1F,0xF0,0x01,
  0x00,0x01,0x08,0x7F,0xFC,0x00,0x04};
const u8g_fntpgm_uint8_t fontpage_272_204_204[55] U8G_FONT_SECTION("fontpage_272_204_204") = {
  0x00,0x10,0x13,0x00,0xFC,0x00,0x00,0x00,0x00,0x00,0xCC,0xCC,0x00,0x0E,0xFE,0x00,
  0x00,0x0F,0x10,0x20,0x10,0x00,0xFE,0x08,0x00,0x09,0xFC,0x10,0x00,0x20,0x00,0x48,
  0x00,0x08,0x00,0x13,0xFE,0x30,0x20,0x50,0x20,0x90,0x20,0x10,0x20,0x10,0x20,0x10,
  0x20,0x10,0x20,0x10,0xA0,0x10,0x40};
const u8g_fntpgm_uint8_t fontpage_272_221_221[55] U8G_FONT_SECTION("fontpage_272_221_221") = {
  0x00,0x10,0x13,0x00,0xFC,0x00,0x00,0x00,0x00,0x00,0xDD,0xDD,0x00,0x0E,0xFE,0x00,
  0x00,0x0F,0x10,0x20,0x10,0x00,0xFE,0x10,0x80,0x11,0xC0,0x27,0x1C,0x41,0x00,0x87,
  0xC0,0x11,0x00,0x27,0xFE,0x65,0x48,0xA7,0xC8,0x25,0x48,0x27,0xC8,0x21,0x08,0x27,
  0xC8,0x21,0x08,0x2F,0xE8,0x20,0x10};
const u8g_fntpgm_uint8_t fontpage_272_232_232[55] U8G_FONT_SECTION("fontpage_272_232_232") = {
  0x00,0x10,0x13,0x00,0xFC,0x00,0x00,0x00,0x00,0x00,0xE8,0xE8,0x00,0x0E,0xFE,0x00,
  0x00,0x0F,0x10,0x20,0x10,0x00,0xFE,0x01,0x00,0x01,0x00,0x7F,0xFC,0x01,0x00,0x01,
  0x00,0x3F,0xF8,0x01,0x00,0x01,0x00,0xFF,0xFE,0x05,0x00,0x08,0x88,0x18,0x50,0x28,
  0x20,0xC9,0x18,0x0A,0x06,0x0C,0x00};
const u8g_fntpgm_uint8_t fontpage_273_171_171[55] U8G_FONT_SECTION("fontpage_273_171_171") = {
  0x00,0x10,0x13,0x00,0xFC,0x00,0x00,0x00,0x00,0x00,0xAB,0xAB,0x00,0x0E,0xFE,0x00,
  0x00,0x0F,0x10,0x20,0x10,0x00,0xFE,0x20,0x10,0x10,0x10,0x00,0x10,0xF9,0xFE,0x09,
  0x12,0x11,0x14,0x15,0x10,0x39,0xFC,0x55,0x44,0x91,0x44,0x11,0x28,0x11,0x28,0x11,
  0x10,0x12,0x28,0x12,0x44,0x14,0x82};
const u8g_fntpgm_uint8_t fontpage_273_197_197[55] U8G_FONT_SECTION("fontpage_273_197_197") = {
  0x00,0x10,0x13,0x00,0xFC,0x00,0x00,0x00,0x00,0x00,0xC5,0xC5,0x00,0x0E,0xFE,0x00,
  0x00,0x0F,0x10,0x20,0x10,0x00,0xFE,0x08,0x20,0x48,0x20,0x2B,0xFE,0x08,0x20,0x18,
  0x20,0x28,0x20,0xC9,0xFC,0x0A,0x00,0x01,0x00,0xFF,0xFE,0x05,0x00,0x0C,0x88,0x34,
  0x50,0xC5,0x30,0x06,0x0E,0x04,0x00};
const u8g_fntpgm_uint8_t fontpage_273_220_221[93] U8G_FONT_SECTION("fontpage_273_220_221") = {
  0x00,0x10,0x13,0x00,0xFC,0x00,0x00,0x00,0x00,0x00,0xDC,0xDD,0x00,0x0E,0xFE,0x00,
  0x00,0x0F,0x10,0x20,0x10,0x00,0xFE,0x20,0x28,0x10,0x24,0x03,0xFE,0xF8,0x20,0x08,
  0x20,0x11,0xFC,0x11,0x24,0x35,0x24,0x59,0xFC,0x95,0x24,0x15,0x24,0x11,0xFC,0x11,
  0x24,0x11,0x24,0x11,0x24,0x11,0x0C,0x0F,0x10,0x20,0x10,0x00,0xFE,0x24,0x20,0x24,
  0x20,0x3C,0x20,0x05,0xFC,0xFC,0x20,0x24,0x20,0x24,0xF8,0x46,0x00,0x01,0x00,0xFF,
  0xFE,0x05,0x00,0x0C,0x88,0x34,0x50,0xC5,0x30,0x06,0x0E,0x04,0x00};
const u8g_fntpgm_uint8_t fontpage_273_253_253[55] U8G_FONT_SECTION("fontpage_273_253_253") = {
  0x00,0x10,0x13,0x00,0xFC,0x00,0x00,0x00,0x00,0x00,0xFD,0xFD,0x00,0x0E,0xFE,0x00,
  0x00,0x0F,0x10,0x20,0x10,0x00,0xFE,0x24,0x04,0x3F,0xA4,0x44,0x24,0xFF,0xA4,0x04,
  0x24,0x3F,0x84,0x24,0x94,0x25,0x88,0x02,0x00,0x01,0x00,0xFF,0xFE,0x04,0x88,0x0C,
  0x50,0x34,0x20,0xC5,0x18,0x06,0x06};
const u8g_fntpgm_uint8_t fontpage_274_135_135[55] U8G_FONT_SECTION("fontpage_274_135_135") = {
  0x00,0x10,0x13,0x00,0xFC,0x00,0x00,0x00,0x00,0x00,0x87,0x87,0x00,0x0E,0xFE,0x00,
  0x00,0x0F,0x10,0x20,0x10,0x00,0xFE,0x21,0x00,0x11,0x00,0x01,0xFE,0xFA,0x00,0x0D,
  0xFC,0x11,0x04,0x11,0xFC,0x35,0x04,0x59,0xFC,0x94,0x80,0x14,0xFC,0x11,0x08,0x12,
  0x90,0x10,0x60,0x11,0x98,0x16,0x06};
const u8g_fntpgm_uint8_t fontpage_275_129_129[53] U8G_FONT_SECTION("fontpage_275_129_129") = {
  0x00,0x10,0x13,0x00,0xFC,0x00,0x00,0x00,0x00,0x00,0x81,0x81,0x00,0x0D,0xFE,0x00,
  0x00,0x0D,0x0F,0x1E,0x10,0x01,0xFE,0xFF,0xF8,0x08,0x80,0x08,0x80,0x7F,0xF0,0x48,
  0x90,0x48,0x90,0x7F,0xF0,0x04,0x00,0xFF,0xF8,0x08,0x40,0x10,0x80,0x39,0x00,0x07,
  0x00,0x0C,0xE0,0x70,0x10};
const u8g_fntpgm_uint8_t fontpage_275_139_139[53] U8G_FONT_SECTION("fontpage_275_139_139") = {
  0x00,0x10,0x13,0x00,0xFC,0x00,0x00,0x00,0x00,0x00,0x8B,0x8B,0x00,0x0D,0xFE,0x00,
  0x00,0x0F,0x0F,0x1E,0x10,0x00,0xFE,0x1F,0xF0,0x10,0x10,0x10,0x10,0x1F,0xF0,0x10,
  0x10,0x10,0x10,0x1F,0xF0,0x10,0x10,0x10,0x10,0x1F,0xF0,0x04,0x40,0x04,0x40,0x08,
  0x42,0x30,0x42,0xC0,0x3E};
const u8g_fntpgm_uint8_t fontpage_275_150_150[55] U8G_FONT_SECTION("fontpage_275_150_150") = {
  0x00,0x10,0x13,0x00,0xFC,0x00,0x00,0x00,0x00,0x00,0x96,0x96,0x00,0x0E,0xFE,0x00,
  0x00,0x0F,0x10,0x20,0x10,0x00,0xFE,0x20,0x00,0x11,0xFC,0x11,0x04,0xF9,0x04,0x09,
  0xFC,0x11,0x04,0x11,0x04,0x39,0xFC,0x55,0x04,0x95,0x04,0x11,0xFC,0x10,0x50,0x10,
  0x90,0x10,0x92,0x11,0x12,0x12,0x0E};
const u8g_fntpgm_uint8_t fontpage_275_189_189[55] U8G_FONT_SECTION("fontpage_275_189_189") = {
  0x00,0x10,0x13,0x00,0xFC,0x00,0x00,0x00,0x00,0x00,0xBD,0xBD,0x00,0x0E,0xFE,0x00,
  0x00,0x0F,0x10,0x20,0x10,0x00,0xFE,0x7E,0x40,0x48,0x7E,0x7E,0x90,0x43,0x08,0x7E,
  0xFE,0x48,0xAA,0x7F,0xFE,0x10,0x10,0x1F,0xF0,0x10,0x10,0x1F,0xF0,0x10,0x10,0x1F,
  0xF0,0x04,0x42,0x18,0x42,0xE0,0x3E};
const u8g_fntpgm_uint8_t fontpage_275_210_210[55] U8G_FONT_SECTION("fontpage_275_210_210") = {
  0x00,0x10,0x13,0x00,0xFC,0x00,0x00,0x00,0x00,0x00,0xD2,0xD2,0x00,0x0E,0xFE,0x00,
  0x00,0x0D,0x10,0x20,0x10,0x00,0xFE,0x08,0x00,0x08,0x00,0x1F,0xE0,0x20,0x20,0x40,
  0x40,0xBF,0xF8,0x21,0x08,0x21,0x08,0x3F,0xF8,0x21,0x08,0x21,0x08,0x3F,0xF8,0x21,
  0x08,0x41,0x08,0x41,0x28,0x80,0x10};
const u8g_fntpgm_uint8_t fontpage_275_227_227[55] U8G_FONT_SECTION("fontpage_275_227_227") = {
  0x00,0x10,0x13,0x00,0xFC,0x00,0x00,0x00,0x00,0x00,0xE3,0xE3,0x00,0x0E,0xFE,0x00,
  0x00,0x0F,0x10,0x20,0x10,0x00,0xFE,0x10,0x00,0x10,0xFC,0x3C,0x24,0x24,0x24,0x48,
  0x54,0xBE,0x88,0x2A,0x10,0x2A,0x50,0x3E,0x7C,0x2A,0x90,0x2A,0x10,0x3E,0xFE,0x2A,
  0x10,0x4A,0x10,0x42,0x10,0x86,0x10};
const u8g_fntpgm_uint8_t fontpage_275_248_248[55] U8G_FONT_SECTION("fontpage_275_248_248") = {
  0x00,0x10,0x13,0x00,0xFC,0x00,0x00,0x00,0x00,0x00,0xF8,0xF8,0x00,0x0E,0xFE,0x00,
  0x00,0x0E,0x10,0x20,0x10,0x00,0xFE,0x20,0x00,0x21,0xFC,0x79,0x54,0x49,0x54,0x91,
  0xFC,0x7C,0x80,0x55,0xFC,0x56,0x44,0x7D,0xF4,0x55,0x54,0x55,0x54,0x7D,0xF4,0x54,
  0x44,0x55,0xF4,0x44,0x14,0x8C,0x08};
const u8g_fntpgm_uint8_t fontpage_276_128_128[55] U8G_FONT_SECTION("fontpage_276_128_128") = {
  0x00,0x10,0x13,0x00,0xFC,0x00,0x00,0x00,0x00,0x00,0x80,0x80,0x00,0x0E,0xFE,0x00,
  0x00,0x0F,0x10,0x20,0x10,0x00,0xFE,0x02,0x00,0x01,0x00,0xFF,0xFE,0x00,0x00,0x00,
  0x00,0x3F,0xF8,0x00,0x00,0x00,0x00,0x3F,0xF8,0x00,0x00,0x00,0x00,0x3F,0xF8,0x20,
  0x08,0x20,0x08,0x3F,0xF8,0x20,0x08};
const u8g_fntpgm_uint8_t fontpage_276_136_136[55] U8G_FONT_SECTION("fontpage_276_136_136") = {
  0x00,0x10,0x13,0x00,0xFC,0x00,0x00,0x00,0x00,0x00,0x88,0x88,0x00,0x0E,0xFE,0x00,
  0x00,0x0F,0x10,0x20,0x10,0x00,0xFE,0x20,0x20,0x10,0x20,0x10,0x20,0xFE,0x20,0x00,
  0x20,0x7C,0x20,0x03,0xFE,0x7C,0x20,0x00,0x20,0x7C,0x20,0x44,0x20,0x44,0x20,0x44,
  0x20,0x7C,0x20,0x44,0x20,0x00,0x20};
const u8g_fntpgm_uint8_t fontpage_276_138_138[55] U8G_FONT_SECTION("fontpage_276_138_138") = {
  0x00,0x10,0x13,0x00,0xFC,0x00,0x00,0x00,0x00,0x00,0x8A,0x8A,0x00,0x0E,0xFE,0x00,
  0x00,0x0F,0x10,0x20,0x10,0x00,0xFE,0x20,0x00,0x13,0xF0,0x00,0x90,0xFC,0x90,0x00,
  0x90,0x78,0x90,0x00,0x90,0x7B,0xF0,0x00,0x90,0x78,0x90,0x48,0x90,0x48,0x92,0x48,
  0x8A,0x78,0x8A,0x48,0x86,0x00,0x82};
const u8g_fntpgm_uint8_t fontpage_276_152_152[53] U8G_FONT_SECTION("fontpage_276_152_152") = {
  0x00,0x10,0x13,0x00,0xFC,0x00,0x00,0x00,0x00,0x00,0x98,0x98,0x00,0x0E,0xFF,0x00,
  0x00,0x0F,0x0F,0x1E,0x10,0x00,0xFF,0x20,0x00,0x10,0x00,0x10,0xFC,0xFE,0x04,0x00,
  0x04,0x7C,0x04,0x00,0x04,0x7C,0xFC,0x00,0x84,0x7C,0x80,0x44,0x80,0x44,0x80,0x44,
  0x82,0x7C,0x82,0x44,0x7E};
const u8g_fntpgm_uint8_t fontpage_276_173_173[55] U8G_FONT_SECTION("fontpage_276_173_173") = {
  0x00,0x10,0x13,0x00,0xFC,0x00,0x00,0x00,0x00,0x00,0xAD,0xAD,0x00,0x0E,0xFE,0x00,
  0x00,0x0F,0x10,0x20,0x10,0x00,0xFE,0x20,0x00,0x10,0xF8,0x10,0x88,0xFE,0x88,0x00,
  0x88,0x7D,0x06,0x02,0x00,0x7D,0xFC,0x00,0x84,0x7C,0x84,0x44,0x48,0x44,0x50,0x44,
  0x20,0x7C,0x50,0x44,0x88,0x03,0x06};
const u8g_fntpgm_uint8_t fontpage_276_177_177[55] U8G_FONT_SECTION("fontpage_276_177_177") = {
  0x00,0x10,0x13,0x00,0xFC,0x00,0x00,0x00,0x00,0x00,0xB1,0xB1,0x00,0x0E,0xFE,0x00,
  0x00,0x0F,0x10,0x20,0x10,0x00,0xFE,0x20,0x80,0x10,0x80,0x00,0x80,0xFD,0xFC,0x01,
  0x20,0x7A,0x20,0x00,0x20,0x78,0x20,0x03,0xFE,0x78,0x20,0x48,0x20,0x48,0x20,0x48,
  0x20,0x78,0x20,0x48,0x20,0x00,0x20};
const u8g_fntpgm_uint8_t fontpage_276_230_230[55] U8G_FONT_SECTION("fontpage_276_230_230") = {
  0x00,0x10,0x13,0x00,0xFC,0x00,0x00,0x00,0x00,0x00,0xE6,0xE6,0x00,0x0E,0xFE,0x00,
  0x00,0x0F,0x10,0x20,0x10,0x00,0xFE,0x20,0x10,0x10,0x14,0x00,0x12,0xFC,0x10,0x03,
  0xFE,0x78,0x10,0x00,0x10,0x79,0xD0,0x00,0x90,0x78,0x90,0x48,0x90,0x48,0x88,0x48,
  0xEA,0x7B,0x8A,0x48,0x06,0x00,0x02};
const u8g_fntpgm_uint8_t fontpage_276_243_243[55] U8G_FONT_SECTION("fontpage_276_243_243") = {
  0x00,0x10,0x13,0x00,0xFC,0x00,0x00,0x00,0x00,0x00,0xF3,0xF3,0x00,0x0E,0xFE,0x00,
  0x00,0x0F,0x10,0x20,0x10,0x00,0xFE,0x21,0x04,0x10,0x84,0x00,0x88,0xFC,0x00,0x03,
  0xFE,0x78,0x20,0x00,0x20,0x79,0xFC,0x00,0x20,0x78,0x20,0x4B,0xFE,0x48,0x20,0x48,
  0x20,0x78,0x20,0x48,0x20,0x00,0x20};
const u8g_fntpgm_uint8_t fontpage_277_141_141[53] U8G_FONT_SECTION("fontpage_277_141_141") = {
  0x00,0x10,0x13,0x00,0xFC,0x00,0x00,0x00,0x00,0x00,0x8D,0x8D,0x00,0x0E,0xFF,0x00,
  0x00,0x0F,0x0F,0x1E,0x10,0x00,0xFF,0x20,0x00,0x13,0xFC,0x00,0x44,0xFD,0x44,0x01,
  0x44,0x7A,0x84,0x00,0x94,0x79,0x08,0x02,0x40,0x78,0x20,0x48,0xA4,0x4A,0x82,0x4A,
  0x8A,0x7A,0x8A,0x44,0x78};
const u8g_fntpgm_uint8_t fontpage_277_158_158[55] U8G_FONT_SECTION("fontpage_277_158_158") = {
  0x00,0x10,0x13,0x00,0xFC,0x00,0x00,0x00,0x00,0x00,0x9E,0x9E,0x00,0x0E,0xFE,0x00,
  0x00,0x0F,0x10,0x20,0x10,0x00,0xFE,0x20,0x00,0x13,0xFC,0x00,0x40,0xFC,0x40,0x01,
  0xF8,0x78,0x88,0x00,0x88,0x7B,0xFE,0x00,0x00,0x78,0x00,0x49,0xF8,0x49,0x08,0x49,
  0x08,0x79,0x08,0x49,0xF8,0x01,0x08};
const u8g_fntpgm_uint8_t fontpage_277_164_164[55] U8G_FONT_SECTION("fontpage_277_164_164") = {
  0x00,0x10,0x13,0x00,0xFC,0x00,0x00,0x00,0x00,0x00,0xA4,0xA4,0x00,0x0E,0xFE,0x00,
  0x00,0x0F,0x10,0x20,0x10,0x00,0xFE,0x20,0x00,0x11,0xFC,0x01,0x04,0xFD,0x04,0x01,
  0xFC,0x78,0x00,0x00,0x00,0x79,0xFC,0x00,0x20,0x78,0x20,0x4B,0xFE,0x48,0x20,0x48,
  0x50,0x78,0x88,0x49,0x04,0x02,0x02};
const u8g_fntpgm_uint8_t fontpage_277_170_170[55] U8G_FONT_SECTION("fontpage_277_170_170") = {
  0x00,0x10,0x13,0x00,0xFC,0x00,0x00,0x00,0x00,0x00,0xAA,0xAA,0x00,0x0E,0xFE,0x00,
  0x00,0x0F,0x10,0x20,0x10,0x00,0xFE,0x20,0x10,0x10,0x90,0x00,0x88,0xFD,0x08,0x02,
  0x04,0x7D,0xFA,0x01,0x08,0x79,0x08,0x01,0x08,0x79,0xF8,0x48,0x90,0x48,0x90,0x48,
  0x90,0x79,0x12,0x4A,0x12,0x04,0x0E};
const u8g_fntpgm_uint8_t fontpage_277_191_191[55] U8G_FONT_SECTION("fontpage_277_191_191") = {
  0x00,0x10,0x13,0x00,0xFC,0x00,0x00,0x00,0x00,0x00,0xBF,0xBF,0x00,0x0E,0xFE,0x00,
  0x00,0x0E,0x10,0x20,0x10,0x00,0xFE,0x20,0x00,0x11,0xFC,0x01,0x24,0xFD,0x24,0x01,
  0x74,0x79,0x24,0x01,0xFC,0x79,0x04,0x01,0x74,0x79,0x54,0x49,0x54,0x49,0x74,0x49,
  0x04,0x7A,0x04,0x4A,0x14,0x04,0x08};
const u8g_fntpgm_uint8_t fontpage_277_203_203[55] U8G_FONT_SECTION("fontpage_277_203_203") = {
  0x00,0x10,0x13,0x00,0xFC,0x00,0x00,0x00,0x00,0x00,0xCB,0xCB,0x00,0x0E,0xFE,0x00,
  0x00,0x0F,0x10,0x20,0x10,0x00,0xFE,0x20,0x20,0x10,0x20,0x03,0xFE,0xFC,0x20,0x01,
  0xFC,0x78,0x20,0x03,0xFE,0x78,0x00,0x01,0xFC,0x79,0x04,0x49,0xFC,0x49,0x04,0x49,
  0xFC,0x79,0x04,0x49,0x14,0x01,0x08};
const u8g_fntpgm_uint8_t fontpage_278_230_230[55] U8G_FONT_SECTION("fontpage_278_230_230") = {
  0x00,0x10,0x13,0x00,0xFC,0x00,0x00,0x00,0x00,0x00,0xE6,0xE6,0x00,0x0E,0xFE,0x00,
  0x00,0x0F,0x10,0x20,0x10,0x00,0xFE,0x24,0x20,0xFF,0x20,0x24,0x7E,0x7E,0xC4,0x82,
  0x28,0x7A,0x10,0x4A,0x28,0x7A,0xC6,0x05,0x00,0xFF,0xFE,0x00,0x00,0x3F,0xF8,0x00,
  0x00,0x3F,0xF8,0x20,0x08,0x3F,0xF8};
const u8g_fntpgm_uint8_t fontpage_278_240_240[55] U8G_FONT_SECTION("fontpage_278_240_240") = {
  0x00,0x10,0x13,0x00,0xFC,0x00,0x00,0x00,0x00,0x00,0xF0,0xF0,0x00,0x0E,0xFE,0x00,
  0x00,0x0F,0x10,0x20,0x10,0x00,0xFE,0x21,0x04,0x10,0x88,0x03,0xFE,0xFC,0x20,0x01,
  0xFC,0x78,0x20,0x03,0xFE,0x78,0x54,0x01,0x92,0x78,0x90,0x4B,0xFE,0x48,0x90,0x48,
  0xD4,0x7B,0x8A,0x48,0x96,0x01,0xA2};
const u8g_fntpgm_uint8_t fontpage_279_128_128[55] U8G_FONT_SECTION("fontpage_279_128_128") = {
  0x00,0x10,0x13,0x00,0xFC,0x00,0x00,0x00,0x00,0x00,0x80,0x80,0x00,0x0E,0xFE,0x00,
  0x00,0x0F,0x10,0x20,0x10,0x00,0xFE,0x20,0x20,0x13,0xFE,0x00,0x20,0xFD,0xFC,0x00,
  0x00,0x7B,0xFE,0x02,0x52,0x7B,0xFE,0x01,0x04,0x79,0xFC,0x49,0x04,0x49,0xFC,0x49,
  0x04,0x79,0xFC,0x48,0x88,0x01,0x04};
const u8g_fntpgm_uint8_t fontpage_279_138_138[55] U8G_FONT_SECTION("fontpage_279_138_138") = {
  0x00,0x10,0x13,0x00,0xFC,0x00,0x00,0x00,0x00,0x00,0x8A,0x8A,0x00,0x0E,0xFE,0x00,
  0x00,0x0F,0x10,0x20,0x10,0x00,0xFE,0x21,0x04,0x47,0xC8,0x88,0x12,0xF3,0xBC,0x20,
  0x08,0x4B,0x92,0xF8,0x3E,0x03,0x80,0xAA,0xAA,0xAB,0xAA,0x08,0x00,0x1F,0xF8,0x28,
  0x20,0x07,0xC0,0x18,0x30,0xE0,0x0E};
const u8g_fntpgm_uint8_t fontpage_281_170_170[55] U8G_FONT_SECTION("fontpage_281_170_170") = {
  0x00,0x10,0x13,0x00,0xFC,0x00,0x00,0x00,0x00,0x00,0xAA,0xAA,0x00,0x0E,0xFE,0x00,
  0x00,0x0F,0x10,0x20,0x10,0x00,0xFE,0x01,0x00,0x02,0x80,0x0C,0x60,0x31,0x18,0xCF,
  0xE6,0x00,0x40,0x00,0x80,0x1F,0xF0,0x10,0x10,0x1F,0xF0,0x10,0x10,0x1F,0xF0,0x10,
  0x10,0x1F,0xF0,0x08,0x20,0x10,0x10};
const u8g_fntpgm_uint8_t fontpage_281_199_199[55] U8G_FONT_SECTION("fontpage_281_199_199") = {
  0x00,0x10,0x13,0x00,0xFC,0x00,0x00,0x00,0x00,0x00,0xC7,0xC7,0x00,0x0E,0xFE,0x00,
  0x00,0x0F,0x10,0x20,0x10,0x00,0xFE,0x41,0x00,0x21,0xFC,0x0A,0x44,0x10,0x48,0xE0,
  0xA0,0x21,0x18,0x26,0x06,0x1F,0xF0,0x10,0x10,0x1F,0xF0,0x10,0x10,0x1F,0xF0,0x10,
  0x10,0x1F,0xF0,0x08,0x20,0x10,0x10};
const u8g_fntpgm_uint8_t fontpage_281_234_234[55] U8G_FONT_SECTION("fontpage_281_234_234") = {
  0x00,0x10,0x13,0x00,0xFC,0x00,0x00,0x00,0x00,0x00,0xEA,0xEA,0x00,0x0E,0xFE,0x00,
  0x00,0x0F,0x10,0x20,0x10,0x00,0xFE,0x06,0x0C,0x38,0x70,0x20,0x40,0x3F,0x7E,0x24,
  0x48,0x24,0x48,0x44,0x88,0x9F,0xF0,0x10,0x10,0x1F,0xF0,0x10,0x10,0x1F,0xF0,0x10,
  0x10,0x1F,0xF0,0x08,0x20,0x10,0x10};
const u8g_fntpgm_uint8_t fontpage_282_247_247[55] U8G_FONT_SECTION("fontpage_282_247_247") = {
  0x00,0x10,0x13,0x00,0xFC,0x00,0x00,0x00,0x00,0x00,0xF7,0xF7,0x00,0x0E,0xFE,0x00,
  0x00,0x0F,0x10,0x20,0x10,0x00,0xFE,0x08,0x00,0x08,0x00,0x08,0xF8,0x7E,0x08,0x08,
  0x08,0x08,0x08,0xFE,0xF8,0x08,0x88,0x28,0x80,0x28,0x80,0x2E,0x84,0x28,0x84,0x28,
  0x7C,0x58,0x00,0x4F,0xFE,0x80,0x00};
const u8g_fntpgm_uint8_t fontpage_283_133_133[55] U8G_FONT_SECTION("fontpage_283_133_133") = {
  0x00,0x10,0x13,0x00,0xFC,0x00,0x00,0x00,0x00,0x00,0x85,0x85,0x00,0x0E,0xFE,0x00,
  0x00,0x0F,0x10,0x20,0x10,0x00,0xFE,0x08,0x00,0x09,0xFC,0x08,0x44,0x7E,0x44,0x08,
  0x44,0x08,0x94,0xFF,0x08,0x08,0xFC,0x28,0x84,0x28,0x84,0x2E,0x84,0x28,0xFC,0x28,
  0x00,0x58,0x00,0x4F,0xFE,0x80,0x00};
const u8g_fntpgm_uint8_t fontpage_283_221_221[51] U8G_FONT_SECTION("fontpage_283_221_221") = {
  0x00,0x10,0x13,0x00,0xFC,0x00,0x00,0x00,0x00,0x00,0xDD,0xDD,0x00,0x0D,0xFF,0x00,
  0x00,0x0F,0x0E,0x1C,0x10,0x00,0xFF,0x7D,0xFE,0x45,0x00,0x45,0x00,0x45,0x00,0x7D,
  0xFC,0x11,0x04,0x11,0x04,0x5D,0x04,0x51,0x04,0x51,0xFC,0x51,0x00,0x5D,0x00,0xE1,
  0x00,0x01,0xFE};
const u8g_fntpgm_uint8_t fontpage_283_225_225[55] U8G_FONT_SECTION("fontpage_283_225_225") = {
  0x00,0x10,0x13,0x00,0xFC,0x00,0x00,0x00,0x00,0x00,0xE1,0xE1,0x00,0x0E,0xFE,0x00,
  0x00,0x0F,0x10,0x20,0x10,0x00,0xFE,0x00,0x40,0x7C,0x20,0x44,0x20,0x47,0xFE,0x44,
  0x90,0x7C,0x90,0x10,0x90,0x12,0x94,0x5E,0x92,0x52,0x92,0x54,0x92,0x50,0x90,0x5D,
  0x10,0xE1,0x10,0x02,0x50,0x04,0x20};
const u8g_fntpgm_uint8_t fontpage_283_239_239[55] U8G_FONT_SECTION("fontpage_283_239_239") = {
  0x00,0x10,0x13,0x00,0xFC,0x00,0x00,0x00,0x00,0x00,0xEF,0xEF,0x00,0x0E,0xFE,0x00,
  0x00,0x0F,0x10,0x20,0x10,0x00,0xFE,0x00,0x40,0x7C,0x40,0x44,0x78,0x44,0x88,0x45,
  0x50,0x7C,0x20,0x10,0x50,0x10,0x88,0x11,0x06,0x5C,0xF8,0x50,0x88,0x50,0x88,0x50,
  0x88,0x5C,0x88,0xE0,0xF8,0x00,0x88};
const u8g_fntpgm_uint8_t fontpage_283_243_243[55] U8G_FONT_SECTION("fontpage_283_243_243") = {
  0x00,0x10,0x13,0x00,0xFC,0x00,0x00,0x00,0x00,0x00,0xF3,0xF3,0x00,0x0E,0xFE,0x00,
  0x00,0x0F,0x10,0x20,0x10,0x00,0xFE,0x00,0x50,0x7C,0x50,0x44,0x50,0x45,0x52,0x44,
  0xD4,0x7C,0x58,0x10,0x50,0x10,0x58,0x10,0xD4,0x5D,0x52,0x50,0x50,0x50,0x50,0x50,
  0x92,0x5C,0x92,0xE1,0x12,0x02,0x0E};
const u8g_fntpgm_uint8_t fontpage_285_171_171[55] U8G_FONT_SECTION("fontpage_285_171_171") = {
  0x00,0x10,0x13,0x00,0xFC,0x00,0x00,0x00,0x00,0x00,0xAB,0xAB,0x00,0x0E,0xFE,0x00,
  0x00,0x0F,0x10,0x20,0x10,0x00,0xFE,0x02,0x00,0x04,0x00,0x1F,0xF0,0x10,0x10,0x1F,
  0xF0,0x10,0x10,0x1F,0xF2,0x10,0x14,0x10,0x18,0x7F,0xF0,0x00,0x50,0x00,0x90,0x03,
  0x10,0x1C,0x10,0xE0,0x50,0x00,0x20};
const u8g_fntpgm_uint8_t fontpage_285_202_202[55] U8G_FONT_SECTION("fontpage_285_202_202") = {
  0x00,0x10,0x13,0x00,0xFC,0x00,0x00,0x00,0x00,0x00,0xCA,0xCA,0x00,0x0E,0xFE,0x00,
  0x00,0x0F,0x10,0x20,0x10,0x00,0xFE,0x01,0x00,0x01,0x00,0x7F,0xFC,0x01,0x00,0x3F,
  0xF8,0x21,0x08,0x21,0x08,0x3F,0xF8,0x21,0x08,0x21,0x08,0x3F,0xF8,0x01,0x00,0xFF,
  0xFE,0x01,0x00,0x01,0x00,0x01,0x00};
const u8g_fntpgm_uint8_t fontpage_285_204_204[55] U8G_FONT_SECTION("fontpage_285_204_204") = {
  0x00,0x10,0x13,0x00,0xFC,0x00,0x00,0x00,0x00,0x00,0xCC,0xCC,0x00,0x0E,0xFE,0x00,
  0x00,0x0F,0x10,0x20,0x10,0x00,0xFE,0x10,0x80,0x10,0x80,0x10,0x80,0xFC,0x80,0x13,
  0xF0,0x7C,0x90,0x54,0x90,0x7C,0x90,0x54,0x90,0x7C,0x90,0x10,0x90,0xFE,0x92,0x11,
  0x12,0x11,0x12,0x12,0x0E,0x14,0x00};
const u8g_fntpgm_uint8_t fontpage_285_223_223[55] U8G_FONT_SECTION("fontpage_285_223_223") = {
  0x00,0x10,0x13,0x00,0xFC,0x00,0x00,0x00,0x00,0x00,0xDF,0xDF,0x00,0x0E,0xFE,0x00,
  0x00,0x0F,0x10,0x20,0x10,0x00,0xFE,0x10,0x40,0x10,0x40,0x10,0x40,0xFE,0x7C,0x10,
  0x84,0x7C,0x88,0x55,0x20,0x7C,0x20,0x54,0x20,0x7C,0x50,0x10,0x50,0xFE,0x50,0x10,
  0x88,0x10,0x88,0x11,0x04,0x12,0x02};
const u8g_fntpgm_uint8_t fontpage_285_248_248[55] U8G_FONT_SECTION("fontpage_285_248_248") = {
  0x00,0x10,0x13,0x00,0xFC,0x00,0x00,0x00,0x00,0x00,0xF8,0xF8,0x00,0x0E,0xFE,0x00,
  0x00,0x0E,0x10,0x20,0x10,0x00,0xFE,0x10,0x20,0x10,0x20,0x10,0x20,0xFE,0x20,0x11,
  0xFC,0x7D,0x24,0x55,0x24,0x7D,0x24,0x55,0x24,0x7D,0xFC,0x11,0x24,0xFF,0x24,0x11,
  0x24,0x11,0x24,0x11,0xFC,0x11,0x04};
const u8g_fntpgm_uint8_t fontpage_286_137_137[55] U8G_FONT_SECTION("fontpage_286_137_137") = {
  0x00,0x10,0x13,0x00,0xFC,0x00,0x00,0x00,0x00,0x00,0x89,0x89,0x00,0x0E,0xFE,0x00,
  0x00,0x0F,0x10,0x20,0x10,0x00,0xFE,0x08,0x20,0x7F,0x28,0x08,0x24,0xFF,0xFE,0x08,
  0x20,0xFF,0xA0,0x08,0x24,0x7F,0x24,0x49,0x24,0x7F,0x28,0x49,0x28,0x7F,0x10,0x08,
  0x12,0xFF,0xAA,0x08,0x46,0x08,0x82};
const u8g_fntpgm_uint8_t fontpage_286_148_148[55] U8G_FONT_SECTION("fontpage_286_148_148") = {
  0x00,0x10,0x13,0x00,0xFC,0x00,0x00,0x00,0x00,0x00,0x94,0x94,0x00,0x0E,0xFE,0x00,
  0x00,0x0F,0x10,0x20,0x10,0x00,0xFE,0x10,0x28,0x10,0x24,0x13,0xFE,0xFC,0x20,0x10,
  0x20,0x7D,0xFC,0x55,0x24,0x7D,0x24,0x55,0xFC,0x7D,0x24,0x11,0x24,0xFD,0xFC,0x11,
  0x24,0x11,0x24,0x11,0x24,0x11,0x0C};
const u8g_fntpgm_uint8_t fontpage_286_170_170[55] U8G_FONT_SECTION("fontpage_286_170_170") = {
  0x00,0x10,0x13,0x00,0xFC,0x00,0x00,0x00,0x00,0x00,0xAA,0xAA,0x00,0x0E,0xFE,0x00,
  0x00,0x0F,0x10,0x20,0x10,0x00,0xFE,0x10,0x20,0x10,0x20,0x10,0x50,0xFE,0x88,0x11,
  0x04,0x7E,0xFA,0x54,0x00,0x7D,0xFC,0x55,0x54,0x7D,0x54,0x11,0xFC,0xFF,0x54,0x11,
  0x54,0x11,0x54,0x11,0x04,0x11,0x0C};
const u8g_fntpgm_uint8_t fontpage_286_175_175[55] U8G_FONT_SECTION("fontpage_286_175_175") = {
  0x00,0x10,0x13,0x00,0xFC,0x00,0x00,0x00,0x00,0x00,0xAF,0xAF,0x00,0x0E,0xFE,0x00,
  0x00,0x0F,0x10,0x20,0x10,0x00,0xFE,0x10,0x00,0x10,0xF8,0x10,0x88,0xFE,0x88,0x10,
  0xF8,0x7C,0x00,0x55,0xFE,0x7C,0x88,0x54,0xF8,0x7C,0x88,0x10,0xF8,0xFE,0x88,0x10,
  0x9E,0x13,0xE8,0x10,0x08,0x10,0x08};
const u8g_fntpgm_uint8_t fontpage_286_184_184[55] U8G_FONT_SECTION("fontpage_286_184_184") = {
  0x00,0x10,0x13,0x00,0xFC,0x00,0x00,0x00,0x00,0x00,0xB8,0xB8,0x00,0x0E,0xFE,0x00,
  0x00,0x0F,0x10,0x20,0x10,0x00,0xFE,0x20,0x40,0x20,0xA0,0x21,0x10,0xFA,0x08,0x25,
  0xF6,0xF8,0x00,0xAB,0xC4,0xFA,0x54,0xAA,0x54,0xFB,0xD4,0x22,0x54,0xFA,0x54,0x23,
  0xD4,0x22,0x44,0x22,0x54,0x22,0xC8};
const u8g_fntpgm_uint8_t fontpage_286_201_201[55] U8G_FONT_SECTION("fontpage_286_201_201") = {
  0x00,0x10,0x13,0x00,0xFC,0x00,0x00,0x00,0x00,0x00,0xC9,0xC9,0x00,0x0E,0xFE,0x00,
  0x00,0x0F,0x10,0x20,0x10,0x00,0xFE,0x10,0x20,0x13,0xFE,0x10,0x20,0xFD,0xFC,0x11,
  0x24,0x7D,0xFC,0x55,0x24,0x7D,0xFC,0x54,0x22,0x7D,0xFE,0x10,0x08,0xFD,0xFE,0x11,
  0x08,0x10,0x88,0x10,0x28,0x10,0x10};
const u8g_fntpgm_uint8_t fontpage_286_253_253[55] U8G_FONT_SECTION("fontpage_286_253_253") = {
  0x00,0x10,0x13,0x00,0xFC,0x00,0x00,0x00,0x00,0x00,0xFD,0xFD,0x00,0x0E,0xFE,0x00,
  0x00,0x0F,0x10,0x20,0x10,0x00,0xFE,0x08,0x20,0x08,0x28,0x7F,0x24,0x08,0x20,0xFF,
  0xFE,0x10,0x20,0x10,0x24,0xFF,0x24,0x20,0x24,0x48,0x28,0x7F,0x28,0x08,0x10,0x0F,
  0x12,0xF8,0x2A,0x08,0x46,0x08,0x82};
const u8g_fntpgm_uint8_t fontpage_287_209_209[53] U8G_FONT_SECTION("fontpage_287_209_209") = {
  0x00,0x10,0x13,0x00,0xFC,0x00,0x00,0x00,0x00,0x00,0xD1,0xD1,0x00,0x0E,0xFF,0x00,
  0x00,0x0F,0x0F,0x1E,0x10,0x00,0xFF,0x00,0x08,0x20,0x1C,0x11,0xE0,0x11,0x00,0x01,
  0x00,0x01,0xFE,0xF1,0x10,0x11,0x10,0x11,0x10,0x11,0x10,0x12,0x10,0x12,0x10,0x14,
  0x10,0x28,0x00,0x47,0xFE};
const u8g_fntpgm_uint8_t fontpage_287_212_212[53] U8G_FONT_SECTION("fontpage_287_212_212") = {
  0x00,0x10,0x13,0x00,0xFC,0x00,0x00,0x00,0x00,0x00,0xD4,0xD4,0x00,0x0E,0xFF,0x00,
  0x00,0x0F,0x0F,0x1E,0x10,0x00,0xFF,0x00,0x08,0x20,0x3C,0x13,0xC0,0x12,0x00,0x02,
  0x00,0x03,0xFC,0xF2,0x04,0x12,0x88,0x12,0x50,0x12,0x20,0x12,0x50,0x14,0x88,0x15,
  0x04,0x28,0x00,0x47,0xFE};
const u8g_fntpgm_uint8_t fontpage_287_237_237[53] U8G_FONT_SECTION("fontpage_287_237_237") = {
  0x00,0x10,0x13,0x00,0xFC,0x00,0x00,0x00,0x00,0x00,0xED,0xED,0x00,0x0E,0xFF,0x00,
  0x00,0x0F,0x0F,0x1E,0x10,0x00,0xFF,0x00,0x40,0x22,0x40,0x12,0x40,0x13,0xFC,0x02,
  0x40,0x04,0x40,0xF0,0x40,0x17,0xFE,0x10,0x40,0x10,0xA0,0x10,0x90,0x11,0x08,0x12,
  0x08,0x28,0x00,0x47,0xFE};
const u8g_fntpgm_uint8_t fontpage_287_247_247[53] U8G_FONT_SECTION("fontpage_287_247_247") = {
  0x00,0x10,0x13,0x00,0xFC,0x00,0x00,0x00,0x00,0x00,0xF7,0xF7,0x00,0x0E,0xFF,0x00,
  0x00,0x0F,0x0F,0x1E,0x10,0x00,0xFF,0x00,0x40,0x22,0x48,0x11,0x48,0x11,0x50,0x00,
  0x40,0x07,0xFC,0xF0,0x40,0x10,0xE0,0x11,0x50,0x12,0x48,0x14,0x44,0x10,0x40,0x10,
  0x40,0x28,0x00,0x47,0xFE};
const u8g_fntpgm_uint8_t fontpage_288_128_129[91] U8G_FONT_SECTION("fontpage_288_128_129") = {
  0x00,0x10,0x13,0x00,0xFC,0x00,0x00,0x00,0x00,0x00,0x80,0x81,0x00,0x0E,0xFE,0x00,
  0x00,0x0F,0x0F,0x1E,0x10,0x00,0xFF,0x03,0xF8,0x22,0x08,0x12,0x08,0x13,0xF8,0x02,
  0x08,0x02,0x08,0xF3,0xF8,0x12,0x44,0x12,0x28,0x12,0x10,0x12,0x88,0x13,0x04,0x12,
  0x04,0x28,0x00,0x47,0xFE,0x10,0x10,0x20,0x10,0x00,0xFE,0x02,0x02,0x41,0x04,0x30,
  0x88,0x10,0x10,0x03,0xFE,0x00,0x20,0xF0,0x20,0x10,0x20,0x17,0xFF,0x10,0x20,0x10,
  0x50,0x10,0x88,0x11,0x04,0x2A,0x02,0x44,0x01,0x83,0xFF};
const u8g_fntpgm_uint8_t fontpage_288_144_144[51] U8G_FONT_SECTION("fontpage_288_144_144") = {
  0x00,0x10,0x13,0x00,0xFC,0x00,0x00,0x00,0x00,0x00,0x90,0x90,0x00,0x0D,0xFF,0x00,
  0x00,0x0F,0x0E,0x1C,0x10,0x00,0xFF,0x23,0xFC,0x10,0x40,0x10,0x80,0x01,0x44,0x06,
  0x68,0xF0,0xB0,0x11,0x28,0x16,0x68,0x10,0xA4,0x11,0x24,0x16,0x20,0x10,0xA0,0x28,
  0x40,0x47,0xFE};
const u8g_fntpgm_uint8_t fontpage_288_154_154[53] U8G_FONT_SECTION("fontpage_288_154_154") = {
  0x00,0x10,0x13,0x00,0xFC,0x00,0x00,0x00,0x00,0x00,0x9A,0x9A,0x00,0x0D,0xFE,0x00,
  0x00,0x0F,0x0F,0x1E,0x10,0x00,0xFE,0x47,0xF8,0x20,0x10,0x21,0xA0,0x00,0x40,0x07,
  0xFC,0xE4,0x44,0x24,0x44,0x27,0xFC,0x24,0x44,0x24,0x44,0x27,0xFC,0x24,0x44,0x24,
  0x54,0x54,0x08,0x8F,0xFE};
const u8g_fntpgm_uint8_t fontpage_288_159_160[89] U8G_FONT_SECTION("fontpage_288_159_160") = {
  0x00,0x10,0x13,0x00,0xFC,0x00,0x00,0x00,0x00,0x00,0x9F,0xA0,0x00,0x0E,0xFF,0x00,
  0x00,0x0F,0x0F,0x1E,0x10,0x00,0xFF,0x00,0x40,0x20,0x40,0x17,0xFC,0x10,0x40,0x03,
  0xF8,0x02,0x48,0xF2,0x48,0x13,0xF8,0x10,0xE0,0x11,0x50,0x12,0x48,0x14,0x44,0x10,
  0x40,0x28,0x00,0x47,0xFE,0x0F,0x0F,0x1E,0x10,0x00,0xFF,0x00,0x40,0x22,0x40,0x13,
  0xF8,0x14,0x40,0x00,0x40,0x07,0xFC,0xF0,0x00,0x10,0x00,0x13,0xF8,0x12,0x08,0x12,
  0x08,0x13,0xF8,0x12,0x08,0x28,0x00,0x47,0xFE};
const u8g_fntpgm_uint8_t fontpage_288_163_163[53] U8G_FONT_SECTION("fontpage_288_163_163") = {
  0x00,0x10,0x13,0x00,0xFC,0x00,0x00,0x00,0x00,0x00,0xA3,0xA3,0x00,0x0E,0xFF,0x00,
  0x00,0x0F,0x0F,0x1E,0x10,0x00,0xFF,0x00,0x40,0x40,0x40,0x2F,0xFE,0x20,0x40,0x07,
  0xFC,0x04,0x44,0xE7,0xFC,0x24,0x44,0x27,0xFC,0x20,0x40,0x2F,0xFE,0x20,0x40,0x20,
  0x40,0x50,0x40,0x8F,0xFE};
const u8g_fntpgm_uint8_t fontpage_288_178_178[53] U8G_FONT_SECTION("fontpage_288_178_178") = {
  0x00,0x10,0x13,0x00,0xFC,0x00,0x00,0x00,0x00,0x00,0xB2,0xB2,0x00,0x0E,0xFF,0x00,
  0x00,0x0F,0x0F,0x1E,0x10,0x00,0xFF,0x01,0x40,0x21,0x20,0x13,0xFE,0x12,0x20,0x06,
  0x20,0x0B,0xFC,0xF2,0x20,0x12,0x20,0x13,0xFC,0x12,0x20,0x12,0x20,0x13,0xFE,0x12,
  0x00,0x28,0x00,0x47,0xFE};
const u8g_fntpgm_uint8_t fontpage_288_190_190[55] U8G_FONT_SECTION("fontpage_288_190_190") = {
  0x00,0x10,0x13,0x00,0xFC,0x00,0x00,0x00,0x00,0x00,0xBE,0xBE,0x00,0x0E,0xFE,0x00,
  0x00,0x0F,0x10,0x20,0x10,0x00,0xFE,0x00,0x40,0x40,0xA0,0x21,0x10,0x22,0x08,0x0D,
  0xF6,0x00,0x00,0xE7,0x84,0x24,0xA4,0x27,0xA4,0x24,0xA4,0x27,0xA4,0x24,0x84,0x24,
  0x94,0x25,0x88,0x50,0x00,0x8F,0xFE};
const u8g_fntpgm_uint8_t fontpage_288_202_203[87] U8G_FONT_SECTION("fontpage_288_202_203") = {
  0x00,0x10,0x13,0x00,0xFC,0x00,0x00,0x00,0x00,0x00,0xCA,0xCB,0x00,0x0E,0xFF,0x00,
  0x00,0x0F,0x0F,0x1E,0x10,0x00,0xFF,0x04,0x20,0x42,0x20,0x2F,0xBE,0x24,0x40,0x04,
  0x3C,0x07,0x84,0xE4,0x88,0x24,0x88,0x24,0xFE,0x24,0x88,0x24,0x88,0x28,0x88,0x29,
  0xA8,0x50,0x10,0x8F,0xFE,0x0F,0x0E,0x1C,0x10,0x00,0xFF,0x27,0xFC,0x14,0x44,0x13,
  0xF8,0x00,0x40,0x03,0xF8,0xF2,0x48,0x13,0xF8,0x12,0x48,0x13,0xF8,0x10,0x40,0x17,
  0xFC,0x10,0x40,0x28,0x40,0x47,0xFE};
const u8g_fntpgm_uint8_t fontpage_288_206_206[53] U8G_FONT_SECTION("fontpage_288_206_206") = {
  0x00,0x10,0x13,0x00,0xFC,0x00,0x00,0x00,0x00,0x00,0xCE,0xCE,0x00,0x0E,0xFF,0x00,
  0x00,0x0F,0x0F,0x1E,0x10,0x00,0xFF,0x01,0xF8,0x21,0x08,0x11,0xE8,0x11,0x28,0x01,
  0x28,0x03,0xFC,0xF2,0x04,0x12,0xF4,0x12,0x94,0x12,0xF4,0x12,0x04,0x12,0x14,0x12,
  0x08,0x28,0x00,0x47,0xFE};
const u8g_fntpgm_uint8_t fontpage_288_211_212[89] U8G_FONT_SECTION("fontpage_288_211_212") = {
  0x00,0x10,0x13,0x00,0xFC,0x00,0x00,0x00,0x00,0x00,0xD3,0xD4,0x00,0x0E,0xFF,0x00,
  0x00,0x0F,0x0F,0x1E,0x10,0x00,0xFF,0x02,0x08,0x21,0x10,0x10,0x00,0x17,0xFC,0x00,
  0x80,0x03,0xF8,0xF2,0x08,0x13,0xF8,0x12,0x08,0x13,0xF8,0x12,0x08,0x13,0xF8,0x12,
  0x08,0x28,0x00,0x47,0xFE,0x0F,0x0F,0x1E,0x10,0x00,0xFF,0x00,0x40,0x20,0x40,0x13,
  0xF8,0x10,0x40,0x07,0xFC,0x01,0x10,0xF0,0xA0,0x17,0xFC,0x10,0x40,0x13,0xF8,0x10,
  0x40,0x17,0xFC,0x10,0x40,0x28,0x40,0x47,0xFE};
const u8g_fntpgm_uint8_t fontpage_288_247_248[89] U8G_FONT_SECTION("fontpage_288_247_248") = {
  0x00,0x10,0x13,0x00,0xFC,0x00,0x00,0x00,0x00,0x00,0xF7,0xF8,0x00,0x0E,0xFF,0x00,
  0x00,0x0F,0x0F,0x1E,0x10,0x00,0xFF,0x07,0xFC,0x20,0xA0,0x17,0xFC,0x14,0xA4,0x07,
  0xFC,0x00,0x80,0xF7,0xFE,0x12,0x08,0x15,0xF4,0x19,0x12,0x11,0xF0,0x11,0x04,0x10,
  0xFC,0x28,0x00,0x47,0xFE,0x0F,0x0F,0x1E,0x10,0x00,0xFF,0x0F,0x3C,0x49,0x24,0x2F,
  0x3C,0x28,0xA2,0x07,0x9E,0x01,0x10,0xE7,0xFC,0x21,0x10,0x21,0x10,0x2F,0xFE,0x21,
  0x10,0x22,0x08,0x24,0x04,0x50,0x00,0x8F,0xFE};
const u8g_fntpgm_uint8_t fontpage_288_255_255[53] U8G_FONT_SECTION("fontpage_288_255_255") = {
  0x00,0x10,0x13,0x00,0xFC,0x00,0x00,0x00,0x00,0x00,0xFF,0xFF,0x00,0x0E,0xFF,0x00,
  0x00,0x0F,0x0F,0x1E,0x10,0x00,0xFF,0x00,0x10,0x47,0x88,0x24,0xBE,0x24,0x80,0x04,
  0xA2,0x07,0x94,0xE4,0x3E,0x28,0x08,0x2F,0x88,0x34,0xBE,0x24,0x88,0x27,0x88,0x24,
  0x88,0x50,0x00,0x8F,0xFE};
const u8g_fntpgm_uint8_t fontpage_289_132_132[51] U8G_FONT_SECTION("fontpage_289_132_132") = {
  0x00,0x10,0x13,0x00,0xFC,0x00,0x00,0x00,0x00,0x00,0x84,0x84,0x00,0x0D,0xFF,0x00,
  0x00,0x0F,0x0E,0x1C,0x10,0x00,0xFF,0x47,0xFC,0x24,0xA4,0x27,0xFC,0x00,0x00,0x0F,
  0xFE,0xE0,0x00,0x23,0xF8,0x22,0x08,0x23,0xF8,0x21,0x44,0x23,0x28,0x2D,0x90,0x51,
  0x08,0x8F,0xFE};
const u8g_fntpgm_uint8_t fontpage_289_138_138[55] U8G_FONT_SECTION("fontpage_289_138_138") = {
  0x00,0x10,0x13,0x00,0xFC,0x00,0x00,0x00,0x00,0x00,0x8A,0x8A,0x00,0x0E,0xFE,0x00,
  0x00,0x0F,0x10,0x20,0x10,0x00,0xFE,0x00,0x80,0x47,0xF8,0x25,0x48,0x24,0xA8,0x07,
  0xF8,0x00,0x40,0xEF,0xFC,0x2A,0x14,0x24,0x88,0x2B,0xF4,0x21,0x00,0x21,0xF0,0x22,
  0x10,0x24,0x30,0x50,0x00,0x8F,0xFE};
const u8g_fntpgm_uint8_t fontpage_289_232_232[55] U8G_FONT_SECTION("fontpage_289_232_232") = {
  0x00,0x10,0x13,0x00,0xFC,0x00,0x00,0x00,0x00,0x00,0xE8,0xE8,0x00,0x0E,0xFE,0x00,
  0x00,0x0F,0x10,0x20,0x10,0x00,0xFE,0x10,0x00,0x08,0x3E,0x7F,0xA2,0x00,0x24,0x21,
  0x24,0x12,0x28,0xFF,0xE4,0x00,0x24,0x00,0x22,0x3F,0x22,0x21,0x22,0x21,0x34,0x21,
  0x28,0x3F,0x20,0x21,0x20,0x00,0x20};
const u8g_fntpgm_uint8_t fontpage_291_203_203[55] U8G_FONT_SECTION("fontpage_291_203_203") = {
  0x00,0x10,0x13,0x00,0xFC,0x00,0x00,0x00,0x00,0x00,0xCB,0xCB,0x00,0x0E,0xFE,0x00,
  0x00,0x0F,0x10,0x20,0x10,0x00,0xFE,0x0C,0x00,0xF1,0xFC,0x11,0x54,0x55,0xFC,0x38,
  0x20,0x11,0xFC,0xFC,0x20,0x13,0xFE,0x30,0x88,0x38,0x50,0x55,0xFC,0x50,0x20,0x93,
  0xFE,0x10,0x20,0x10,0x20,0x10,0x20};
const u8g_fntpgm_uint8_t fontpage_291_205_205[53] U8G_FONT_SECTION("fontpage_291_205_205") = {
  0x00,0x10,0x13,0x00,0xFC,0x00,0x00,0x00,0x00,0x00,0xCD,0xCD,0x00,0x0E,0xFF,0x00,
  0x00,0x0F,0x0F,0x1E,0x10,0x00,0xFF,0x00,0x10,0x00,0xF8,0x3F,0x00,0x01,0x00,0xFF,
  0xFE,0x01,0x00,0x1F,0xF0,0x11,0x10,0x1F,0xF0,0x11,0x10,0x1F,0xF0,0x01,0x00,0x3F,
  0xF8,0x01,0x00,0xFF,0xFE};
const u8g_fntpgm_uint8_t fontpage_291_207_207[53] U8G_FONT_SECTION("fontpage_291_207_207") = {
  0x00,0x10,0x13,0x00,0xFC,0x00,0x00,0x00,0x00,0x00,0xCF,0xCF,0x00,0x0D,0xFE,0x00,
  0x00,0x0F,0x0F,0x1E,0x10,0x00,0xFE,0x1F,0xF0,0x10,0x10,0x1F,0xF0,0x10,0x10,0xFF,
  0xFE,0x00,0x00,0x1F,0xF0,0x11,0x10,0x1F,0xF0,0x11,0x10,0x1F,0xF0,0x01,0x00,0x1F,
  0xF0,0x01,0x00,0x7F,0xFC};
const u8g_fntpgm_uint8_t fontpage_291_221_221[55] U8G_FONT_SECTION("fontpage_291_221_221") = {
  0x00,0x10,0x13,0x00,0xFC,0x00,0x00,0x00,0x00,0x00,0xDD,0xDD,0x00,0x0E,0xFE,0x00,
  0x00,0x0F,0x10,0x20,0x10,0x00,0xFE,0x10,0x20,0x10,0x20,0x28,0x20,0x24,0x20,0x42,
  0x20,0xBC,0x20,0x13,0xFE,0x10,0x20,0xFE,0x20,0x10,0x20,0x94,0x20,0x58,0x20,0x50,
  0x20,0x1E,0x20,0xF0,0x20,0x40,0x20};
const u8g_fntpgm_uint8_t fontpage_292_149_149[55] U8G_FONT_SECTION("fontpage_292_149_149") = {
  0x00,0x10,0x13,0x00,0xFC,0x00,0x00,0x00,0x00,0x00,0x95,0x95,0x00,0x0E,0xFE,0x00,
  0x00,0x0F,0x10,0x20,0x10,0x00,0xFE,0x10,0x00,0x11,0xF8,0x28,0x48,0x24,0x48,0x40,
  0x48,0xB8,0x48,0x10,0x48,0x11,0xF8,0xFC,0x88,0x10,0x88,0x94,0x88,0x58,0x88,0x50,
  0x88,0x1C,0x88,0xE3,0xFE,0x40,0x00};
const u8g_fntpgm_uint8_t fontpage_294_175_175[55] U8G_FONT_SECTION("fontpage_294_175_175") = {
  0x00,0x10,0x13,0x00,0xFC,0x00,0x00,0x00,0x00,0x00,0xAF,0xAF,0x00,0x0E,0xFE,0x00,
  0x00,0x0F,0x10,0x20,0x10,0x00,0xFE,0x10,0x48,0x10,0x48,0x28,0x48,0x25,0xFE,0x42,
  0x48,0xBC,0x48,0x11,0xFE,0x10,0x00,0xFE,0xFC,0x10,0x84,0x94,0x84,0x58,0xFC,0x50,
  0x84,0x1E,0x84,0xF0,0xFC,0x40,0x84};
const u8g_fntpgm_uint8_t fontpage_294_245_245[53] U8G_FONT_SECTION("fontpage_294_245_245") = {
  0x00,0x10,0x13,0x00,0xFC,0x00,0x00,0x00,0x00,0x00,0xF5,0xF5,0x00,0x0E,0xFF,0x00,
  0x00,0x0F,0x0F,0x1E,0x10,0x00,0xFF,0x20,0x10,0x20,0x10,0x57,0x7C,0x49,0x14,0x81,
  0xFE,0x72,0x14,0x22,0x7C,0x27,0x10,0xF1,0x7C,0x25,0x10,0xA5,0xFE,0x72,0x10,0x22,
  0x10,0x35,0x00,0xC8,0xFE};
const u8g_fntpgm_uint8_t fontpage_295_150_150[55] U8G_FONT_SECTION("fontpage_295_150_150") = {
  0x00,0x10,0x13,0x00,0xFC,0x00,0x00,0x00,0x00,0x00,0x96,0x96,0x00,0x0E,0xFE,0x00,
  0x00,0x0E,0x10,0x20,0x10,0x00,0xFE,0x10,0x20,0x11,0x24,0x28,0xA8,0x24,0x20,0x41,
  0xFC,0xB9,0x04,0x11,0x04,0x11,0xFC,0xFD,0x04,0x11,0xFC,0x95,0x04,0x59,0x04,0x51,
  0xFC,0x1C,0x00,0xE0,0x88,0x41,0x04};
const u8g_fntpgm_uint8_t fontpage_298_247_247[53] U8G_FONT_SECTION("fontpage_298_247_247") = {
  0x00,0x10,0x13,0x00,0xFC,0x00,0x00,0x00,0x00,0x00,0xF7,0xF7,0x00,0x0D,0xFE,0x00,
  0x00,0x0F,0x0F,0x1E,0x10,0x00,0xFE,0x0F,0xF8,0x08,0x00,0x0F,0xF0,0x08,0x00,0x0F,
  0xF0,0x08,0x00,0xFF,0xFE,0x12,0x00,0x11,0x10,0x10,0xA0,0x10,0x40,0x12,0x20,0x14,
  0x18,0x18,0x06,0x10,0x00};
const u8g_fntpgm_uint8_t fontpage_299_137_137[53] U8G_FONT_SECTION("fontpage_299_137_137") = {
  0x00,0x10,0x13,0x00,0xFC,0x00,0x00,0x00,0x00,0x00,0x89,0x89,0x00,0x0D,0xFE,0x00,
  0x00,0x0D,0x0F,0x1E,0x10,0x01,0xFE,0xF8,0xF8,0x88,0x88,0xF8,0xF8,0x88,0x88,0xF8,
  0xF8,0x81,0x08,0x81,0x08,0x9F,0xE8,0x83,0x08,0x85,0x08,0x89,0x08,0x91,0x08,0x85,
  0x08,0x82,0x28,0x80,0x10};
const u8g_fntpgm_uint8_t fontpage_299_139_139[53] U8G_FONT_SECTION("fontpage_299_139_139") = {
  0x00,0x10,0x13,0x00,0xFC,0x00,0x00,0x00,0x00,0x00,0x8B,0x8B,0x00,0x0D,0xFE,0x00,
  0x00,0x0C,0x0F,0x1E,0x10,0x01,0xFE,0xF9,0xF0,0x89,0x10,0xF9,0xF0,0x89,0x10,0xF9,
  0xF0,0x80,0x10,0x9F,0x90,0x89,0x10,0x89,0x10,0xBF,0xD0,0x89,0x10,0x89,0x10,0x91,
  0x10,0xA1,0x50,0x80,0x20};
const u8g_fntpgm_uint8_t fontpage_299_146_147[91] U8G_FONT_SECTION("fontpage_299_146_147") = {
  0x00,0x10,0x13,0x00,0xFC,0x00,0x00,0x00,0x00,0x00,0x92,0x93,0x00,0x0E,0xFE,0x00,
  0x00,0x0D,0x10,0x20,0x10,0x01,0xFE,0xF8,0xF8,0x88,0x88,0xF8,0xF8,0x88,0x88,0xF8,
  0xF8,0x80,0x08,0x8F,0xC8,0x88,0x48,0x8F,0xC8,0x88,0x48,0x8F,0xC8,0x88,0x48,0x91,
  0x48,0xA0,0x88,0x80,0x28,0x80,0x10,0x0C,0x0F,0x1E,0x10,0x01,0xFE,0xF9,0xF0,0x89,
  0x10,0xF9,0xF0,0x89,0x10,0xF9,0xF0,0x80,0x10,0x9F,0x90,0x90,0x90,0x9F,0x90,0x90,
  0x90,0x9F,0x90,0x90,0x90,0x80,0x10,0x80,0x50,0x80,0x20};
const u8g_fntpgm_uint8_t fontpage_299_190_190[55] U8G_FONT_SECTION("fontpage_299_190_190") = {
  0x00,0x10,0x13,0x00,0xFC,0x00,0x00,0x00,0x00,0x00,0xBE,0xBE,0x00,0x0E,0xFE,0x00,
  0x00,0x0D,0x10,0x20,0x10,0x01,0xFE,0xF8,0xF8,0x88,0x88,0xF8,0xF8,0x88,0x88,0xF8,
  0xF8,0x81,0x08,0x81,0x48,0xBF,0xE8,0x81,0x08,0x9D,0x48,0x95,0x48,0x9D,0x48,0x80,
  0xA8,0x8D,0x68,0xB2,0x28,0x84,0x18};
const u8g_fntpgm_uint8_t fontpage_299_220_220[55] U8G_FONT_SECTION("fontpage_299_220_220") = {
  0x00,0x10,0x13,0x00,0xFC,0x00,0x00,0x00,0x00,0x00,0xDC,0xDC,0x00,0x0E,0xFE,0x00,
  0x00,0x0D,0x10,0x20,0x10,0x01,0xFE,0xF8,0xF8,0x88,0x88,0xF8,0xF8,0x88,0x88,0xF8,
  0xF8,0x90,0x88,0xA5,0x28,0xB9,0xC8,0x94,0xA8,0xBD,0xE8,0x85,0x08,0xA5,0x28,0xBD,
  0xE8,0x85,0x08,0x89,0x28,0x91,0x10};
const u8g_fntpgm_uint8_t fontpage_300_187_187[53] U8G_FONT_SECTION("fontpage_300_187_187") = {
  0x00,0x10,0x13,0x00,0xFC,0x00,0x00,0x00,0x00,0x00,0xBB,0xBB,0x00,0x0D,0xFE,0x00,
  0x00,0x0E,0x0F,0x1E,0x10,0x01,0xFE,0xFB,0xF0,0x8A,0x10,0x92,0x10,0x92,0x10,0xA3,
  0xF0,0x92,0x10,0x92,0x10,0x8A,0x10,0x8B,0xF0,0x8A,0x10,0xD2,0x10,0xA2,0x10,0x82,
  0x10,0x8F,0xFC,0x80,0x00};
const u8g_fntpgm_uint8_t fontpage_300_205_205[55] U8G_FONT_SECTION("fontpage_300_205_205") = {
  0x00,0x10,0x13,0x00,0xFC,0x00,0x00,0x00,0x00,0x00,0xCD,0xCD,0x00,0x0E,0xFE,0x00,
  0x00,0x0E,0x10,0x20,0x10,0x01,0xFE,0x01,0x00,0xF9,0x00,0x89,0xF8,0x92,0x10,0x95,
  0x20,0xA0,0xC0,0x93,0x30,0x9C,0x4C,0x88,0x40,0x8B,0xF8,0x88,0x40,0xD4,0x40,0xA7,
  0xFC,0x80,0x40,0x80,0x40,0x80,0x40};
const u8g_fntpgm_uint8_t fontpage_300_208_208[53] U8G_FONT_SECTION("fontpage_300_208_208") = {
  0x00,0x10,0x13,0x00,0xFC,0x00,0x00,0x00,0x00,0x00,0xD0,0xD0,0x00,0x0D,0xFE,0x00,
  0x00,0x0E,0x0F,0x1E,0x10,0x01,0xFE,0xF7,0xF0,0x94,0x10,0xA4,0x10,0xA7,0xF0,0xC4,
  0x10,0xA4,0x10,0x97,0xF0,0x94,0x88,0x94,0x90,0xD4,0x60,0xA4,0x40,0x84,0x20,0x85,
  0x10,0x86,0x0C,0x84,0x00};
const u8g_fntpgm_uint8_t fontpage_300_228_228[53] U8G_FONT_SECTION("fontpage_300_228_228") = {
  0x00,0x10,0x13,0x00,0xFC,0x00,0x00,0x00,0x00,0x00,0xE4,0xE4,0x00,0x0D,0xFE,0x00,
  0x00,0x0E,0x0F,0x1E,0x10,0x01,0xFE,0xF0,0x80,0x90,0x80,0xA1,0x40,0xA2,0x20,0xC4,
  0x10,0xAB,0xEC,0x90,0x80,0x90,0x80,0x97,0xF8,0xD0,0x80,0xA2,0xA0,0x84,0x90,0x88,
  0x88,0x82,0x88,0x81,0x00};
const u8g_fntpgm_uint8_t fontpage_301_142_142[55] U8G_FONT_SECTION("fontpage_301_142_142") = {
  0x00,0x10,0x13,0x00,0xFC,0x00,0x00,0x00,0x00,0x00,0x8E,0x8E,0x00,0x0E,0xFE,0x00,
  0x00,0x0E,0x10,0x20,0x10,0x01,0xFE,0x02,0x20,0xFA,0x24,0x8B,0xA8,0x92,0x30,0x92,
  0xA4,0xA3,0x24,0x92,0x5C,0x90,0x80,0x8B,0xF8,0x8A,0x08,0x8A,0x08,0xD3,0xF8,0xA2,
  0x08,0x82,0x08,0x83,0xF8,0x82,0x08};
const u8g_fntpgm_uint8_t fontpage_301_153_153[55] U8G_FONT_SECTION("fontpage_301_153_153") = {
  0x00,0x10,0x13,0x00,0xFC,0x00,0x00,0x00,0x00,0x00,0x99,0x99,0x00,0x0E,0xFE,0x00,
  0x00,0x0E,0x10,0x20,0x10,0x01,0xFE,0x00,0x40,0xF9,0x50,0x8A,0x48,0x94,0x44,0x90,
  0x00,0xA3,0xF8,0x92,0x08,0x93,0xF8,0x8A,0x08,0x8B,0xF8,0x88,0x40,0xD1,0x50,0xA2,
  0x48,0x84,0x44,0x81,0x40,0x80,0x80};
const u8g_fntpgm_uint8_t fontpage_301_156_156[55] U8G_FONT_SECTION("fontpage_301_156_156") = {
  0x00,0x10,0x13,0x00,0xFC,0x00,0x00,0x00,0x00,0x00,0x9C,0x9C,0x00,0x0E,0xFE,0x00,
  0x00,0x0E,0x10,0x20,0x10,0x01,0xFE,0x00,0x40,0xFB,0xF8,0x89,0x10,0x90,0xA0,0x97,
  0xFC,0xA0,0x00,0x93,0xF8,0x92,0x08,0x8B,0xF8,0x8A,0x08,0x8B,0xF8,0xD0,0x40,0xA7,
  0xFC,0x80,0x40,0x80,0x40,0x80,0x40};
const u8g_fntpgm_uint8_t fontpage_301_168_168[55] U8G_FONT_SECTION("fontpage_301_168_168") = {
  0x00,0x10,0x13,0x00,0xFC,0x00,0x00,0x00,0x00,0x00,0xA8,0xA8,0x00,0x0E,0xFE,0x00,
  0x00,0x0E,0x10,0x20,0x10,0x01,0xFE,0x00,0x40,0xF3,0xFC,0x98,0x80,0x95,0xF8,0xA2,
  0x20,0xA5,0xFC,0xC0,0x00,0xAD,0xF8,0x95,0x08,0x95,0xF8,0x95,0x08,0xD5,0xF8,0xA5,
  0x08,0x85,0x18,0x8A,0x00,0x91,0xFC};
const u8g_fntpgm_uint8_t fontpage_301_170_170[55] U8G_FONT_SECTION("fontpage_301_170_170") = {
  0x00,0x10,0x13,0x00,0xFC,0x00,0x00,0x00,0x00,0x00,0xAA,0xAA,0x00,0x0E,0xFE,0x00,
  0x00,0x0E,0x10,0x20,0x10,0x01,0xFE,0x00,0x40,0xF8,0x40,0x88,0xA0,0x91,0x10,0x92,
  0x08,0xA5,0xF4,0x90,0x00,0x90,0x00,0x8B,0xB8,0x8A,0xA8,0x8A,0xA8,0xD3,0xB8,0xA1,
  0x10,0x81,0x10,0x82,0xA8,0x84,0x44};
const u8g_fntpgm_uint8_t fontpage_301_217_217[55] U8G_FONT_SECTION("fontpage_301_217_217") = {
  0x00,0x10,0x13,0x00,0xFC,0x00,0x00,0x00,0x00,0x00,0xD9,0xD9,0x00,0x0E,0xFE,0x00,
  0x00,0x0F,0x10,0x20,0x10,0x00,0xFE,0x08,0x10,0x24,0x48,0x3F,0x7E,0x64,0xC8,0xBF,
  0x7E,0x24,0x48,0x3F,0x7E,0x24,0x48,0x3F,0x7E,0x20,0x40,0x1F,0xF0,0x08,0x20,0x04,
  0x40,0x03,0x80,0x1C,0x70,0xE0,0x0E};
const u8g_fntpgm_uint8_t fontpage_301_226_226[55] U8G_FONT_SECTION("fontpage_301_226_226") = {
  0x00,0x10,0x13,0x00,0xFC,0x00,0x00,0x00,0x00,0x00,0xE2,0xE2,0x00,0x0E,0xFE,0x00,
  0x00,0x0E,0x10,0x20,0x10,0x01,0xFE,0x20,0x50,0x10,0x48,0xFE,0x80,0x28,0xFC,0x93,
  0x90,0xAA,0x90,0x82,0xFC,0xFE,0x90,0x10,0x90,0xFE,0xFC,0xA2,0x90,0xAA,0x90,0xBA,
  0x90,0x82,0xFC,0x8A,0x80,0x84,0x80};
const u8g_fntpgm_uint8_t fontpage_301_246_247[91] U8G_FONT_SECTION("fontpage_301_246_247") = {
  0x00,0x10,0x13,0x00,0xFC,0x00,0x00,0x00,0x00,0x00,0xF6,0xF7,0x00,0x0E,0xFE,0x00,
  0x00,0x0F,0x10,0x20,0x10,0x00,0xFE,0x3F,0xF8,0x01,0x00,0x7F,0xFE,0x41,0x02,0x9D,
  0x74,0x01,0x00,0x1D,0x70,0x02,0x80,0x0C,0x60,0x32,0x18,0xC1,0x06,0x1F,0xE0,0x00,
  0x20,0x06,0x40,0x01,0x80,0x00,0x40,0x0F,0x0F,0x1E,0x10,0x00,0xFE,0x3F,0xF8,0x01,
  0x00,0x7F,0xFE,0x41,0x02,0x9D,0x74,0x01,0x00,0x1D,0x70,0x00,0x00,0x3F,0xF8,0x21,
  0x08,0x21,0x08,0x3F,0xF8,0x21,0x08,0x21,0x08,0x3F,0xF8};
const u8g_fntpgm_uint8_t fontpage_301_251_251[55] U8G_FONT_SECTION("fontpage_301_251_251") = {
  0x00,0x10,0x13,0x00,0xFC,0x00,0x00,0x00,0x00,0x00,0xFB,0xFB,0x00,0x0E,0xFE,0x00,
  0x00,0x0F,0x10,0x20,0x10,0x00,0xFE,0x3F,0xF8,0x01,0x00,0x7F,0xFE,0x41,0x02,0x9D,
  0x74,0x01,0x00,0x1D,0x70,0x00,0x00,0x3F,0xF8,0x21,0x08,0x3F,0xF8,0x21,0x08,0x3F,
  0xF8,0x01,0x02,0x01,0x02,0x00,0xFE};
const u8g_fntpgm_uint8_t fontpage_302_128_128[53] U8G_FONT_SECTION("fontpage_302_128_128") = {
  0x00,0x10,0x13,0x00,0xFC,0x00,0x00,0x00,0x00,0x00,0x80,0x80,0x00,0x0D,0xFE,0x00,
  0x00,0x0F,0x0F,0x1E,0x10,0x00,0xFE,0x3F,0xF8,0x01,0x00,0x7F,0xFE,0x41,0x02,0x9D,
  0x74,0x01,0x00,0x1D,0x70,0x00,0x00,0xFF,0xFE,0x02,0x00,0x3F,0xF8,0x24,0x88,0x24,
  0x88,0x24,0xA8,0x20,0x10};
const u8g_fntpgm_uint8_t fontpage_302_200_200[55] U8G_FONT_SECTION("fontpage_302_200_200") = {
  0x00,0x10,0x13,0x00,0xFC,0x00,0x00,0x00,0x00,0x00,0xC8,0xC8,0x00,0x0E,0xFE,0x00,
  0x00,0x0F,0x10,0x20,0x10,0x00,0xFE,0x3F,0xF8,0x01,0x00,0x7F,0xFE,0x41,0x02,0x9D,
  0x74,0x01,0x00,0x1D,0x70,0x00,0x00,0x3B,0xB8,0x2A,0xA8,0x3B,0xB8,0x00,0x00,0x7F,
  0xFC,0x11,0x10,0x29,0x28,0xFF,0xFE};
const u8g_fntpgm_uint8_t fontpage_302_210_210[55] U8G_FONT_SECTION("fontpage_302_210_210") = {
  0x00,0x10,0x13,0x00,0xFC,0x00,0x00,0x00,0x00,0x00,0xD2,0xD2,0x00,0x0E,0xFE,0x00,
  0x00,0x0F,0x10,0x20,0x10,0x00,0xFE,0x01,0x00,0x01,0x00,0x7F,0xFC,0x01,0x00,0x3F,
  0xF8,0x01,0x00,0xFF,0xFE,0x00,0x00,0x1F,0xF0,0x10,0x10,0x1F,0xF0,0x10,0x10,0x1F,
  0xF0,0x10,0x10,0x10,0x50,0x10,0x20};
const u8g_fntpgm_uint8_t fontpage_302_222_222[55] U8G_FONT_SECTION("fontpage_302_222_222") = {
  0x00,0x10,0x13,0x00,0xFC,0x00,0x00,0x00,0x00,0x00,0xDE,0xDE,0x00,0x0E,0xFE,0x00,
  0x00,0x0F,0x10,0x20,0x10,0x00,0xFE,0x04,0x40,0x04,0x40,0x04,0x40,0xFC,0x7E,0x04,
  0x40,0x04,0x40,0x04,0x40,0x7C,0x7C,0x04,0x40,0x04,0x40,0x04,0x40,0x04,0x40,0xFC,
  0x7E,0x04,0x40,0x04,0x40,0x04,0x40};
const u8g_fntpgm_uint8_t fontpage_302_226_226[53] U8G_FONT_SECTION("fontpage_302_226_226") = {
  0x00,0x10,0x13,0x00,0xFC,0x00,0x00,0x00,0x00,0x00,0xE2,0xE2,0x00,0x0D,0xFE,0x00,
  0x00,0x0F,0x0F,0x1E,0x10,0x00,0xFE,0xFF,0xFE,0x02,0x00,0x02,0x00,0x04,0x00,0x3F,
  0xF8,0x24,0x48,0x24,0x48,0x27,0xC8,0x24,0x48,0x24,0x48,0x27,0xC8,0x24,0x48,0x24,
  0x48,0x3F,0xF8,0x20,0x08};
const u8g_fntpgm_uint8_t fontpage_303_204_204[55] U8G_FONT_SECTION("fontpage_303_204_204") = {
  0x00,0x10,0x13,0x00,0xFC,0x00,0x00,0x00,0x00,0x00,0xCC,0xCC,0x00,0x0E,0xFE,0x00,
  0x00,0x0F,0x10,0x20,0x10,0x00,0xFE,0x10,0x00,0x10,0x00,0x7E,0xFE,0x22,0x12,0xFF,
  0x12,0x00,0x52,0x7E,0x52,0x42,0x52,0x7E,0x92,0x08,0x12,0x7E,0x12,0x08,0x22,0x48,
  0x22,0x7E,0x42,0x08,0x8A,0x09,0x04};
const u8g_fntpgm_uint8_t fontpage_303_243_243[55] U8G_FONT_SECTION("fontpage_303_243_243") = {
  0x00,0x10,0x13,0x00,0xFC,0x00,0x00,0x00,0x00,0x00,0xF3,0xF3,0x00,0x0E,0xFE,0x00,
  0x00,0x0F,0x10,0x20,0x10,0x00,0xFE,0x02,0x00,0x01,0x00,0x3F,0xF8,0x00,0x00,0x08,
  0x20,0x04,0x40,0xFF,0xFE,0x00,0x00,0x1F,0xF0,0x10,0x10,0x10,0x10,0x1F,0xF0,0x10,
  0x10,0x10,0x10,0x1F,0xF0,0x10,0x10};
const u8g_fntpgm_uint8_t fontpage_303_255_255[55] U8G_FONT_SECTION("fontpage_303_255_255") = {
  0x00,0x10,0x13,0x00,0xFC,0x00,0x00,0x00,0x00,0x00,0xFF,0xFF,0x00,0x0E,0xFE,0x00,
  0x00,0x0F,0x10,0x20,0x10,0x00,0xFE,0x11,0x00,0x23,0xDE,0x7A,0x52,0x13,0xD4,0x2A,
  0x52,0x7B,0xDA,0x12,0x94,0x23,0x50,0x01,0x00,0x3F,0xF8,0x04,0x40,0xFF,0xFE,0x10,
  0x10,0x1F,0xF0,0x10,0x10,0x1F,0xF0};
const u8g_fntpgm_uint8_t fontpage_304_129_129[53] U8G_FONT_SECTION("fontpage_304_129_129") = {
  0x00,0x10,0x13,0x00,0xFC,0x00,0x00,0x00,0x00,0x00,0x81,0x81,0x00,0x0D,0xFE,0x00,
  0x00,0x0E,0x0F,0x1E,0x10,0x01,0xFE,0xFF,0xFC,0x04,0x00,0x08,0x00,0x3F,0xF0,0x20,
  0x10,0x20,0x10,0x3F,0xF0,0x20,0x10,0x3F,0xF0,0x20,0x10,0x20,0x10,0x3F,0xF0,0x10,
  0x20,0x20,0x10,0x40,0x08};
const u8g_fntpgm_uint8_t fontpage_304_133_133[53] U8G_FONT_SECTION("fontpage_304_133_133") = {
  0x00,0x10,0x13,0x00,0xFC,0x00,0x00,0x00,0x00,0x00,0x85,0x85,0x00,0x0D,0xFE,0x00,
  0x00,0x0F,0x0F,0x1E,0x10,0x00,0xFE,0x01,0xFE,0x00,0x20,0xFC,0x40,0x11,0xFC,0x11,
  0x04,0x11,0x04,0x11,0xFC,0x11,0x04,0x11,0xFC,0x11,0x04,0x1D,0x04,0xE1,0xFC,0x40,
  0x88,0x01,0x04,0x02,0x02};
const u8g_fntpgm_uint8_t fontpage_304_144_144[53] U8G_FONT_SECTION("fontpage_304_144_144") = {
  0x00,0x10,0x13,0x00,0xFC,0x00,0x00,0x00,0x00,0x00,0x90,0x90,0x00,0x0D,0xFE,0x00,
  0x00,0x0F,0x0F,0x1E,0x10,0x00,0xFE,0x7C,0xFE,0x04,0x10,0x28,0x20,0x10,0xFC,0x08,
  0x84,0xFE,0x84,0x12,0xFC,0x14,0x84,0x10,0xFC,0x10,0x84,0x10,0x84,0x10,0xFC,0x10,
  0x48,0x50,0x84,0x21,0x02};
const u8g_fntpgm_uint8_t fontpage_304_173_173[53] U8G_FONT_SECTION("fontpage_304_173_173") = {
  0x00,0x10,0x13,0x00,0xFC,0x00,0x00,0x00,0x00,0x00,0xAD,0xAD,0x00,0x0D,0xFE,0x00,
  0x00,0x0F,0x0F,0x1E,0x10,0x00,0xFE,0xFE,0xFE,0x00,0x20,0x00,0x40,0x7C,0xFC,0x44,
  0x84,0x44,0x84,0x44,0xFC,0x7C,0x84,0x00,0xFC,0x44,0x84,0x28,0x84,0x2E,0xFC,0xF0,
  0x00,0x40,0x48,0x00,0x84};
const u8g_fntpgm_uint8_t fontpage_304_187_187[55] U8G_FONT_SECTION("fontpage_304_187_187") = {
  0x00,0x10,0x13,0x00,0xFC,0x00,0x00,0x00,0x00,0x00,0xBB,0xBB,0x00,0x0E,0xFE,0x00,
  0x00,0x0F,0x10,0x20,0x10,0x00,0xFE,0x08,0x00,0x08,0xFE,0x28,0x10,0x2E,0x20,0x28,
  0xFC,0x28,0x84,0xFF,0x84,0x00,0xFC,0x08,0x84,0x2A,0xFC,0x2A,0x84,0x4C,0x84,0x84,
  0xFC,0x08,0x48,0x30,0x84,0xC1,0x02};
const u8g_fntpgm_uint8_t fontpage_304_205_205[55] U8G_FONT_SECTION("fontpage_304_205_205") = {
  0x00,0x10,0x13,0x00,0xFC,0x00,0x00,0x00,0x00,0x00,0xCD,0xCD,0x00,0x0E,0xFE,0x00,
  0x00,0x0F,0x10,0x20,0x10,0x00,0xFE,0x20,0x00,0x10,0xFE,0xFE,0x10,0x82,0x20,0x20,
  0xFC,0x3C,0x84,0x44,0x84,0xA8,0xFC,0x10,0x84,0x28,0xFC,0x44,0x84,0xFE,0x84,0x44,
  0xFC,0x44,0x48,0x7C,0x84,0x45,0x02};
const u8g_fntpgm_uint8_t fontpage_304_207_207[55] U8G_FONT_SECTION("fontpage_304_207_207") = {
  0x00,0x10,0x13,0x00,0xFC,0x00,0x00,0x00,0x00,0x00,0xCF,0xCF,0x00,0x0E,0xFE,0x00,
  0x00,0x0F,0x10,0x20,0x10,0x00,0xFE,0x10,0x00,0x08,0xFE,0x7F,0x10,0x22,0x20,0x1C,
  0xFC,0x22,0x84,0x7F,0x84,0x44,0xFC,0x48,0x84,0x72,0xFC,0x44,0x84,0x48,0x84,0x71,
  0xFC,0x42,0x48,0x8C,0x84,0x71,0x02};
const u8g_fntpgm_uint8_t fontpage_304_222_222[55] U8G_FONT_SECTION("fontpage_304_222_222") = {
  0x00,0x10,0x13,0x00,0xFC,0x00,0x00,0x00,0x00,0x00,0xDE,0xDE,0x00,0x0E,0xFE,0x00,
  0x00,0x0F,0x10,0x20,0x10,0x00,0xFE,0x10,0x00,0x92,0xFE,0x54,0x10,0xFE,0x20,0x30,
  0xFC,0x54,0x84,0x92,0x84,0x00,0xFC,0x14,0x84,0x12,0xFC,0xFE,0x84,0x10,0x84,0x28,
  0xFC,0x24,0x48,0x44,0x84,0x81,0x02};
const u8g_fntpgm_uint8_t fontpage_305_168_168[53] U8G_FONT_SECTION("fontpage_305_168_168") = {
  0x00,0x10,0x13,0x00,0xFC,0x00,0x00,0x00,0x00,0x00,0xA8,0xA8,0x00,0x0D,0xFE,0x00,
  0x00,0x0F,0x0F,0x1E,0x10,0x00,0xFE,0x3F,0xF8,0x20,0x08,0x20,0xE8,0x2F,0x08,0x21,
  0x08,0x2F,0xE8,0x29,0x28,0x29,0x28,0x2F,0xE8,0x29,0x08,0x21,0x4A,0x21,0xEA,0x5E,
  0x2A,0x48,0x06,0x80,0x02};
const u8g_fntpgm_uint8_t fontpage_305_223_223[55] U8G_FONT_SECTION("fontpage_305_223_223") = {
  0x00,0x10,0x13,0x00,0xFC,0x00,0x00,0x00,0x00,0x00,0xDF,0xDF,0x00,0x0E,0xFE,0x00,
  0x00,0x0F,0x10,0x20,0x10,0x00,0xFE,0x01,0x00,0x02,0x80,0x04,0x40,0x0A,0x20,0x31,
  0x18,0xDF,0xF6,0x10,0x10,0x1F,0xF0,0x10,0x10,0x1F,0xF0,0x10,0x08,0x11,0x90,0x10,
  0x60,0x12,0x10,0x14,0x08,0x18,0x04};
const u8g_fntpgm_uint8_t fontpage_305_253_253[55] U8G_FONT_SECTION("fontpage_305_253_253") = {
  0x00,0x10,0x13,0x00,0xFC,0x00,0x00,0x00,0x00,0x00,0xFD,0xFD,0x00,0x0E,0xFE,0x00,
  0x00,0x0F,0x10,0x20,0x10,0x00,0xFE,0x08,0x40,0x08,0x40,0x14,0xFC,0x12,0x84,0x29,
  0x04,0x7E,0xF4,0xA2,0x94,0x3E,0x94,0x22,0xF4,0x3E,0x84,0x20,0x94,0x28,0x88,0x24,
  0x82,0x2A,0x82,0x32,0x7E,0x20,0x00};
const u8g_fntpgm_uint8_t fontpage_306_152_152[55] U8G_FONT_SECTION("fontpage_306_152_152") = {
  0x00,0x10,0x13,0x00,0xFC,0x00,0x00,0x00,0x00,0x00,0x98,0x98,0x00,0x0E,0xFE,0x00,
  0x00,0x0F,0x10,0x20,0x10,0x00,0xFE,0x08,0x10,0x08,0x10,0x14,0x28,0x12,0x28,0x29,
  0x44,0x7E,0xBA,0xA2,0x10,0x3E,0x10,0x22,0xFE,0x3E,0x10,0x20,0x58,0x28,0x54,0x24,
  0x92,0x2B,0x12,0x32,0x50,0x20,0x20};
const u8g_fntpgm_uint8_t fontpage_307_172_172[53] U8G_FONT_SECTION("fontpage_307_172_172") = {
  0x00,0x10,0x13,0x00,0xFC,0x00,0x00,0x00,0x00,0x00,0xAC,0xAC,0x00,0x0D,0xFE,0x00,
  0x00,0x0D,0x0F,0x1E,0x10,0x00,0xFE,0x3F,0xF8,0x21,0x00,0x3F,0xF0,0x21,0x00,0x3F,
  0xF0,0x21,0x00,0x21,0x00,0x3F,0xF8,0x00,0x08,0x12,0x48,0x49,0x28,0x49,0x28,0x80,
  0x08,0x00,0x50,0x00,0x20};
const u8g_fntpgm_uint8_t fontpage_308_197_197[53] U8G_FONT_SECTION("fontpage_308_197_197") = {
  0x00,0x10,0x13,0x00,0xFC,0x00,0x00,0x00,0x00,0x00,0xC5,0xC5,0x00,0x0D,0xFE,0x00,
  0x00,0x0F,0x0F,0x1E,0x10,0x00,0xFE,0xFB,0xFE,0xA2,0x00,0xFA,0x7C,0xA2,0x44,0xFA,
  0x44,0xA2,0x7C,0xA2,0x00,0xFA,0xEE,0x0A,0xAA,0xAA,0xAA,0xAA,0xAA,0xAA,0xEE,0x8A,
  0x00,0x0B,0xFE,0x30,0x00};
const u8g_fntpgm_uint8_t fontpage_309_212_212[55] U8G_FONT_SECTION("fontpage_309_212_212") = {
  0x00,0x10,0x13,0x00,0xFC,0x00,0x00,0x00,0x00,0x00,0xD4,0xD4,0x00,0x0E,0xFE,0x00,
  0x00,0x0F,0x10,0x20,0x10,0x00,0xFE,0x00,0x50,0x7D,0xFC,0x45,0x54,0x75,0xFC,0x55,
  0x54,0xFF,0xFC,0x82,0x00,0x7D,0xFC,0x44,0x00,0x7D,0xFC,0x45,0x04,0x7D,0xFC,0x44,
  0x88,0x44,0x50,0x57,0xFE,0x48,0x00};
const u8g_fntpgm_uint8_t fontpage_309_216_216[55] U8G_FONT_SECTION("fontpage_309_216_216") = {
  0x00,0x10,0x13,0x00,0xFC,0x00,0x00,0x00,0x00,0x00,0xD8,0xD8,0x00,0x0E,0xFE,0x00,
  0x00,0x0F,0x10,0x20,0x10,0x00,0xFE,0x02,0x00,0x01,0x00,0xFF,0xFE,0x00,0x00,0x0F,
  0xE0,0x08,0x20,0x08,0x20,0x0F,0xE0,0x00,0x00,0x7F,0xFC,0x40,0x04,0x4F,0xE4,0x48,
  0x24,0x48,0x24,0x4F,0xE4,0x40,0x0C};
const u8g_fntpgm_uint8_t fontpage_310_134_134[55] U8G_FONT_SECTION("fontpage_310_134_134") = {
  0x00,0x10,0x13,0x00,0xFC,0x00,0x00,0x00,0x00,0x00,0x86,0x86,0x00,0x0E,0xFE,0x00,
  0x00,0x0F,0x10,0x20,0x10,0x00,0xFE,0x3E,0x04,0x20,0x18,0x3E,0x60,0x20,0x04,0x3E,
  0x18,0x20,0x62,0xFF,0x04,0x22,0x18,0x7F,0x60,0x10,0x10,0x10,0x88,0xFD,0x44,0x32,
  0x42,0x58,0x90,0x95,0xF8,0x10,0x08};
const u8g_fntpgm_uint8_t fontpage_317_195_195[55] U8G_FONT_SECTION("fontpage_317_195_195") = {
  0x00,0x10,0x13,0x00,0xFC,0x00,0x00,0x00,0x00,0x00,0xC3,0xC3,0x00,0x0E,0xFE,0x00,
  0x00,0x0F,0x10,0x20,0x10,0x00,0xFE,0x08,0x20,0x7F,0xFC,0x08,0x20,0x0F,0xE0,0x00,
  0x00,0xFF,0xFE,0x01,0x00,0x1F,0xF0,0x11,0x10,0x11,0x10,0x1F,0xF0,0x11,0x10,0x11,
  0x10,0x1F,0xF0,0x08,0x20,0x10,0x10};
const u8g_fntpgm_uint8_t fontpage_317_222_222[55] U8G_FONT_SECTION("fontpage_317_222_222") = {
  0x00,0x10,0x13,0x00,0xFC,0x00,0x00,0x00,0x00,0x00,0xDE,0xDE,0x00,0x0E,0xFE,0x00,
  0x00,0x0F,0x10,0x20,0x10,0x00,0xFE,0x00,0x10,0xFE,0x10,0x92,0x10,0xD6,0x10,0xBA,
  0x1E,0x92,0x10,0xFE,0x10,0x10,0x10,0xFE,0xFE,0x10,0x82,0x1E,0x82,0xE0,0x82,0x02,
  0x82,0xAA,0x82,0xA8,0xFE,0x80,0x82};
const u8g_fntpgm_uint8_t fontpage_318_147_147[55] U8G_FONT_SECTION("fontpage_318_147_147") = {
  0x00,0x10,0x13,0x00,0xFC,0x00,0x00,0x00,0x00,0x00,0x93,0x93,0x00,0x0E,0xFE,0x00,
  0x00,0x0F,0x10,0x20,0x10,0x00,0xFE,0x08,0x10,0x08,0x10,0xFF,0x10,0x08,0xFE,0x08,
  0x10,0x7E,0x10,0x00,0xFC,0x7E,0x44,0x42,0x44,0x42,0x44,0x7E,0x28,0x42,0x28,0x24,
  0x10,0x0F,0x28,0xF0,0x44,0x40,0x82};
const u8g_fntpgm_uint8_t fontpage_318_202_202[55] U8G_FONT_SECTION("fontpage_318_202_202") = {
  0x00,0x10,0x13,0x00,0xFC,0x00,0x00,0x00,0x00,0x00,0xCA,0xCA,0x00,0x0E,0xFE,0x00,
  0x00,0x0F,0x10,0x20,0x10,0x00,0xFE,0x02,0x00,0x01,0x00,0x7F,0xFC,0x04,0x40,0x02,
  0x8C,0x7D,0x70,0x25,0x50,0x25,0x50,0x45,0x48,0x8D,0x66,0x10,0x10,0x1F,0xF0,0x10,
  0x10,0x1F,0xF0,0x10,0x10,0x20,0x10};
const u8g_fntpgm_uint8_t fontpage_510_129_129[36] U8G_FONT_SECTION("fontpage_510_129_129") = {
  0x00,0x10,0x13,0x00,0xFC,0x00,0x00,0x00,0x00,0x00,0x81,0x81,0x00,0x0D,0x00,0x00,
  0x00,0x03,0x0D,0x0D,0x10,0x05,0x00,0x40,0xE0,0xE0,0xE0,0xE0,0xE0,0x40,0x40,0x40,
  0x00,0x40,0xE0,0x40};
const u8g_fntpgm_uint8_t fontpage_510_140_140[27] U8G_FONT_SECTION("fontpage_510_140_140") = {
  0x00,0x10,0x13,0x00,0xFC,0x00,0x00,0x00,0x00,0x00,0x8C,0x8C,0x00,0x04,0x00,0x00,
  0x00,0x02,0x04,0x04,0x10,0x03,0x00,0xC0,0xC0,0x40,0x80};
const u8g_fntpgm_uint8_t fontpage_510_154_154[31] U8G_FONT_SECTION("fontpage_510_154_154") = {
  0x00,0x10,0x13,0x00,0xFC,0x00,0x00,0x00,0x00,0x00,0x9A,0x9A,0x00,0x0A,0x00,0x00,
  0x00,0x02,0x08,0x08,0x10,0x07,0x02,0xC0,0xC0,0x00,0x00,0x00,0x00,0xC0,0xC0};
const u8g_fntpgm_uint8_t fontpage_510_159_159[37] U8G_FONT_SECTION("fontpage_510_159_159") = {
  0x00,0x10,0x13,0x00,0xFC,0x00,0x00,0x00,0x00,0x00,0x9F,0x9F,0x00,0x0E,0x00,0x00,
  0x00,0x08,0x0E,0x0E,0x10,0x04,0x00,0x3C,0x42,0x81,0x81,0x81,0x02,0x04,0x08,0x08,
  0x08,0x00,0x00,0x08,0x08};

static const uxg_fontinfo_t g_fontinfo_zh_TW[] PROGMEM = {
  FONTDATA_ITEM(69, 191, 191, fontpage_69_191_191), // ' ⊿ ' - ' ⊿ '
  FONTDATA_ITEM(96, 130, 130, fontpage_96_130_130), // ' 。 ' - ' 。 '
  FONTDATA_ITEM(156, 128, 128, fontpage_156_128_128), // ' 一 ' - ' 一 '
  FONTDATA_ITEM(156, 137, 139, fontpage_156_137_139), // ' 三 ' - ' 下 '
  FONTDATA_ITEM(156, 141, 141, fontpage_156_141_141), // ' 不 ' - ' 不 '
  FONTDATA_ITEM(156, 148, 148, fontpage_156_148_148), // ' 且 ' - ' 且 '
  FONTDATA_ITEM(156, 166, 166, fontpage_156_166_166), // ' 並 ' - ' 並 '
  FONTDATA_ITEM(156, 173, 173, fontpage_156_173_173), // ' 中 ' - ' 中 '
  FONTDATA_ITEM(156, 187, 187, fontpage_156_187_187), // ' 主 ' - ' 主 '
  FONTDATA_ITEM(156, 203, 203, fontpage_156_203_203), // ' 之 ' - ' 之 '
  FONTDATA_ITEM(157, 164, 164, fontpage_157_164_164), // ' 交 ' - ' 交 '
  FONTDATA_ITEM(157, 174, 174, fontpage_157_174_174), // ' 亮 ' - ' 亮 '
  FONTDATA_ITEM(157, 203, 203, fontpage_157_203_203), // ' 介 ' - ' 介 '
  FONTDATA_ITEM(157, 205, 205, fontpage_157_205_205), // ' 仍 ' - ' 仍 '
  FONTDATA_ITEM(157, 227, 229, fontpage_157_227_229), // ' 代 ' - ' 以 '
  FONTDATA_ITEM(157, 246, 246, fontpage_157_246_246), // ' 件 ' - ' 件 '
  FONTDATA_ITEM(157, 253, 253, fontpage_157_253_253), // ' 份 ' - ' 份 '
  FONTDATA_ITEM(158, 145, 145, fontpage_158_145_145), // ' 休 ' - ' 休 '
  FONTDATA_ITEM(158, 199, 199, fontpage_158_199_199), // ' 佇 ' - ' 佇 '
  FONTDATA_ITEM(158, 205, 207, fontpage_158_205_207), // ' 位 ' - ' 住 '
  FONTDATA_ITEM(158, 220, 220, fontpage_158_220_220), // ' 作 ' - ' 作 '
  FONTDATA_ITEM(158, 255, 255, fontpage_158_255_255), // ' 使 ' - ' 使 '
  FONTDATA_ITEM(159, 155, 155, fontpage_159_155_155), // ' 供 ' - ' 供 '
  FONTDATA_ITEM(159, 181, 181, fontpage_159_181_181), // ' 侵 ' - ' 侵 '
  FONTDATA_ITEM(159, 194, 194, fontpage_159_194_194), // ' 係 ' - ' 係 '
  FONTDATA_ITEM(159, 221, 221, fontpage_159_221_221), // ' 保 ' - ' 保 '
  FONTDATA_ITEM(159, 238, 238, fontpage_159_238_238), // ' 修 ' - ' 修 '
  FONTDATA_ITEM(160, 139, 139, fontpage_160_139_139), // ' 個 ' - ' 個 '
  FONTDATA_ITEM(160, 188, 188, fontpage_160_188_188), // ' 值 ' - ' 值 '
  FONTDATA_ITEM(160, 207, 207, fontpage_160_207_207), // ' 偏 ' - ' 偏 '
  FONTDATA_ITEM(160, 220, 220, fontpage_160_220_220), // ' 停 ' - ' 停 '
  FONTDATA_ITEM(160, 245, 245, fontpage_160_245_245), // ' 偵 ' - ' 偵 '
  FONTDATA_ITEM(161, 153, 153, fontpage_161_153_153), // ' 備 ' - ' 備 '
  FONTDATA_ITEM(161, 179, 179, fontpage_161_179_179), // ' 傳 ' - ' 傳 '
  FONTDATA_ITEM(161, 190, 190, fontpage_161_190_190), // ' 傾 ' - ' 傾 '
  FONTDATA_ITEM(162, 159, 159, fontpage_162_159_159), // ' 償 ' - ' 償 '
  FONTDATA_ITEM(162, 178, 178, fontpage_162_178_178), // ' 儲 ' - ' 儲 '
  FONTDATA_ITEM(162, 193, 193, fontpage_162_193_193), // ' 允 ' - ' 允 '
  FONTDATA_ITEM(162, 197, 197, fontpage_162_197_197), // ' 充 ' - ' 充 '
  FONTDATA_ITEM(162, 200, 201, fontpage_162_200_201), // ' 先 ' - ' 光 '
  FONTDATA_ITEM(162, 205, 205, fontpage_162_205_205), // ' 免 ' - ' 免 '
  FONTDATA_ITEM(162, 229, 229, fontpage_162_229_229), // ' 入 ' - ' 入 '
  FONTDATA_ITEM(162, 231, 232, fontpage_162_231_232), // ' 內 ' - ' 全 '
  FONTDATA_ITEM(162, 236, 236, fontpage_162_236_236), // ' 公 ' - ' 公 '
  FONTDATA_ITEM(162, 241, 241, fontpage_162_241_241), // ' 共 ' - ' 共 '
  FONTDATA_ITEM(162, 246, 247, fontpage_162_246_247), // ' 其 ' - ' 具 '
  FONTDATA_ITEM(163, 141, 141, fontpage_163_141_141), // ' 再 ' - ' 再 '
  FONTDATA_ITEM(163, 151, 151, fontpage_163_151_151), // ' 冗 ' - ' 冗 '
  FONTDATA_ITEM(163, 183, 183, fontpage_163_183_183), // ' 冷 ' - ' 冷 '
  FONTDATA_ITEM(163, 198, 198, fontpage_163_198_198), // ' 准 ' - ' 准 '
  FONTDATA_ITEM(163, 250, 250, fontpage_163_250_250), // ' 出 ' - ' 出 '
  FONTDATA_ITEM(164, 128, 128, fontpage_164_128_128), // ' 刀 ' - ' 刀 '
  FONTDATA_ITEM(164, 134, 135, fontpage_164_134_135), // ' 分 ' - ' 切 '
  FONTDATA_ITEM(164, 151, 151, fontpage_164_151_151), // ' 列 ' - ' 列 '
  FONTDATA_ITEM(164, 157, 157, fontpage_164_157_157), // ' 初 ' - ' 初 '
  FONTDATA_ITEM(164, 165, 165, fontpage_164_165_165), // ' 別 ' - ' 別 '
  FONTDATA_ITEM(164, 176, 176, fontpage_164_176_176), // ' 到 ' - ' 到 '
  FONTDATA_ITEM(164, 182, 183, fontpage_164_182_183), // ' 制 ' - ' 刷 '
  FONTDATA_ITEM(164, 205, 205, fontpage_164_205_205), // ' 前 ' - ' 前 '
  FONTDATA_ITEM(164, 233, 234, fontpage_164_233_234), // ' 剩 ' - ' 剪 '
  FONTDATA_ITEM(164, 242, 242, fontpage_164_242_242), // ' 割 ' - ' 割 '
  FONTDATA_ITEM(164, 245, 245, fontpage_164_245_245), // ' 創 ' - ' 創 '
  FONTDATA_ITEM(165, 155, 155, fontpage_165_155_155), // ' 力 ' - ' 力 '
  FONTDATA_ITEM(165, 159, 160, fontpage_165_159_160), // ' 功 ' - ' 加 '
  FONTDATA_ITEM(165, 169, 169, fontpage_165_169_169), // ' 助 ' - ' 助 '
  FONTDATA_ITEM(165, 213, 213, fontpage_165_213_213), // ' 動 ' - ' 動 '
  FONTDATA_ITEM(166, 150, 150, fontpage_166_150_150), // ' 化 ' - ' 化 '
  FONTDATA_ITEM(166, 192, 192, fontpage_166_192_192), // ' 區 ' - ' 區 '
  FONTDATA_ITEM(166, 202, 202, fontpage_166_202_202), // ' 半 ' - ' 半 '
  FONTDATA_ITEM(166, 212, 212, fontpage_166_212_212), // ' 協 ' - ' 協 '
  FONTDATA_ITEM(166, 225, 225, fontpage_166_225_225), // ' 卡 ' - ' 卡 '
  FONTDATA_ITEM(166, 240, 241, fontpage_166_240_241), // ' 印 ' - ' 危 '
  FONTDATA_ITEM(166, 243, 243, fontpage_166_243_243), // ' 即 ' - ' 即 '
  FONTDATA_ITEM(166, 248, 248, fontpage_166_248_248), // ' 卸 ' - ' 卸 '
  FONTDATA_ITEM(166, 251, 251, fontpage_166_251_251), // ' 卻 ' - ' 卻 '
  FONTDATA_ITEM(167, 159, 159, fontpage_167_159_159), // ' 原 ' - ' 原 '
  FONTDATA_ITEM(167, 195, 195, fontpage_167_195_195), // ' 參 ' - ' 參 '
  FONTDATA_ITEM(167, 205, 205, fontpage_167_205_205), // ' 反 ' - ' 反 '
  FONTDATA_ITEM(167, 214, 214, fontpage_167_214_214), // ' 取 ' - ' 取 '
  FONTDATA_ITEM(167, 235, 235, fontpage_167_235_235), // ' 叫 ' - ' 叫 '
  FONTDATA_ITEM(167, 239, 240, fontpage_167_239_240), // ' 可 ' - ' 台 '
  FONTDATA_ITEM(167, 243, 243, fontpage_167_243_243), // ' 右 ' - ' 右 '
  FONTDATA_ITEM(168, 136, 136, fontpage_168_136_136), // ' 合 ' - ' 合 '
  FONTDATA_ITEM(168, 140, 141, fontpage_168_140_141), // ' 同 ' - ' 名 '
  FONTDATA_ITEM(168, 145, 145, fontpage_168_145_145), // ' 向 ' - ' 向 '
  FONTDATA_ITEM(168, 166, 166, fontpage_168_166_166), // ' 否 ' - ' 否 '
  FONTDATA_ITEM(168, 184, 184, fontpage_168_184_184), // ' 吸 ' - ' 吸 '
  FONTDATA_ITEM(168, 202, 202, fontpage_168_202_202), // ' 告 ' - ' 告 '
  FONTDATA_ITEM(168, 252, 253, fontpage_168_252_253), // ' 呼 ' - ' 命 '
  FONTDATA_ITEM(169, 140, 140, fontpage_169_140_140), // ' 和 ' - ' 和 '
  FONTDATA_ITEM(170, 223, 223, fontpage_170_223_223), // ' 啟 ' - ' 啟 '
  FONTDATA_ITEM(171, 174, 174, fontpage_171_174_174), // ' 單 ' - ' 單 '
  FONTDATA_ITEM(172, 151, 151, fontpage_172_151_151), // ' 嘗 ' - ' 嘗 '
  FONTDATA_ITEM(172, 180, 180, fontpage_172_180_180), // ' 嘴 ' - ' 嘴 '
  FONTDATA_ITEM(172, 232, 232, fontpage_172_232_232), // ' 器 ' - ' 器 '
  FONTDATA_ITEM(172, 244, 244, fontpage_172_244_244), // ' 噴 ' - ' 噴 '
  FONTDATA_ITEM(173, 222, 222, fontpage_173_222_222), // ' 回 ' - ' 回 '
  FONTDATA_ITEM(173, 224, 224, fontpage_173_224_224), // ' 因 ' - ' 因 '
  FONTDATA_ITEM(173, 250, 250, fontpage_173_250_250), // ' 固 ' - ' 固 '
  FONTDATA_ITEM(174, 141, 141, fontpage_174_141_141), // ' 圍 ' - ' 圍 '
  FONTDATA_ITEM(174, 150, 150, fontpage_174_150_150), // ' 圖 ' - ' 圖 '
  FONTDATA_ITEM(174, 168, 168, fontpage_174_168_168), // ' 在 ' - ' 在 '
  FONTDATA_ITEM(175, 139, 139, fontpage_175_139_139), // ' 型 ' - ' 型 '
  FONTDATA_ITEM(175, 223, 223, fontpage_175_223_223), // ' 域 ' - ' 域 '
  FONTDATA_ITEM(175, 247, 247, fontpage_175_247_247), // ' 執 ' - ' 執 '
  FONTDATA_ITEM(175, 250, 250, fontpage_175_250_250), // ' 基 ' - ' 基 '
  FONTDATA_ITEM(176, 177, 177, fontpage_176_177_177), // ' 報 ' - ' 報 '
  FONTDATA_ITEM(176, 202, 202, fontpage_176_202_202), // ' 塊 ' - ' 塊 '
  FONTDATA_ITEM(176, 212, 212, fontpage_176_212_212), // ' 塔 ' - ' 塔 '
  FONTDATA_ITEM(176, 235, 235, fontpage_176_235_235), // ' 填 ' - ' 填 '
  FONTDATA_ITEM(176, 245, 245, fontpage_176_245_245), // ' 塵 ' - ' 塵 '
  FONTDATA_ITEM(177, 131, 131, fontpage_177_131_131), // ' 境 ' - ' 境 '
  FONTDATA_ITEM(177, 138, 138, fontpage_177_138_138), // ' 墊 ' - ' 墊 '
  FONTDATA_ITEM(177, 158, 158, fontpage_177_158_158), // ' 增 ' - ' 增 '
  FONTDATA_ITEM(177, 211, 211, fontpage_177_211_211), // ' 壓 ' - ' 壓 '
  FONTDATA_ITEM(177, 222, 222, fontpage_177_222_222), // ' 壞 ' - ' 壞 '
  FONTDATA_ITEM(178, 150, 150, fontpage_178_150_150), // ' 外 ' - ' 外 '
  FONTDATA_ITEM(178, 154, 154, fontpage_178_154_154), // ' 多 ' - ' 多 '
  FONTDATA_ITEM(178, 160, 160, fontpage_178_160_160), // ' 夠 ' - ' 夠 '
  FONTDATA_ITEM(178, 167, 167, fontpage_178_167_167), // ' 大 ' - ' 大 '
  FONTDATA_ITEM(178, 169, 170, fontpage_178_169_170), // ' 天 ' - ' 太 '
  FONTDATA_ITEM(178, 177, 177, fontpage_178_177_177), // ' 失 ' - ' 失 '
  FONTDATA_ITEM(178, 215, 215, fontpage_178_215_215), // ' 套 ' - ' 套 '
  FONTDATA_ITEM(178, 253, 253, fontpage_178_253_253), // ' 好 ' - ' 好 '
  FONTDATA_ITEM(179, 203, 203, fontpage_179_203_203), // ' 始 ' - ' 始 '
  FONTDATA_ITEM(181, 146, 146, fontpage_181_146_146), // ' 媒 ' - ' 媒 '
  FONTDATA_ITEM(182, 208, 208, fontpage_182_208_208), // ' 子 ' - ' 子 '
  FONTDATA_ITEM(182, 215, 216, fontpage_182_215_216), // ' 字 ' - ' 存 '
  FONTDATA_ITEM(182, 248, 248, fontpage_182_248_248), // ' 學 ' - ' 學 '
  FONTDATA_ITEM(183, 137, 137, fontpage_183_137_137), // ' 安 ' - ' 安 '
  FONTDATA_ITEM(183, 140, 140, fontpage_183_140_140), // ' 完 ' - ' 完 '
  FONTDATA_ITEM(183, 154, 154, fontpage_183_154_154), // ' 定 ' - ' 定 '
  FONTDATA_ITEM(183, 162, 162, fontpage_183_162_162), // ' 客 ' - ' 客 '
  FONTDATA_ITEM(183, 164, 164, fontpage_183_164_164), // ' 室 ' - ' 室 '
  FONTDATA_ITEM(183, 174, 174, fontpage_183_174_174), // ' 宮 ' - ' 宮 '
  FONTDATA_ITEM(183, 185, 185, fontpage_183_185_185), // ' 容 ' - ' 容 '
  FONTDATA_ITEM(183, 198, 198, fontpage_183_198_198), // ' 密 ' - ' 密 '
  FONTDATA_ITEM(183, 235, 235, fontpage_183_235_235), // ' 寫 ' - ' 寫 '
  FONTDATA_ITEM(183, 248, 248, fontpage_183_248_248), // ' 寸 ' - ' 寸 '
  FONTDATA_ITEM(184, 132, 132, fontpage_184_132_132), // ' 射 ' - ' 射 '
  FONTDATA_ITEM(184, 141, 141, fontpage_184_141_141), // ' 對 ' - ' 對 '
  FONTDATA_ITEM(184, 143, 143, fontpage_184_143_143), // ' 小 ' - ' 小 '
  FONTDATA_ITEM(184, 150, 150, fontpage_184_150_150), // ' 尖 ' - ' 尖 '
  FONTDATA_ITEM(184, 177, 177, fontpage_184_177_177), // ' 就 ' - ' 就 '
  FONTDATA_ITEM(184, 186, 186, fontpage_184_186_186), // ' 尺 ' - ' 尺 '
  FONTDATA_ITEM(184, 188, 188, fontpage_184_188_188), // ' 尼 ' - ' 尼 '
  FONTDATA_ITEM(187, 229, 230, fontpage_187_229_230), // ' 工 ' - ' 左 '
  FONTDATA_ITEM(187, 238, 238, fontpage_187_238_238), // ' 差 ' - ' 差 '
  FONTDATA_ITEM(187, 242, 242, fontpage_187_242_242), // ' 已 ' - ' 已 '
  FONTDATA_ITEM(188, 182, 182, fontpage_188_182_182), // ' 帶 ' - ' 帶 '
  FONTDATA_ITEM(188, 184, 184, fontpage_188_184_184), // ' 常 ' - ' 常 '
  FONTDATA_ITEM(188, 213, 213, fontpage_188_213_213), // ' 幕 ' - ' 幕 '
  FONTDATA_ITEM(188, 243, 243, fontpage_188_243_243), // ' 平 ' - ' 平 '
  FONTDATA_ITEM(189, 138, 138, fontpage_189_138_138), // ' 床 ' - ' 床 '
  FONTDATA_ITEM(189, 143, 143, fontpage_189_143_143), // ' 序 ' - ' 序 '
  FONTDATA_ITEM(189, 166, 166, fontpage_189_166_166), // ' 度 ' - ' 度 '
  FONTDATA_ITEM(189, 226, 226, fontpage_189_226_226), // ' 廢 ' - ' 廢 '
  FONTDATA_ITEM(189, 250, 250, fontpage_189_250_250), // ' 建 ' - ' 建 '
  FONTDATA_ITEM(190, 143, 143, fontpage_190_143_143), // ' 式 ' - ' 式 '
  FONTDATA_ITEM(190, 149, 149, fontpage_190_149_149), // ' 引 ' - ' 引 '
  FONTDATA_ITEM(190, 200, 200, fontpage_190_200_200), // ' 彈 ' - ' 彈 '
  FONTDATA_ITEM(190, 226, 226, fontpage_190_226_226), // ' 形 ' - ' 形 '
  FONTDATA_ITEM(191, 133, 133, fontpage_191_133_133), // ' 待 ' - ' 待 '
  FONTDATA_ITEM(191, 140, 140, fontpage_191_140_140), // ' 後 ' - ' 後 '
  FONTDATA_ITEM(191, 145, 145, fontpage_191_145_145), // ' 徑 ' - ' 徑 '
  FONTDATA_ITEM(191, 151, 151, fontpage_191_151_151), // ' 得 ' - ' 得 '
  FONTDATA_ITEM(191, 158, 158, fontpage_191_158_158), // ' 從 ' - ' 從 '
  FONTDATA_ITEM(191, 169, 170, fontpage_191_169_170), // ' 復 ' - ' 循 '
  FONTDATA_ITEM(191, 174, 174, fontpage_191_174_174), // ' 微 ' - ' 微 '
  FONTDATA_ITEM(191, 195, 195, fontpage_191_195_195), // ' 心 ' - ' 心 '
  FONTDATA_ITEM(191, 197, 197, fontpage_191_197_197), // ' 必 ' - ' 必 '
  FONTDATA_ITEM(191, 217, 217, fontpage_191_217_217), // ' 忙 ' - ' 忙 '
  FONTDATA_ITEM(191, 253, 253, fontpage_191_253_253), // ' 忽 ' - ' 忽 '
  FONTDATA_ITEM(192, 165, 165, fontpage_192_165_165), // ' 急 ' - ' 急 '
  FONTDATA_ITEM(192, 167, 167, fontpage_192_167_167), // ' 性 ' - ' 性 '
  FONTDATA_ITEM(192, 198, 198, fontpage_192_198_198), // ' 恆 ' - ' 恆 '
  FONTDATA_ITEM(192, 226, 226, fontpage_192_226_226), // ' 恢 ' - ' 恢 '
  FONTDATA_ITEM(192, 239, 239, fontpage_192_239_239), // ' 息 ' - ' 息 '
  FONTDATA_ITEM(193, 197, 197, fontpage_193_197_197), // ' 情 ' - ' 情 '
  FONTDATA_ITEM(193, 240, 240, fontpage_193_240_240), // ' 惰 ' - ' 惰 '
  FONTDATA_ITEM(194, 143, 143, fontpage_194_143_143), // ' 意 ' - ' 意 '
  FONTDATA_ITEM(194, 159, 159, fontpage_194_159_159), // ' 感 ' - ' 感 '
  FONTDATA_ITEM(194, 203, 203, fontpage_194_203_203), // ' 態 ' - ' 態 '
  FONTDATA_ITEM(195, 182, 182, fontpage_195_182_182), // ' 憶 ' - ' 憶 '
  FONTDATA_ITEM(195, 201, 201, fontpage_195_201_201), // ' 應 ' - ' 應 '
  FONTDATA_ITEM(196, 144, 144, fontpage_196_144_144), // ' 成 ' - ' 成 '
  FONTDATA_ITEM(196, 150, 150, fontpage_196_150_150), // ' 或 ' - ' 或 '
  FONTDATA_ITEM(196, 178, 178, fontpage_196_178_178), // ' 戲 ' - ' 戲 '
  FONTDATA_ITEM(196, 182, 182, fontpage_196_182_182), // ' 戶 ' - ' 戶 '
  FONTDATA_ITEM(196, 192, 192, fontpage_196_192_192), // ' 所 ' - ' 所 '
  FONTDATA_ITEM(196, 199, 199, fontpage_196_199_199), // ' 扇 ' - ' 扇 '
  FONTDATA_ITEM(196, 203, 203, fontpage_196_203_203), // ' 手 ' - ' 手 '
  FONTDATA_ITEM(196, 211, 211, fontpage_196_211_211), // ' 打 ' - ' 打 '
  FONTDATA_ITEM(196, 237, 237, fontpage_196_237_237), // ' 扭 ' - ' 扭 '
  FONTDATA_ITEM(196, 249, 249, fontpage_196_249_249), // ' 批 ' - ' 批 '
  FONTDATA_ITEM(196, 254, 254, fontpage_196_254_254), // ' 找 ' - ' 找 '
  FONTDATA_ITEM(197, 150, 150, fontpage_197_150_150), // ' 抖 ' - ' 抖 '
  FONTDATA_ITEM(197, 172, 172, fontpage_197_172_172), // ' 抬 ' - ' 抬 '
  FONTDATA_ITEM(197, 189, 189, fontpage_197_189_189), // ' 抽 ' - ' 抽 '
  FONTDATA_ITEM(197, 212, 212, fontpage_197_212_212), // ' 拔 ' - ' 拔 '
  FONTDATA_ITEM(197, 237, 237, fontpage_197_237_237), // ' 拭 ' - ' 拭 '
  FONTDATA_ITEM(198, 130, 130, fontpage_198_130_130), // ' 挂 ' - ' 挂 '
  FONTDATA_ITEM(198, 137, 137, fontpage_198_137_137), // ' 按 ' - ' 按 '
  FONTDATA_ITEM(198, 175, 175, fontpage_198_175_175), // ' 振 ' - ' 振 '
  FONTDATA_ITEM(198, 242, 242, fontpage_198_242_242), // ' 捲 ' - ' 捲 '
  FONTDATA_ITEM(199, 146, 146, fontpage_199_146_146), // ' 排 ' - ' 排 '
  FONTDATA_ITEM(199, 162, 162, fontpage_199_162_162), // ' 探 ' - ' 探 '
  FONTDATA_ITEM(199, 165, 165, fontpage_199_165_165), // ' 接 ' - ' 接 '
  FONTDATA_ITEM(199, 167, 168, fontpage_199_167_168), // ' 控 ' - ' 推 '
  FONTDATA_ITEM(199, 208, 208, fontpage_199_208_208), // ' 提 ' - ' 提 '
  FONTDATA_ITEM(199, 210, 210, fontpage_199_210_210), // ' 插 ' - ' 插 '
  FONTDATA_ITEM(199, 219, 219, fontpage_199_219_219), // ' 換 ' - ' 換 '
  FONTDATA_ITEM(199, 244, 244, fontpage_199_244_244), // ' 援 ' - ' 援 '
  FONTDATA_ITEM(200, 141, 141, fontpage_200_141_141), // ' 損 ' - ' 損 '
  FONTDATA_ITEM(201, 199, 199, fontpage_201_199_199), // ' 擇 ' - ' 擇 '
  FONTDATA_ITEM(201, 202, 203, fontpage_201_202_203), // ' 擊 ' - ' 擋 '
  FONTDATA_ITEM(201, 224, 224, fontpage_201_224_224), // ' 擠 ' - ' 擠 '
  FONTDATA_ITEM(201, 230, 230, fontpage_201_230_230), // ' 擦 ' - ' 擦 '
  FONTDATA_ITEM(202, 175, 175, fontpage_202_175_175), // ' 支 ' - ' 支 '
  FONTDATA_ITEM(202, 182, 182, fontpage_202_182_182), // ' 收 ' - ' 收 '
  FONTDATA_ITEM(202, 190, 190, fontpage_202_190_190), // ' 放 ' - ' 放 '
  FONTDATA_ITEM(202, 197, 197, fontpage_202_197_197), // ' 故 ' - ' 故 '
  FONTDATA_ITEM(202, 200, 200, fontpage_202_200_200), // ' 效 ' - ' 效 '
  FONTDATA_ITEM(202, 207, 207, fontpage_202_207_207), // ' 敏 ' - ' 敏 '
  FONTDATA_ITEM(202, 215, 215, fontpage_202_215_215), // ' 敗 ' - ' 敗 '
  FONTDATA_ITEM(202, 244, 244, fontpage_202_244_244), // ' 整 ' - ' 整 '
  FONTDATA_ITEM(202, 248, 248, fontpage_202_248_248), // ' 數 ' - ' 數 '
  FONTDATA_ITEM(203, 153, 153, fontpage_203_153_153), // ' 料 ' - ' 料 '
  FONTDATA_ITEM(203, 156, 156, fontpage_203_156_156), // ' 斜 ' - ' 斜 '
  FONTDATA_ITEM(203, 176, 176, fontpage_203_176_176), // ' 新 ' - ' 新 '
  FONTDATA_ITEM(203, 183, 183, fontpage_203_183_183), // ' 斷 ' - ' 斷 '
  FONTDATA_ITEM(203, 185, 185, fontpage_203_185_185), // ' 方 ' - ' 方 '
  FONTDATA_ITEM(203, 188, 188, fontpage_203_188_188), // ' 於 ' - ' 於 '
  FONTDATA_ITEM(203, 203, 203, fontpage_203_203_203), // ' 旋 ' - ' 旋 '
  FONTDATA_ITEM(203, 233, 233, fontpage_203_233_233), // ' 早 ' - ' 早 '
  FONTDATA_ITEM(204, 135, 135, fontpage_204_135_135), // ' 昇 ' - ' 昇 '
  FONTDATA_ITEM(204, 142, 142, fontpage_204_142_142), // ' 明 ' - ' 明 '
  FONTDATA_ITEM(204, 175, 175, fontpage_204_175_175), // ' 是 ' - ' 是 '
  FONTDATA_ITEM(204, 194, 194, fontpage_204_194_194), // ' 時 ' - ' 時 '
  FONTDATA_ITEM(205, 171, 171, fontpage_205_171_171), // ' 暫 ' - ' 暫 '
  FONTDATA_ITEM(205, 242, 242, fontpage_205_242_242), // ' 曲 ' - ' 曲 '
  FONTDATA_ITEM(205, 244, 244, fontpage_205_244_244), // ' 更 ' - ' 更 '
  FONTDATA_ITEM(206, 128, 128, fontpage_206_128_128), // ' 最 ' - ' 最 '
  FONTDATA_ITEM(206, 137, 137, fontpage_206_137_137), // ' 有 ' - ' 有 '
  FONTDATA_ITEM(206, 159, 159, fontpage_206_159_159), // ' 期 ' - ' 期 '
  FONTDATA_ITEM(206, 170, 170, fontpage_206_170_170), // ' 未 ' - ' 未 '
  FONTDATA_ITEM(206, 172, 172, fontpage_206_172_172), // ' 本 ' - ' 本 '
  FONTDATA_ITEM(206, 208, 208, fontpage_206_208_208), // ' 材 ' - ' 材 '
  FONTDATA_ITEM(206, 223, 223, fontpage_206_223_223), // ' 束 ' - ' 束 '
  FONTDATA_ITEM(206, 255, 255, fontpage_206_255_255), // ' 板 ' - ' 板 '
  FONTDATA_ITEM(207, 229, 229, fontpage_207_229_229), // ' 查 ' - ' 查 '
  FONTDATA_ITEM(207, 241, 241, fontpage_207_241_241), // ' 柱 ' - ' 柱 '
  FONTDATA_ITEM(208, 161, 161, fontpage_208_161_161), // ' 校 ' - ' 校 '
  FONTDATA_ITEM(208, 188, 188, fontpage_208_188_188), // ' 格 ' - ' 格 '
  FONTDATA_ITEM(208, 200, 200, fontpage_208_200_200), // ' 案 ' - ' 案 '
  FONTDATA_ITEM(208, 255, 255, fontpage_208_255_255), // ' 桿 ' - ' 桿 '
  FONTDATA_ITEM(209, 157, 157, fontpage_209_157_157), // ' 條 ' - ' 條 '
  FONTDATA_ITEM(209, 175, 175, fontpage_209_175_175), // ' 梯 ' - ' 梯 '
  FONTDATA_ITEM(209, 196, 196, fontpage_209_196_196), // ' 棄 ' - ' 棄 '
  FONTDATA_ITEM(211, 253, 253, fontpage_211_253_253), // ' 槽 ' - ' 槽 '
  FONTDATA_ITEM(212, 161, 161, fontpage_212_161_161), // ' 模 ' - ' 模 '
  FONTDATA_ITEM(212, 217, 217, fontpage_212_217_217), // ' 橙 ' - ' 橙 '
  FONTDATA_ITEM(212, 223, 223, fontpage_212_223_223), // ' 機 ' - ' 機 '
  FONTDATA_ITEM(213, 148, 148, fontpage_213_148_148), // ' 檔 ' - ' 檔 '
  FONTDATA_ITEM(213, 162, 162, fontpage_213_162_162), // ' 檢 ' - ' 檢 '
  FONTDATA_ITEM(214, 160, 161, fontpage_214_160_161), // ' 欠 ' - ' 次 '
  FONTDATA_ITEM(214, 226, 229, fontpage_214_226_229), // ' 止 ' - ' 步 '
  FONTDATA_ITEM(214, 248, 248, fontpage_214_248_248), // ' 歸 ' - ' 歸 '
  FONTDATA_ITEM(215, 181, 181, fontpage_215_181_181), // ' 段 ' - ' 段 '
  FONTDATA_ITEM(215, 188, 188, fontpage_215_188_188), // ' 殼 ' - ' 殼 '
  FONTDATA_ITEM(215, 212, 212, fontpage_215_212_212), // ' 比 ' - ' 比 '
  FONTDATA_ITEM(216, 163, 163, fontpage_216_163_163), // ' 氣 ' - ' 氣 '
  FONTDATA_ITEM(216, 194, 194, fontpage_216_194_194), // ' 求 ' - ' 求 '
  FONTDATA_ITEM(217, 146, 146, fontpage_217_146_146), // ' 沒 ' - ' 沒 '
  FONTDATA_ITEM(217, 213, 213, fontpage_217_213_213), // ' 法 ' - ' 法 '
  FONTDATA_ITEM(217, 232, 232, fontpage_217_232_232), // ' 注 ' - ' 注 '
  FONTDATA_ITEM(218, 193, 193, fontpage_218_193_193), // ' 流 ' - ' 流 '
  FONTDATA_ITEM(219, 136, 136, fontpage_219_136_136), // ' 消 ' - ' 消 '
  FONTDATA_ITEM(219, 178, 178, fontpage_219_178_178), // ' 液 ' - ' 液 '
  FONTDATA_ITEM(219, 225, 225, fontpage_219_225_225), // ' 淡 ' - ' 淡 '
  FONTDATA_ITEM(219, 247, 247, fontpage_219_247_247), // ' 混 ' - ' 混 '
  FONTDATA_ITEM(220, 133, 133, fontpage_220_133_133), // ' 清 ' - ' 清 '
  FONTDATA_ITEM(220, 172, 172, fontpage_220_172_172), // ' 測 ' - ' 測 '
  FONTDATA_ITEM(221, 144, 144, fontpage_221_144_144), // ' 源 ' - ' 源 '
  FONTDATA_ITEM(221, 150, 150, fontpage_221_150_150), // ' 準 ' - ' 準 '
  FONTDATA_ITEM(221, 162, 162, fontpage_221_162_162), // ' 溢 ' - ' 溢 '
  FONTDATA_ITEM(221, 171, 171, fontpage_221_171_171), // ' 溫 ' - ' 溫 '
  FONTDATA_ITEM(221, 209, 209, fontpage_221_209_209), // ' 滑 ' - ' 滑 '
  FONTDATA_ITEM(221, 255, 255, fontpage_221_255_255), // ' 滿 ' - ' 滿 '
  FONTDATA_ITEM(222, 184, 184, fontpage_222_184_184), // ' 漸 ' - ' 漸 '
  FONTDATA_ITEM(224, 235, 235, fontpage_224_235_235), // ' 火 ' - ' 火 '
  FONTDATA_ITEM(225, 186, 186, fontpage_225_186_186), // ' 為 ' - ' 為 '
  FONTDATA_ITEM(226, 161, 161, fontpage_226_161_161), // ' 無 ' - ' 無 '
  FONTDATA_ITEM(227, 177, 177, fontpage_227_177_177), // ' 熱 ' - ' 熱 '
  FONTDATA_ITEM(227, 200, 200, fontpage_227_200_200), // ' 燈 ' - ' 燈 '
  FONTDATA_ITEM(228, 199, 200, fontpage_228_199_200), // ' 片 ' - ' 版 '
  FONTDATA_ITEM(228, 233, 233, fontpage_228_233_233), // ' 物 ' - ' 物 '
  FONTDATA_ITEM(229, 192, 192, fontpage_229_192_192), // ' 狀 ' - ' 狀 '
  FONTDATA_ITEM(231, 135, 135, fontpage_231_135_135), // ' 率 ' - ' 率 '
  FONTDATA_ITEM(232, 134, 134, fontpage_232_134_134), // ' 理 ' - ' 理 '
  FONTDATA_ITEM(233, 176, 176, fontpage_233_176_176), // ' 環 ' - ' 環 '
  FONTDATA_ITEM(234, 159, 159, fontpage_234_159_159), // ' 生 ' - ' 生 '
  FONTDATA_ITEM(234, 168, 168, fontpage_234_168_168), // ' 用 ' - ' 用 '
  FONTDATA_ITEM(234, 204, 204, fontpage_234_204_204), // ' 界 ' - ' 界 '
  FONTDATA_ITEM(234, 229, 229, fontpage_234_229_229), // ' 略 ' - ' 略 '
  FONTDATA_ITEM(234, 240, 240, fontpage_234_240_240), // ' 異 ' - ' 異 '
  FONTDATA_ITEM(236, 251, 254, fontpage_236_251_254), // ' 登 ' - ' 百 '
  FONTDATA_ITEM(237, 132, 132, fontpage_237_132_132), // ' 的 ' - ' 的 '
  FONTDATA_ITEM(237, 174, 174, fontpage_237_174_174), // ' 皮 ' - ' 皮 '
  FONTDATA_ITEM(237, 225, 225, fontpage_237_225_225), // ' 盡 ' - ' 盡 '
  FONTDATA_ITEM(237, 227, 228, fontpage_237_227_228), // ' 監 ' - ' 盤 '
  FONTDATA_ITEM(237, 238, 238, fontpage_237_238_238), // ' 目 ' - ' 目 '
  FONTDATA_ITEM(237, 244, 244, fontpage_237_244_244), // ' 直 ' - ' 直 '
  FONTDATA_ITEM(238, 160, 160, fontpage_238_160_160), // ' 眠 ' - ' 眠 '
  FONTDATA_ITEM(239, 229, 229, fontpage_239_229_229), // ' 知 ' - ' 知 '
  FONTDATA_ITEM(239, 237, 237, fontpage_239_237_237), // ' 短 ' - ' 短 '
  FONTDATA_ITEM(240, 236, 236, fontpage_240_236_236), // ' 硬 ' - ' 硬 '
  FONTDATA_ITEM(241, 140, 140, fontpage_241_140_140), // ' 碌 ' - ' 碌 '
  FONTDATA_ITEM(241, 159, 159, fontpage_241_159_159), // ' 碟 ' - ' 碟 '
  FONTDATA_ITEM(241, 176, 176, fontpage_241_176_176), // ' 碰 ' - ' 碰 '
  FONTDATA_ITEM(241, 186, 186, fontpage_241_186_186), // ' 確 ' - ' 確 '
  FONTDATA_ITEM(241, 188, 188, fontpage_241_188_188), // ' 碼 ' - ' 碼 '
  FONTDATA_ITEM(241, 218, 218, fontpage_241_218_218), // ' 磚 ' - ' 磚 '
  FONTDATA_ITEM(241, 232, 232, fontpage_241_232_232), // ' 磨 ' - ' 磨 '
  FONTDATA_ITEM(242, 142, 142, fontpage_242_142_142), // ' 礎 ' - ' 礎 '
  FONTDATA_ITEM(243, 210, 210, fontpage_243_210_210), // ' 秒 ' - ' 秒 '
  FONTDATA_ITEM(243, 251, 251, fontpage_243_251_251), // ' 移 ' - ' 移 '
  FONTDATA_ITEM(244, 177, 177, fontpage_244_177_177), // ' 稱 ' - ' 稱 '
  FONTDATA_ITEM(244, 205, 205, fontpage_244_205_205), // ' 積 ' - ' 積 '
  FONTDATA_ITEM(244, 250, 250, fontpage_244_250_250), // ' 空 ' - ' 空 '
  FONTDATA_ITEM(245, 203, 203, fontpage_245_203_203), // ' 立 ' - ' 立 '
  FONTDATA_ITEM(245, 239, 239, fontpage_245_239_239), // ' 端 ' - ' 端 '
  FONTDATA_ITEM(246, 198, 198, fontpage_246_198_198), // ' 筆 ' - ' 筆 '
  FONTDATA_ITEM(246, 201, 201, fontpage_246_201_201), // ' 等 ' - ' 等 '
  FONTDATA_ITEM(247, 151, 151, fontpage_247_151_151), // ' 算 ' - ' 算 '
  FONTDATA_ITEM(247, 161, 161, fontpage_247_161_161), // ' 管 ' - ' 管 '
  FONTDATA_ITEM(247, 177, 177, fontpage_247_177_177), // ' 箱 ' - ' 箱 '
  FONTDATA_ITEM(247, 196, 196, fontpage_247_196_196), // ' 範 ' - ' 範 '
  FONTDATA_ITEM(249, 190, 190, fontpage_249_190_190), // ' 精 ' - ' 精 '
  FONTDATA_ITEM(249, 251, 251, fontpage_249_251_251), // ' 系 ' - ' 系 '
  FONTDATA_ITEM(250, 133, 133, fontpage_250_133_133), // ' 紅 ' - ' 紅 '
  FONTDATA_ITEM(250, 154, 154, fontpage_250_154_154), // ' 級 ' - ' 級 '
  FONTDATA_ITEM(250, 162, 162, fontpage_250_162_162), // ' 索 ' - ' 索 '
  FONTDATA_ITEM(250, 171, 171, fontpage_250_171_171), // ' 紫 ' - ' 紫 '
  FONTDATA_ITEM(250, 176, 176, fontpage_250_176_176), // ' 細 ' - ' 細 '
  FONTDATA_ITEM(250, 194, 194, fontpage_250_194_194), // ' 終 ' - ' 終 '
  FONTDATA_ITEM(250, 208, 208, fontpage_250_208_208), // ' 結 ' - ' 結 '
  FONTDATA_ITEM(250, 241, 242, fontpage_250_241_242), // ' 統 ' - ' 絲 '
  FONTDATA_ITEM(251, 160, 160, fontpage_251_160_160), // ' 綠 ' - ' 綠 '
  FONTDATA_ITEM(251, 178, 178, fontpage_251_178_178), // ' 網 ' - ' 網 '
  FONTDATA_ITEM(251, 202, 202, fontpage_251_202_202), // ' 緊 ' - ' 緊 '
  FONTDATA_ITEM(251, 210, 210, fontpage_251_210_210), // ' 緒 ' - ' 緒 '
  FONTDATA_ITEM(251, 218, 218, fontpage_251_218_218), // ' 線 ' - ' 線 '
  FONTDATA_ITEM(251, 232, 232, fontpage_251_232_232), // ' 編 ' - ' 編 '
  FONTDATA_ITEM(252, 174, 174, fontpage_252_174_174), // ' 縮 ' - ' 縮 '
  FONTDATA_ITEM(252, 189, 189, fontpage_252_189_189), // ' 總 ' - ' 總 '
  FONTDATA_ITEM(252, 234, 234, fontpage_252_234_234), // ' 繪 ' - ' 繪 '
  FONTDATA_ITEM(252, 252, 252, fontpage_252_252_252), // ' 繼 ' - ' 繼 '
  FONTDATA_ITEM(253, 140, 140, fontpage_253_140_140), // ' 續 ' - ' 續 '
  FONTDATA_ITEM(253, 162, 162, fontpage_253_162_162), // ' 红 ' - ' 红 '
  FONTDATA_ITEM(254, 186, 186, fontpage_254_186_186), // ' 缺 ' - ' 缺 '
  FONTDATA_ITEM(254, 238, 238, fontpage_254_238_238), // ' 置 ' - ' 置 '
  FONTDATA_ITEM(254, 242, 242, fontpage_254_242_242), // ' 署 ' - ' 署 '
  FONTDATA_ITEM(256, 131, 131, fontpage_256_131_131), // ' 考 ' - ' 考 '
  FONTDATA_ITEM(256, 133, 133, fontpage_256_133_133), // ' 者 ' - ' 者 '
  FONTDATA_ITEM(256, 240, 240, fontpage_256_240_240), // ' 聰 ' - ' 聰 '
  FONTDATA_ITEM(256, 242, 242, fontpage_256_242_242), // ' 聲 ' - ' 聲 '
  FONTDATA_ITEM(257, 204, 204, fontpage_257_204_204), // ' 背 ' - ' 背 '
  FONTDATA_ITEM(257, 253, 253, fontpage_257_253_253), // ' 能 ' - ' 能 '
  FONTDATA_ITEM(258, 136, 136, fontpage_258_136_136), // ' 脈 ' - ' 脈 '
  FONTDATA_ITEM(259, 234, 234, fontpage_259_234_234), // ' 自 ' - ' 自 '
  FONTDATA_ITEM(259, 243, 243, fontpage_259_243_243), // ' 至 ' - ' 至 '
  FONTDATA_ITEM(260, 138, 138, fontpage_260_138_138), // ' 舊 ' - ' 舊 '
  FONTDATA_ITEM(260, 239, 239, fontpage_260_239_239), // ' 良 ' - ' 良 '
  FONTDATA_ITEM(260, 242, 242, fontpage_260_242_242), // ' 色 ' - ' 色 '
  FONTDATA_ITEM(264, 189, 189, fontpage_264_189_189), // ' 落 ' - ' 落 '
  FONTDATA_ITEM(267, 205, 205, fontpage_267_205_205), // ' 藍 ' - ' 藍 '
  FONTDATA_ITEM(268, 223, 223, fontpage_268_223_223), // ' 號 ' - ' 號 '
  FONTDATA_ITEM(269, 199, 199, fontpage_269_199_199), // ' 蛇 ' - ' 蛇 '
  FONTDATA_ITEM(271, 162, 162, fontpage_271_162_162), // ' 螢 ' - ' 螢 '
  FONTDATA_ITEM(272, 204, 204, fontpage_272_204_204), // ' 行 ' - ' 行 '
  FONTDATA_ITEM(272, 221, 221, fontpage_272_221_221), // ' 衝 ' - ' 衝 '
  FONTDATA_ITEM(272, 232, 232, fontpage_272_232_232), // ' 表 ' - ' 表 '
  FONTDATA_ITEM(273, 171, 171, fontpage_273_171_171), // ' 被 ' - ' 被 '
  FONTDATA_ITEM(273, 197, 197, fontpage_273_197_197), // ' 装 ' - ' 装 '
  FONTDATA_ITEM(273, 220, 221, fontpage_273_220_221), // ' 補 ' - ' 裝 '
  FONTDATA_ITEM(273, 253, 253, fontpage_273_253_253), // ' 製 ' - ' 製 '
  FONTDATA_ITEM(274, 135, 135, fontpage_274_135_135), // ' 複 ' - ' 複 '
  FONTDATA_ITEM(275, 129, 129, fontpage_275_129_129), // ' 要 ' - ' 要 '
  FONTDATA_ITEM(275, 139, 139, fontpage_275_139_139), // ' 見 ' - ' 見 '
  FONTDATA_ITEM(275, 150, 150, fontpage_275_150_150), // ' 視 ' - ' 視 '
  FONTDATA_ITEM(275, 189, 189, fontpage_275_189_189), // ' 覽 ' - ' 覽 '
  FONTDATA_ITEM(275, 210, 210, fontpage_275_210_210), // ' 角 ' - ' 角 '
  FONTDATA_ITEM(275, 227, 227, fontpage_275_227_227), // ' 解 ' - ' 解 '
  FONTDATA_ITEM(275, 248, 248, fontpage_275_248_248), // ' 觸 ' - ' 觸 '
  FONTDATA_ITEM(276, 128, 128, fontpage_276_128_128), // ' 言 ' - ' 言 '
  FONTDATA_ITEM(276, 136, 136, fontpage_276_136_136), // ' 計 ' - ' 計 '
  FONTDATA_ITEM(276, 138, 138, fontpage_276_138_138), // ' 訊 ' - ' 訊 '
  FONTDATA_ITEM(276, 152, 152, fontpage_276_152_152), // ' 記 ' - ' 記 '
  FONTDATA_ITEM(276, 173, 173, fontpage_276_173_173), // ' 設 ' - ' 設 '
  FONTDATA_ITEM(276, 177, 177, fontpage_276_177_177), // ' 許 ' - ' 許 '
  FONTDATA_ITEM(276, 230, 230, fontpage_276_230_230), // ' 試 ' - ' 試 '
  FONTDATA_ITEM(276, 243, 243, fontpage_276_243_243), // ' 詳 ' - ' 詳 '
  FONTDATA_ITEM(277, 141, 141, fontpage_277_141_141), // ' 認 ' - ' 認 '
  FONTDATA_ITEM(277, 158, 158, fontpage_277_158_158), // ' 語 ' - ' 語 '
  FONTDATA_ITEM(277, 164, 164, fontpage_277_164_164), // ' 誤 ' - ' 誤 '
  FONTDATA_ITEM(277, 170, 170, fontpage_277_170_170), // ' 說 ' - ' 說 '
  FONTDATA_ITEM(277, 191, 191, fontpage_277_191_191), // ' 調 ' - ' 調 '
  FONTDATA_ITEM(277, 203, 203, fontpage_277_203_203), // ' 請 ' - ' 請 '
  FONTDATA_ITEM(278, 230, 230, fontpage_278_230_230), // ' 警 ' - ' 警 '
  FONTDATA_ITEM(278, 240, 240, fontpage_278_240_240), // ' 議 ' - ' 議 '
  FONTDATA_ITEM(279, 128, 128, fontpage_279_128_128), // ' 讀 ' - ' 讀 '
  FONTDATA_ITEM(279, 138, 138, fontpage_279_138_138), // ' 變 ' - ' 變 '
  FONTDATA_ITEM(281, 170, 170, fontpage_281_170_170), // ' 貪 ' - ' 貪 '
  FONTDATA_ITEM(281, 199, 199, fontpage_281_199_199), // ' 資 ' - ' 資 '
  FONTDATA_ITEM(281, 234, 234, fontpage_281_234_234), // ' 質 ' - ' 質 '
  FONTDATA_ITEM(282, 247, 247, fontpage_282_247_247), // ' 起 ' - ' 起 '
  FONTDATA_ITEM(283, 133, 133, fontpage_283_133_133), // ' 超 ' - ' 超 '
  FONTDATA_ITEM(283, 221, 221, fontpage_283_221_221), // ' 距 ' - ' 距 '
  FONTDATA_ITEM(283, 225, 225, fontpage_283_225_225), // ' 跡 ' - ' 跡 '
  FONTDATA_ITEM(283, 239, 239, fontpage_283_239_239), // ' 路 ' - ' 路 '
  FONTDATA_ITEM(283, 243, 243, fontpage_283_243_243), // ' 跳 ' - ' 跳 '
  FONTDATA_ITEM(285, 171, 171, fontpage_285_171_171), // ' 身 ' - ' 身 '
  FONTDATA_ITEM(285, 202, 202, fontpage_285_202_202), // ' 車 ' - ' 車 '
  FONTDATA_ITEM(285, 204, 204, fontpage_285_204_204), // ' 軌 ' - ' 軌 '
  FONTDATA_ITEM(285, 223, 223, fontpage_285_223_223), // ' 軟 ' - ' 軟 '
  FONTDATA_ITEM(285, 248, 248, fontpage_285_248_248), // ' 軸 ' - ' 軸 '
  FONTDATA_ITEM(286, 137, 137, fontpage_286_137_137), // ' 載 ' - ' 載 '
  FONTDATA_ITEM(286, 148, 148, fontpage_286_148_148), // ' 輔 ' - ' 輔 '
  FONTDATA_ITEM(286, 170, 170, fontpage_286_170_170), // ' 輪 ' - ' 輪 '
  FONTDATA_ITEM(286, 175, 175, fontpage_286_175_175), // ' 輯 ' - ' 輯 '
  FONTDATA_ITEM(286, 184, 184, fontpage_286_184_184), // ' 輸 ' - ' 輸 '
  FONTDATA_ITEM(286, 201, 201, fontpage_286_201_201), // ' 轉 ' - ' 轉 '
  FONTDATA_ITEM(286, 253, 253, fontpage_286_253_253), // ' 载 ' - ' 载 '
  FONTDATA_ITEM(287, 209, 209, fontpage_287_209_209), // ' 近 ' - ' 近 '
  FONTDATA_ITEM(287, 212, 212, fontpage_287_212_212), // ' 返 ' - ' 返 '
  FONTDATA_ITEM(287, 237, 237, fontpage_287_237_237), // ' 迭 ' - ' 迭 '
  FONTDATA_ITEM(287, 247, 247, fontpage_287_247_247), // ' 迷 ' - ' 迷 '
  FONTDATA_ITEM(288, 128, 129, fontpage_288_128_129), // ' 退 ' - ' 送 '
  FONTDATA_ITEM(288, 144, 144, fontpage_288_144_144), // ' 逐 ' - ' 逐 '
  FONTDATA_ITEM(288, 154, 154, fontpage_288_154_154), // ' 通 ' - ' 通 '
  FONTDATA_ITEM(288, 159, 160, fontpage_288_159_160), // ' 速 ' - ' 造 '
  FONTDATA_ITEM(288, 163, 163, fontpage_288_163_163), // ' 連 ' - ' 連 '
  FONTDATA_ITEM(288, 178, 178, fontpage_288_178_178), // ' 進 ' - ' 進 '
  FONTDATA_ITEM(288, 190, 190, fontpage_288_190_190), // ' 逾 ' - ' 逾 '
  FONTDATA_ITEM(288, 202, 203, fontpage_288_202_203), // ' 遊 ' - ' 運 '
  FONTDATA_ITEM(288, 206, 206, fontpage_288_206_206), // ' 過 ' - ' 過 '
  FONTDATA_ITEM(288, 211, 212, fontpage_288_211_212), // ' 道 ' - ' 達 '
  FONTDATA_ITEM(288, 247, 248, fontpage_288_247_248), // ' 遷 ' - ' 選 '
  FONTDATA_ITEM(288, 255, 255, fontpage_288_255_255), // ' 避 ' - ' 避 '
  FONTDATA_ITEM(289, 132, 132, fontpage_289_132_132), // ' 還 ' - ' 還 '
  FONTDATA_ITEM(289, 138, 138, fontpage_289_138_138), // ' 邊 ' - ' 邊 '
  FONTDATA_ITEM(289, 232, 232, fontpage_289_232_232), // ' 部 ' - ' 部 '
  FONTDATA_ITEM(291, 203, 203, fontpage_291_203_203), // ' 釋 ' - ' 釋 '
  FONTDATA_ITEM(291, 205, 205, fontpage_291_205_205), // ' 重 ' - ' 重 '
  FONTDATA_ITEM(291, 207, 207, fontpage_291_207_207), // ' 量 ' - ' 量 '
  FONTDATA_ITEM(291, 221, 221, fontpage_291_221_221), // ' 針 ' - ' 針 '
  FONTDATA_ITEM(292, 149, 149, fontpage_292_149_149), // ' 鈕 ' - ' 鈕 '
  FONTDATA_ITEM(294, 175, 175, fontpage_294_175_175), // ' 錯 ' - ' 錯 '
  FONTDATA_ITEM(294, 245, 245, fontpage_294_245_245), // ' 鍵 ' - ' 鍵 '
  FONTDATA_ITEM(295, 150, 150, fontpage_295_150_150), // ' 鎖 ' - ' 鎖 '
  FONTDATA_ITEM(298, 247, 247, fontpage_298_247_247), // ' 長 ' - ' 長 '
  FONTDATA_ITEM(299, 137, 137, fontpage_299_137_137), // ' 閉 ' - ' 閉 '
  FONTDATA_ITEM(299, 139, 139, fontpage_299_139_139), // ' 開 ' - ' 開 '
  FONTDATA_ITEM(299, 146, 147, fontpage_299_146_147), // ' 閒 ' - ' 間 '
  FONTDATA_ITEM(299, 190, 190, fontpage_299_190_190), // ' 閾 ' - ' 閾 '
  FONTDATA_ITEM(299, 220, 220, fontpage_299_220_220), // ' 關 ' - ' 關 '
  FONTDATA_ITEM(300, 187, 187, fontpage_300_187_187), // ' 阻 ' - ' 阻 '
  FONTDATA_ITEM(300, 205, 205, fontpage_300_205_205), // ' 降 ' - ' 降 '
  FONTDATA_ITEM(300, 208, 208, fontpage_300_208_208), // ' 限 ' - ' 限 '
  FONTDATA_ITEM(300, 228, 228, fontpage_300_228_228), // ' 除 ' - ' 除 '
  FONTDATA_ITEM(301, 142, 142, fontpage_301_142_142), // ' 階 ' - ' 階 '
  FONTDATA_ITEM(301, 153, 153, fontpage_301_153_153), // ' 隙 ' - ' 隙 '
  FONTDATA_ITEM(301, 156, 156, fontpage_301_156_156), // ' 障 ' - ' 障 '
  FONTDATA_ITEM(301, 168, 168, fontpage_301_168_168), // ' 隨 ' - ' 隨 '
  FONTDATA_ITEM(301, 170, 170, fontpage_301_170_170), // ' 險 ' - ' 險 '
  FONTDATA_ITEM(301, 217, 217, fontpage_301_217_217), // ' 雙 ' - ' 雙 '
  FONTDATA_ITEM(301, 226, 226, fontpage_301_226_226), // ' 離 ' - ' 離 '
  FONTDATA_ITEM(301, 246, 247, fontpage_301_246_247), // ' 零 ' - ' 雷 '
  FONTDATA_ITEM(301, 251, 251, fontpage_301_251_251), // ' 電 ' - ' 電 '
  FONTDATA_ITEM(302, 128, 128, fontpage_302_128_128), // ' 需 ' - ' 需 '
  FONTDATA_ITEM(302, 200, 200, fontpage_302_200_200), // ' 靈 ' - ' 靈 '
  FONTDATA_ITEM(302, 210, 210, fontpage_302_210_210), // ' 青 ' - ' 青 '
  FONTDATA_ITEM(302, 222, 222, fontpage_302_222_222), // ' 非 ' - ' 非 '
  FONTDATA_ITEM(302, 226, 226, fontpage_302_226_226), // ' 面 ' - ' 面 '
  FONTDATA_ITEM(303, 204, 204, fontpage_303_204_204), // ' 韌 ' - ' 韌 '
  FONTDATA_ITEM(303, 243, 243, fontpage_303_243_243), // ' 音 ' - ' 音 '
  FONTDATA_ITEM(303, 255, 255, fontpage_303_255_255), // ' 響 ' - ' 響 '
  FONTDATA_ITEM(304, 129, 129, fontpage_304_129_129), // ' 頁 ' - ' 頁 '
  FONTDATA_ITEM(304, 133, 133, fontpage_304_133_133), // ' 項 ' - ' 項 '
  FONTDATA_ITEM(304, 144, 144, fontpage_304_144_144), // ' 預 ' - ' 預 '
  FONTDATA_ITEM(304, 173, 173, fontpage_304_173_173), // ' 頭 ' - ' 頭 '
  FONTDATA_ITEM(304, 187, 187, fontpage_304_187_187), // ' 頻 ' - ' 頻 '
  FONTDATA_ITEM(304, 205, 205, fontpage_304_205_205), // ' 額 ' - ' 額 '
  FONTDATA_ITEM(304, 207, 207, fontpage_304_207_207), // ' 顏 ' - ' 顏 '
  FONTDATA_ITEM(304, 222, 222, fontpage_304_222_222), // ' 類 ' - ' 類 '
  FONTDATA_ITEM(305, 168, 168, fontpage_305_168_168), // ' 風 ' - ' 風 '
  FONTDATA_ITEM(305, 223, 223, fontpage_305_223_223), // ' 食 ' - ' 食 '
  FONTDATA_ITEM(305, 253, 253, fontpage_305_253_253), // ' 飽 ' - ' 飽 '
  FONTDATA_ITEM(306, 152, 152, fontpage_306_152_152), // ' 餘 ' - ' 餘 '
  FONTDATA_ITEM(307, 172, 172, fontpage_307_172_172), // ' 馬 ' - ' 馬 '
  FONTDATA_ITEM(308, 197, 197, fontpage_308_197_197), // ' 驅 ' - ' 驅 '
  FONTDATA_ITEM(309, 212, 212, fontpage_309_212_212), // ' 體 ' - ' 體 '
  FONTDATA_ITEM(309, 216, 216, fontpage_309_216_216), // ' 高 ' - ' 高 '
  FONTDATA_ITEM(310, 134, 134, fontpage_310_134_134), // ' 鬆 ' - ' 鬆 '
  FONTDATA_ITEM(317, 195, 195, fontpage_317_195_195), // ' 黃 ' - ' 黃 '
  FONTDATA_ITEM(317, 222, 222, fontpage_317_222_222), // ' 點 ' - ' 點 '
  FONTDATA_ITEM(318, 147, 147, fontpage_318_147_147), // ' 鼓 ' - ' 鼓 '
  FONTDATA_ITEM(318, 202, 202, fontpage_318_202_202), // ' 齊 ' - ' 齊 '
  FONTDATA_ITEM(510, 129, 129, fontpage_510_129_129), // ' ！ ' - ' ！ '
  FONTDATA_ITEM(510, 140, 140, fontpage_510_140_140), // ' ， ' - ' ， '
  FONTDATA_ITEM(510, 154, 154, fontpage_510_154_154), // ' ： ' - ' ： '
  FONTDATA_ITEM(510, 159, 159, fontpage_510_159_159), // ' ？ ' - ' ？ '
};
