/**
 * Generated automatically by buildroot/share/fonts/uxggenpages.sh
 * Contents will be REPLACED by future processing!
 * Use genallfont.sh to generate font data for updated languages.
 */
#pragma once

#include "langdata.h"

const u8g_fntpgm_uint8_t fontpage_344_128_129[73] U8G_FONT_SECTION("fontpage_344_128_129") = {
  0x00,0x0B,0x0D,0x00,0xFD,0x00,0x00,0x00,0x00,0x00,0x80,0x81,0x00,0x09,0xFE,0x00,
  0x00,0x09,0x0B,0x16,0x0A,0x01,0xFE,0xF9,0x00,0x09,0x00,0x11,0x00,0x11,0x00,0x11,
  0x80,0x21,0x00,0x41,0x00,0x81,0x00,0x01,0x00,0x01,0x00,0x01,0x00,0x09,0x0B,0x16,
  0x0A,0x01,0xFE,0xF9,0x00,0x09,0x00,0x11,0x00,0x31,0x80,0x61,0x00,0x81,0x00,0x00,
  0x00,0x7E,0x00,0x01,0x00,0x01,0x00,0x01,0x00};
const u8g_fntpgm_uint8_t fontpage_344_132_132[45] U8G_FONT_SECTION("fontpage_344_132_132") = {
  0x00,0x0B,0x0D,0x00,0xFD,0x00,0x00,0x00,0x00,0x00,0x84,0x84,0x00,0x09,0xFE,0x00,
  0x00,0x09,0x0B,0x16,0x0A,0x01,0xFE,0xF9,0x00,0x09,0x00,0x11,0x00,0x11,0x80,0x21,
  0x00,0x41,0x00,0x81,0x00,0x01,0x00,0x40,0x00,0x40,0x00,0x7F,0x00};
const u8g_fntpgm_uint8_t fontpage_344_136_136[45] U8G_FONT_SECTION("fontpage_344_136_136") = {
  0x00,0x0B,0x0D,0x00,0xFD,0x00,0x00,0x00,0x00,0x00,0x88,0x88,0x00,0x09,0xFE,0x00,
  0x00,0x09,0x0B,0x16,0x0A,0x01,0xFE,0xF9,0x00,0x09,0x00,0x11,0x80,0x11,0x00,0x61,
  0x00,0x80,0x00,0x7E,0x00,0x01,0x00,0x7E,0x00,0x40,0x00,0x7F,0x00};
const u8g_fntpgm_uint8_t fontpage_344_144_144[45] U8G_FONT_SECTION("fontpage_344_144_144") = {
  0x00,0x0B,0x0D,0x00,0xFD,0x00,0x00,0x00,0x00,0x00,0x90,0x90,0x00,0x09,0xFE,0x00,
  0x00,0x09,0x0B,0x16,0x0A,0x01,0xFE,0xF9,0x00,0x09,0x00,0x11,0x00,0x11,0x80,0x61,
  0x00,0x81,0x00,0x00,0x00,0x7E,0x00,0x41,0x00,0x41,0x00,0x7E,0x00};
const u8g_fntpgm_uint8_t fontpage_344_146_146[45] U8G_FONT_SECTION("fontpage_344_146_146") = {
  0x00,0x0B,0x0D,0x00,0xFD,0x00,0x00,0x00,0x00,0x00,0x92,0x92,0x00,0x09,0xFE,0x00,
  0x00,0x09,0x0B,0x16,0x0A,0x01,0xFE,0xF9,0x00,0x09,0x00,0x11,0x80,0x11,0x00,0x61,
  0x00,0x80,0x00,0x4A,0x00,0x4A,0x00,0x72,0x00,0x4D,0x00,0x74,0x80};
const u8g_fntpgm_uint8_t fontpage_344_149_149[45] U8G_FONT_SECTION("fontpage_344_149_149") = {
  0x00,0x0B,0x0D,0x00,0xFD,0x00,0x00,0x00,0x00,0x00,0x95,0x95,0x00,0x09,0xFE,0x00,
  0x00,0x09,0x0B,0x16,0x0A,0x01,0xFE,0xF9,0x00,0x09,0x00,0x11,0x00,0x11,0x80,0x61,
  0x00,0x81,0x00,0x3C,0x00,0x62,0x00,0x41,0x00,0x62,0x00,0x3C,0x00};
const u8g_fntpgm_uint8_t fontpage_344_156_157[51] U8G_FONT_SECTION("fontpage_344_156_157") = {
  0x00,0x0B,0x0D,0x00,0xFD,0x00,0x00,0x00,0x00,0x00,0x9C,0x9D,0x00,0x09,0xFE,0x00,
  0x00,0x08,0x0B,0x0B,0x0A,0x01,0xFE,0xF5,0x15,0x15,0x15,0x27,0x25,0x45,0x85,0x05,
  0x05,0x05,0x08,0x0B,0x0B,0x0A,0x01,0xFE,0xF5,0x15,0x15,0x27,0x45,0x85,0x00,0x7F,
  0x01,0x01,0x01};
const u8g_fntpgm_uint8_t fontpage_344_240_240[34] U8G_FONT_SECTION("fontpage_344_240_240") = {
  0x00,0x0B,0x0D,0x00,0xFD,0x00,0x00,0x00,0x00,0x00,0xF0,0xF0,0x00,0x09,0xFE,0x00,
  0x00,0x08,0x0B,0x0B,0x0A,0x01,0xFE,0xF9,0x09,0x09,0x11,0x17,0x21,0x41,0x81,0x01,
  0x01,0x01};
const u8g_fntpgm_uint8_t fontpage_344_244_244[34] U8G_FONT_SECTION("fontpage_344_244_244") = {
  0x00,0x0B,0x0D,0x00,0xFD,0x00,0x00,0x00,0x00,0x00,0xF4,0xF4,0x00,0x09,0xFE,0x00,
  0x00,0x08,0x0B,0x0B,0x0A,0x01,0xFE,0xF9,0x09,0x09,0x17,0x11,0x61,0x81,0x01,0x20,
  0x20,0x3F};
const u8g_fntpgm_uint8_t fontpage_344_248_248[34] U8G_FONT_SECTION("fontpage_344_248_248") = {
  0x00,0x0B,0x0D,0x00,0xFD,0x00,0x00,0x00,0x00,0x00,0xF8,0xF8,0x00,0x09,0xFE,0x00,
  0x00,0x08,0x0B,0x0B,0x0A,0x01,0xFE,0xF9,0x09,0x0F,0x11,0x21,0xC0,0x3F,0x01,0x3F,
  0x40,0x3F};
const u8g_fntpgm_uint8_t fontpage_345_128_128[34] U8G_FONT_SECTION("fontpage_345_128_128") = {
  0x00,0x0B,0x0D,0x00,0xFD,0x00,0x00,0x00,0x00,0x00,0x80,0x80,0x00,0x09,0xFE,0x00,
  0x00,0x08,0x0B,0x0B,0x0A,0x01,0xFE,0xF9,0x09,0x0F,0x11,0x61,0xC1,0x00,0x3F,0x41,
  0x41,0x3F};
const u8g_fntpgm_uint8_t fontpage_345_131_131[45] U8G_FONT_SECTION("fontpage_345_131_131") = {
  0x00,0x0B,0x0D,0x00,0xFD,0x00,0x00,0x00,0x00,0x00,0x83,0x83,0x00,0x09,0xFE,0x00,
  0x00,0x09,0x0B,0x16,0x0A,0x01,0xFE,0xF9,0x00,0x09,0x00,0x09,0x00,0x17,0x00,0x31,
  0x00,0x61,0x00,0x81,0x00,0x08,0x00,0x0C,0x00,0x16,0x00,0x61,0x80};
const u8g_fntpgm_uint8_t fontpage_345_140_140[34] U8G_FONT_SECTION("fontpage_345_140_140") = {
  0x00,0x0B,0x0D,0x00,0xFD,0x00,0x00,0x00,0x00,0x00,0x8C,0x8C,0x00,0x09,0xFE,0x00,
  0x00,0x08,0x0B,0x0B,0x0A,0x01,0xFE,0xF5,0x15,0x15,0x1D,0x25,0x25,0x45,0x85,0x05,
  0x05,0x05};
const u8g_fntpgm_uint8_t fontpage_345_169_169[34] U8G_FONT_SECTION("fontpage_345_169_169") = {
  0x00,0x0B,0x0D,0x00,0xFD,0x00,0x00,0x00,0x00,0x00,0xA9,0xA9,0x00,0x09,0xFE,0x00,
  0x00,0x08,0x0B,0x0B,0x0A,0x01,0xFE,0xF9,0x0F,0x11,0x1F,0x21,0xC1,0x00,0x7F,0x01,
  0x01,0x01};
const u8g_fntpgm_uint8_t fontpage_345_176_176[34] U8G_FONT_SECTION("fontpage_345_176_176") = {
  0x00,0x0B,0x0D,0x00,0xFD,0x00,0x00,0x00,0x00,0x00,0xB0,0xB0,0x00,0x09,0xFE,0x00,
  0x00,0x08,0x0B,0x0B,0x0A,0x01,0xFE,0xF9,0x0F,0x11,0x1F,0x21,0xC0,0x3F,0x01,0x3F,
  0x40,0x3F};
const u8g_fntpgm_uint8_t fontpage_345_189_189[34] U8G_FONT_SECTION("fontpage_345_189_189") = {
  0x00,0x0B,0x0D,0x00,0xFD,0x00,0x00,0x00,0x00,0x00,0xBD,0xBD,0x00,0x09,0xFE,0x00,
  0x00,0x08,0x0B,0x0B,0x0A,0x01,0xFE,0xF9,0x09,0x0F,0x11,0x1F,0x61,0x81,0x1E,0x21,
  0x21,0x1E};
const u8g_fntpgm_uint8_t fontpage_345_196_196[34] U8G_FONT_SECTION("fontpage_345_196_196") = {
  0x00,0x0B,0x0D,0x00,0xFD,0x00,0x00,0x00,0x00,0x00,0xC4,0xC4,0x00,0x09,0xFE,0x00,
  0x00,0x08,0x0B,0x0B,0x0A,0x01,0xFE,0xF5,0x15,0x1D,0x15,0x25,0x7D,0xC5,0x85,0x05,
  0x05,0x05};
const u8g_fntpgm_uint8_t fontpage_345_224_224[41] U8G_FONT_SECTION("fontpage_345_224_224") = {
  0x00,0x0B,0x0D,0x00,0xFD,0x00,0x00,0x00,0x00,0x00,0xE0,0xE0,0x00,0x09,0x00,0x00,
  0x00,0x0A,0x09,0x12,0x0A,0x00,0x00,0x3F,0x80,0x00,0x80,0x00,0x80,0x00,0x80,0x08,
  0x80,0x08,0x80,0x09,0x00,0x08,0x00,0xFF,0xC0};
const u8g_fntpgm_uint8_t fontpage_345_245_245[45] U8G_FONT_SECTION("fontpage_345_245_245") = {
  0x00,0x0B,0x0D,0x00,0xFD,0x00,0x00,0x00,0x00,0x00,0xF5,0xF5,0x00,0x09,0xFE,0x00,
  0x00,0x0A,0x0B,0x16,0x0A,0x00,0xFE,0x3F,0x00,0x00,0x80,0x08,0x80,0x09,0x00,0x08,
  0x00,0xFF,0xC0,0x00,0x00,0x1F,0x00,0x21,0x00,0x21,0x80,0x1F,0x00};
const u8g_fntpgm_uint8_t fontpage_345_252_252[45] U8G_FONT_SECTION("fontpage_345_252_252") = {
  0x00,0x0B,0x0D,0x00,0xFD,0x00,0x00,0x00,0x00,0x00,0xFC,0xFC,0x00,0x09,0xFE,0x00,
  0x00,0x0A,0x0B,0x16,0x0A,0x00,0xFE,0x7C,0x80,0x04,0x80,0x04,0x80,0x14,0x80,0x14,
  0xC0,0x14,0x80,0x10,0x80,0xFE,0x80,0x00,0x80,0x00,0x80,0x00,0x80};
const u8g_fntpgm_uint8_t fontpage_346_128_128[45] U8G_FONT_SECTION("fontpage_346_128_128") = {
  0x00,0x0B,0x0D,0x00,0xFD,0x00,0x00,0x00,0x00,0x00,0x80,0x80,0x00,0x09,0xFE,0x00,
  0x00,0x0A,0x0B,0x16,0x0A,0x00,0xFE,0x7C,0x80,0x04,0x80,0x14,0x80,0x14,0x80,0x10,
  0xC0,0xFE,0x80,0x00,0x80,0x20,0x80,0x20,0x00,0x20,0x00,0x3F,0x80};
const u8g_fntpgm_uint8_t fontpage_346_208_208[41] U8G_FONT_SECTION("fontpage_346_208_208") = {
  0x00,0x0B,0x0D,0x00,0xFD,0x00,0x00,0x00,0x00,0x00,0xD0,0xD0,0x00,0x09,0x00,0x00,
  0x00,0x0A,0x09,0x12,0x0A,0x00,0x00,0x3F,0x80,0x00,0x80,0x00,0x80,0x00,0x80,0x14,
  0x80,0x14,0x80,0x14,0x00,0x14,0x00,0xFF,0xC0};
const u8g_fntpgm_uint8_t fontpage_346_236_236[43] U8G_FONT_SECTION("fontpage_346_236_236") = {
  0x00,0x0B,0x0D,0x00,0xFD,0x00,0x00,0x00,0x00,0x00,0xEC,0xEC,0x00,0x09,0xFF,0x00,
  0x00,0x0A,0x0A,0x14,0x0A,0x00,0xFF,0x3F,0x00,0x00,0x80,0x00,0x80,0x01,0x00,0x01,
  0x00,0xFF,0xC0,0x04,0x00,0x04,0x00,0x04,0x00,0x04,0x00};
const u8g_fntpgm_uint8_t fontpage_347_164_164[45] U8G_FONT_SECTION("fontpage_347_164_164") = {
  0x00,0x0B,0x0D,0x00,0xFD,0x00,0x00,0x00,0x00,0x00,0xA4,0xA4,0x00,0x09,0xFE,0x00,
  0x00,0x09,0x0B,0x16,0x0A,0x00,0xFE,0x7A,0x80,0x0A,0x80,0x0A,0x80,0x0A,0x80,0xFE,
  0x80,0x12,0x80,0x16,0x80,0x12,0x80,0x12,0x80,0x12,0x80,0x02,0x80};
const u8g_fntpgm_uint8_t fontpage_347_192_192[45] U8G_FONT_SECTION("fontpage_347_192_192") = {
  0x00,0x0B,0x0D,0x00,0xFD,0x00,0x00,0x00,0x00,0x00,0xC0,0xC0,0x00,0x09,0xFE,0x00,
  0x00,0x09,0x0B,0x16,0x0A,0x00,0xFE,0x7C,0x80,0x04,0x80,0x04,0x80,0x04,0x80,0x04,
  0x80,0xFE,0x80,0x10,0x80,0x10,0x80,0x10,0x80,0x10,0x80,0x10,0x80};
const u8g_fntpgm_uint8_t fontpage_347_248_248[41] U8G_FONT_SECTION("fontpage_347_248_248") = {
  0x00,0x0B,0x0D,0x00,0xFD,0x00,0x00,0x00,0x00,0x00,0xF8,0xF8,0x00,0x09,0x00,0x00,
  0x00,0x0A,0x09,0x12,0x0A,0x00,0x00,0x3F,0x80,0x00,0x80,0x00,0x80,0x00,0x80,0x00,
  0x80,0x01,0x00,0x01,0x00,0x01,0x00,0xFF,0xC0};
const u8g_fntpgm_uint8_t fontpage_347_252_252[45] U8G_FONT_SECTION("fontpage_347_252_252") = {
  0x00,0x0B,0x0D,0x00,0xFD,0x00,0x00,0x00,0x00,0x00,0xFC,0xFC,0x00,0x09,0xFE,0x00,
  0x00,0x0A,0x0B,0x16,0x0A,0x00,0xFE,0x3F,0x00,0x00,0x80,0x00,0x80,0x01,0x00,0x01,
  0x00,0xFF,0xC0,0x00,0x00,0x20,0x00,0x20,0x00,0x20,0x00,0x3F,0x80};
const u8g_fntpgm_uint8_t fontpage_348_136_137[73] U8G_FONT_SECTION("fontpage_348_136_137") = {
  0x00,0x0B,0x0D,0x00,0xFD,0x00,0x00,0x00,0x00,0x00,0x88,0x89,0x00,0x09,0xFE,0x00,
  0x00,0x0A,0x0B,0x16,0x0A,0x00,0xFE,0x3F,0x00,0x00,0x80,0x00,0x80,0x01,0x00,0xFF,
  0xC0,0x00,0x00,0x00,0x00,0x3F,0x00,0x20,0x80,0x20,0x80,0x3F,0x00,0x0A,0x0B,0x16,
  0x0A,0x00,0xFE,0x3F,0x00,0x00,0x80,0x00,0x80,0x01,0x00,0xFF,0xC0,0x00,0x00,0x20,
  0x80,0x20,0x80,0x3F,0x00,0x20,0x80,0x3F,0x00};
const u8g_fntpgm_uint8_t fontpage_348_176_176[34] U8G_FONT_SECTION("fontpage_348_176_176") = {
  0x00,0x0B,0x0D,0x00,0xFD,0x00,0x00,0x00,0x00,0x00,0xB0,0xB0,0x00,0x09,0xFE,0x00,
  0x00,0x08,0x0B,0x0B,0x0A,0x01,0xFE,0xF9,0x09,0x09,0x11,0x11,0x21,0x41,0x81,0x01,
  0x01,0x01};
const u8g_fntpgm_uint8_t fontpage_348_184_184[34] U8G_FONT_SECTION("fontpage_348_184_184") = {
  0x00,0x0B,0x0D,0x00,0xFD,0x00,0x00,0x00,0x00,0x00,0xB8,0xB8,0x00,0x09,0xFE,0x00,
  0x00,0x08,0x0B,0x0B,0x0A,0x01,0xFE,0xF9,0x09,0x09,0x11,0x61,0x80,0x3F,0x01,0x3F,
  0x40,0x3F};
const u8g_fntpgm_uint8_t fontpage_348_192_192[34] U8G_FONT_SECTION("fontpage_348_192_192") = {
  0x00,0x0B,0x0D,0x00,0xFD,0x00,0x00,0x00,0x00,0x00,0xC0,0xC0,0x00,0x09,0xFE,0x00,
  0x00,0x08,0x0B,0x0B,0x0A,0x01,0xFE,0xF9,0x09,0x09,0x11,0x61,0x81,0x00,0x3F,0x41,
  0x41,0x3F};
const u8g_fntpgm_uint8_t fontpage_348_197_197[34] U8G_FONT_SECTION("fontpage_348_197_197") = {
  0x00,0x0B,0x0D,0x00,0xFD,0x00,0x00,0x00,0x00,0x00,0xC5,0xC5,0x00,0x09,0xFE,0x00,
  0x00,0x08,0x0B,0x0B,0x0A,0x01,0xFE,0xF9,0x09,0x09,0x11,0x21,0xC1,0x1E,0x21,0x41,
  0x21,0x1E};
const u8g_fntpgm_uint8_t fontpage_348_204_204[45] U8G_FONT_SECTION("fontpage_348_204_204") = {
  0x00,0x0B,0x0D,0x00,0xFD,0x00,0x00,0x00,0x00,0x00,0xCC,0xCC,0x00,0x09,0xFE,0x00,
  0x00,0x09,0x0B,0x16,0x0A,0x01,0xFE,0xF9,0x00,0x29,0x00,0x29,0x00,0x49,0x00,0x49,
  0x80,0x91,0x00,0x91,0x00,0x21,0x00,0x01,0x00,0x01,0x00,0x01,0x00};
const u8g_fntpgm_uint8_t fontpage_348_232_232[45] U8G_FONT_SECTION("fontpage_348_232_232") = {
  0x00,0x0B,0x0D,0x00,0xFD,0x00,0x00,0x00,0x00,0x00,0xE8,0xE8,0x00,0x09,0xFE,0x00,
  0x00,0x09,0x0B,0x16,0x0A,0x00,0xFE,0x7E,0x80,0x26,0x80,0x26,0x80,0x2A,0x80,0x29,
  0x80,0x4A,0x80,0x92,0x80,0x12,0x80,0x02,0x80,0x02,0x80,0x02,0x80};
const u8g_fntpgm_uint8_t fontpage_349_188_188[34] U8G_FONT_SECTION("fontpage_349_188_188") = {
  0x00,0x0B,0x0D,0x00,0xFD,0x00,0x00,0x00,0x00,0x00,0xBC,0xBC,0x00,0x09,0xFE,0x00,
  0x00,0x08,0x0B,0x0B,0x0A,0x01,0xFE,0xF9,0x25,0x29,0x4F,0x49,0x91,0x91,0x21,0x01,
  0x01,0x01};
const u8g_fntpgm_uint8_t fontpage_350_180_180[45] U8G_FONT_SECTION("fontpage_350_180_180") = {
  0x00,0x0B,0x0D,0x00,0xFD,0x00,0x00,0x00,0x00,0x00,0xB4,0xB4,0x00,0x09,0xFE,0x00,
  0x00,0x0A,0x0B,0x16,0x0A,0x00,0xFE,0x7F,0x80,0x08,0x80,0x14,0x80,0x04,0x00,0xFF,
  0xC0,0x00,0x00,0x3F,0x00,0x00,0x80,0x3F,0x00,0x20,0x00,0x3F,0x80};
const u8g_fntpgm_uint8_t fontpage_352_196_196[41] U8G_FONT_SECTION("fontpage_352_196_196") = {
  0x00,0x0B,0x0D,0x00,0xFD,0x00,0x00,0x00,0x00,0x00,0xC4,0xC4,0x00,0x09,0x00,0x00,
  0x00,0x0A,0x09,0x12,0x0A,0x00,0x00,0x7F,0x80,0x08,0x80,0x08,0x80,0x08,0x80,0x08,
  0x80,0x08,0x80,0x10,0x80,0x11,0x00,0xFF,0xC0};
const u8g_fntpgm_uint8_t fontpage_352_212_212[45] U8G_FONT_SECTION("fontpage_352_212_212") = {
  0x00,0x0B,0x0D,0x00,0xFD,0x00,0x00,0x00,0x00,0x00,0xD4,0xD4,0x00,0x09,0xFE,0x00,
  0x00,0x0A,0x0B,0x16,0x0A,0x00,0xFE,0x7F,0x80,0x08,0x80,0x08,0x80,0x08,0x80,0xFF,
  0xC0,0x00,0x00,0x00,0x00,0x3F,0x00,0x20,0x80,0x20,0x80,0x3F,0x00};
const u8g_fntpgm_uint8_t fontpage_352_221_221[45] U8G_FONT_SECTION("fontpage_352_221_221") = {
  0x00,0x0B,0x0D,0x00,0xFD,0x00,0x00,0x00,0x00,0x00,0xDD,0xDD,0x00,0x09,0xFE,0x00,
  0x00,0x0A,0x0B,0x16,0x0A,0x00,0xFE,0x7F,0x80,0x08,0x80,0x08,0x80,0x08,0x80,0xFF,
  0xC0,0x00,0x00,0x3F,0x80,0x20,0x00,0x3F,0x00,0x20,0x00,0x3F,0x80};
const u8g_fntpgm_uint8_t fontpage_353_152_152[45] U8G_FONT_SECTION("fontpage_353_152_152") = {
  0x00,0x0B,0x0D,0x00,0xFD,0x00,0x00,0x00,0x00,0x00,0x98,0x98,0x00,0x09,0xFE,0x00,
  0x00,0x09,0x0B,0x16,0x0A,0x01,0xFE,0x81,0x00,0x81,0x00,0x81,0x00,0x81,0x00,0x81,
  0x80,0x81,0x00,0x81,0x00,0xFD,0x00,0x01,0x00,0x01,0x00,0x01,0x00};
const u8g_fntpgm_uint8_t fontpage_353_168_169[73] U8G_FONT_SECTION("fontpage_353_168_169") = {
  0x00,0x0B,0x0D,0x00,0xFD,0x00,0x00,0x00,0x00,0x00,0xA8,0xA9,0x00,0x09,0xFE,0x00,
  0x00,0x09,0x0B,0x16,0x0A,0x01,0xFE,0x81,0x00,0x81,0x00,0x81,0x00,0x81,0x80,0x81,
  0x00,0xFD,0x00,0x00,0x00,0x7E,0x00,0x41,0x00,0x41,0x00,0x7E,0x00,0x09,0x0B,0x16,
  0x0A,0x01,0xFE,0x81,0x00,0x81,0x00,0x81,0x00,0x81,0x80,0x81,0x00,0xFD,0x00,0x00,
  0x00,0x41,0x00,0x7E,0x00,0x41,0x00,0x7E,0x00};
const u8g_fntpgm_uint8_t fontpage_353_174_174[45] U8G_FONT_SECTION("fontpage_353_174_174") = {
  0x00,0x0B,0x0D,0x00,0xFD,0x00,0x00,0x00,0x00,0x00,0xAE,0xAE,0x00,0x09,0xFE,0x00,
  0x00,0x09,0x0B,0x16,0x0A,0x01,0xFE,0x81,0x00,0x81,0x00,0x81,0x00,0x81,0x80,0x81,
  0x00,0xFD,0x00,0x00,0x00,0x3E,0x00,0x02,0x00,0x1E,0x00,0x61,0x00};
const u8g_fntpgm_uint8_t fontpage_353_180_180[34] U8G_FONT_SECTION("fontpage_353_180_180") = {
  0x00,0x0B,0x0D,0x00,0xFD,0x00,0x00,0x00,0x00,0x00,0xB4,0xB4,0x00,0x09,0xFE,0x00,
  0x00,0x08,0x0B,0x0B,0x0A,0x01,0xFE,0x85,0x85,0x85,0x85,0x87,0x85,0x85,0xFD,0x05,
  0x05,0x05};
const u8g_fntpgm_uint8_t fontpage_353_201_201[34] U8G_FONT_SECTION("fontpage_353_201_201") = {
  0x00,0x0B,0x0D,0x00,0xFD,0x00,0x00,0x00,0x00,0x00,0xC9,0xC9,0x00,0x09,0xFE,0x00,
  0x00,0x08,0x0B,0x0B,0x0A,0x01,0xFE,0x85,0x85,0x85,0x87,0x85,0xFD,0x00,0x3E,0x21,
  0x21,0x3E};
const u8g_fntpgm_uint8_t fontpage_354_136_136[34] U8G_FONT_SECTION("fontpage_354_136_136") = {
  0x00,0x0B,0x0D,0x00,0xFD,0x00,0x00,0x00,0x00,0x00,0x88,0x88,0x00,0x09,0xFE,0x00,
  0x00,0x08,0x0B,0x0B,0x0A,0x01,0xFE,0x81,0x81,0x81,0x8F,0x81,0x81,0x81,0xFD,0x01,
  0x01,0x01};
const u8g_fntpgm_uint8_t fontpage_354_144_144[34] U8G_FONT_SECTION("fontpage_354_144_144") = {
  0x00,0x0B,0x0D,0x00,0xFD,0x00,0x00,0x00,0x00,0x00,0x90,0x90,0x00,0x09,0xFE,0x00,
  0x00,0x08,0x0B,0x0B,0x0A,0x01,0xFE,0x81,0x81,0x8F,0x81,0xFD,0x00,0x3F,0x01,0x3F,
  0x40,0x3F};
const u8g_fntpgm_uint8_t fontpage_354_163_165[68] U8G_FONT_SECTION("fontpage_354_163_165") = {
  0x00,0x0B,0x0D,0x00,0xFD,0x00,0x00,0x00,0x00,0x00,0xA3,0xA5,0x00,0x09,0xFE,0x00,
  0x00,0x08,0x0B,0x0B,0x0A,0x01,0xFE,0x81,0x81,0x8F,0x81,0xFD,0x01,0x1C,0x00,0x7F,
  0x22,0x1E,0x08,0x0B,0x0B,0x0A,0x01,0xFE,0x85,0x85,0x85,0x9D,0x85,0x85,0x85,0xFD,
  0x05,0x05,0x05,0x08,0x0B,0x0B,0x0A,0x01,0xFE,0x85,0x85,0x9D,0x85,0x85,0xFD,0x00,
  0x7F,0x01,0x01,0x01};
const u8g_fntpgm_uint8_t fontpage_354_248_248[41] U8G_FONT_SECTION("fontpage_354_248_248") = {
  0x00,0x0B,0x0D,0x00,0xFD,0x00,0x00,0x00,0x00,0x00,0xF8,0xF8,0x00,0x09,0x00,0x00,
  0x00,0x0A,0x09,0x12,0x0A,0x00,0x00,0x20,0x00,0x20,0x00,0x20,0x00,0x20,0x00,0x3F,
  0x80,0x04,0x00,0x04,0x00,0x04,0x00,0xFF,0xC0};
const u8g_fntpgm_uint8_t fontpage_355_146_147[73] U8G_FONT_SECTION("fontpage_355_146_147") = {
  0x00,0x0B,0x0D,0x00,0xFD,0x00,0x00,0x00,0x00,0x00,0x92,0x93,0x00,0x09,0xFE,0x00,
  0x00,0x0A,0x0B,0x16,0x0A,0x00,0xFE,0x20,0x00,0x20,0x00,0x20,0x00,0x3F,0x80,0x04,
  0x00,0xFF,0xC0,0x00,0x00,0x3F,0x80,0x12,0x00,0x12,0x00,0x7F,0x80,0x0A,0x0B,0x16,
  0x0A,0x00,0xFE,0x20,0x00,0x20,0x00,0x3F,0x80,0x04,0x00,0xFF,0xC0,0x00,0x00,0x1E,
  0x00,0x00,0x00,0x3F,0x80,0x11,0x00,0x1E,0x00};
const u8g_fntpgm_uint8_t fontpage_356_132_132[43] U8G_FONT_SECTION("fontpage_356_132_132") = {
  0x00,0x0B,0x0D,0x00,0xFD,0x00,0x00,0x00,0x00,0x00,0x84,0x84,0x00,0x09,0xFF,0x00,
  0x00,0x0A,0x0A,0x14,0x0A,0x00,0xFF,0x20,0x00,0x20,0x00,0x20,0x00,0x20,0x00,0x3F,
  0x80,0x00,0x00,0xFF,0xC0,0x04,0x00,0x04,0x00,0x04,0x00};
const u8g_fntpgm_uint8_t fontpage_356_140_140[45] U8G_FONT_SECTION("fontpage_356_140_140") = {
  0x00,0x0B,0x0D,0x00,0xFD,0x00,0x00,0x00,0x00,0x00,0x8C,0x8C,0x00,0x09,0xFE,0x00,
  0x00,0x0A,0x0B,0x16,0x0A,0x00,0xFE,0x20,0x00,0x20,0x00,0x3F,0x80,0x00,0x00,0xFF,
  0xC0,0x04,0x00,0x3F,0x00,0x00,0x80,0x3F,0x00,0x20,0x00,0x3F,0x80};
const u8g_fntpgm_uint8_t fontpage_356_244_244[43] U8G_FONT_SECTION("fontpage_356_244_244") = {
  0x00,0x0B,0x0D,0x00,0xFD,0x00,0x00,0x00,0x00,0x00,0xF4,0xF4,0x00,0x09,0xFF,0x00,
  0x00,0x0A,0x0A,0x14,0x0A,0x00,0xFF,0x20,0x00,0x20,0x00,0x20,0x00,0x3F,0x80,0x00,
  0x00,0x00,0x00,0xFF,0xC0,0x12,0x00,0x12,0x00,0x12,0x00};
const u8g_fntpgm_uint8_t fontpage_357_148_148[45] U8G_FONT_SECTION("fontpage_357_148_148") = {
  0x00,0x0B,0x0D,0x00,0xFD,0x00,0x00,0x00,0x00,0x00,0x94,0x94,0x00,0x09,0xFE,0x00,
  0x00,0x0A,0x0B,0x16,0x0A,0x00,0xFE,0x20,0x00,0x20,0x00,0x20,0x00,0x3F,0x80,0x00,
  0x00,0xFF,0xC0,0x00,0x00,0x20,0x00,0x20,0x00,0x20,0x00,0x3F,0x80};
const u8g_fntpgm_uint8_t fontpage_357_200_200[34] U8G_FONT_SECTION("fontpage_357_200_200") = {
  0x00,0x0B,0x0D,0x00,0xFD,0x00,0x00,0x00,0x00,0x00,0xC8,0xC8,0x00,0x09,0xFE,0x00,
  0x00,0x08,0x0B,0x0B,0x0A,0x01,0xFE,0x81,0x81,0x81,0x81,0x81,0x81,0x81,0x7D,0x01,
  0x01,0x01};
const u8g_fntpgm_uint8_t fontpage_357_208_208[34] U8G_FONT_SECTION("fontpage_357_208_208") = {
  0x00,0x0B,0x0D,0x00,0xFD,0x00,0x00,0x00,0x00,0x00,0xD0,0xD0,0x00,0x09,0xFE,0x00,
  0x00,0x08,0x0B,0x0B,0x0A,0x01,0xFE,0x81,0x81,0x81,0x81,0xFD,0x00,0x3F,0x01,0x3F,
  0x40,0x3F};
const u8g_fntpgm_uint8_t fontpage_357_221_221[34] U8G_FONT_SECTION("fontpage_357_221_221") = {
  0x00,0x0B,0x0D,0x00,0xFD,0x00,0x00,0x00,0x00,0x00,0xDD,0xDD,0x00,0x09,0xFE,0x00,
  0x00,0x08,0x0B,0x0B,0x0A,0x01,0xFE,0x81,0x81,0x81,0x81,0x81,0xFD,0x01,0x1E,0x21,
  0x21,0x1E};
const u8g_fntpgm_uint8_t fontpage_357_228_228[45] U8G_FONT_SECTION("fontpage_357_228_228") = {
  0x00,0x0B,0x0D,0x00,0xFD,0x00,0x00,0x00,0x00,0x00,0xE4,0xE4,0x00,0x09,0xFE,0x00,
  0x00,0x09,0x0B,0x16,0x0A,0x01,0xFE,0xF9,0x00,0x81,0x00,0x81,0x00,0x81,0x00,0x81,
  0x80,0x81,0x00,0x81,0x00,0xFD,0x00,0x01,0x00,0x01,0x00,0x01,0x00};
const u8g_fntpgm_uint8_t fontpage_357_232_232[45] U8G_FONT_SECTION("fontpage_357_232_232") = {
  0x00,0x0B,0x0D,0x00,0xFD,0x00,0x00,0x00,0x00,0x00,0xE8,0xE8,0x00,0x09,0xFE,0x00,
  0x00,0x09,0x0B,0x16,0x0A,0x01,0xFE,0xF9,0x00,0x81,0x00,0x81,0x00,0x81,0x80,0x81,
  0x00,0xFD,0x00,0x01,0x00,0x41,0x00,0x40,0x00,0x40,0x00,0x7F,0x00};
const u8g_fntpgm_uint8_t fontpage_357_236_236[45] U8G_FONT_SECTION("fontpage_357_236_236") = {
  0x00,0x0B,0x0D,0x00,0xFD,0x00,0x00,0x00,0x00,0x00,0xEC,0xEC,0x00,0x09,0xFE,0x00,
  0x00,0x09,0x0B,0x16,0x0A,0x01,0xFE,0xF9,0x00,0x81,0x00,0x81,0x80,0x81,0x00,0xFD,
  0x00,0x00,0x00,0x7E,0x00,0x01,0x00,0x7E,0x00,0x40,0x00,0x7F,0x00};
const u8g_fntpgm_uint8_t fontpage_357_245_245[45] U8G_FONT_SECTION("fontpage_357_245_245") = {
  0x00,0x0B,0x0D,0x00,0xFD,0x00,0x00,0x00,0x00,0x00,0xF5,0xF5,0x00,0x09,0xFE,0x00,
  0x00,0x09,0x0B,0x16,0x0A,0x01,0xFE,0xF9,0x00,0x81,0x00,0x81,0x00,0x81,0x80,0x81,
  0x00,0xFD,0x00,0x00,0x00,0x41,0x00,0x7E,0x00,0x41,0x00,0x7E,0x00};
const u8g_fntpgm_uint8_t fontpage_357_249_249[45] U8G_FONT_SECTION("fontpage_357_249_249") = {
  0x00,0x0B,0x0D,0x00,0xFD,0x00,0x00,0x00,0x00,0x00,0xF9,0xF9,0x00,0x09,0xFE,0x00,
  0x00,0x09,0x0B,0x16,0x0A,0x01,0xFE,0xF9,0x00,0x81,0x00,0x81,0x00,0x81,0x80,0x81,
  0x00,0xFD,0x00,0x00,0x00,0x3E,0x00,0x41,0x00,0x41,0x00,0x3E,0x00};
const u8g_fntpgm_uint8_t fontpage_358_128_128[34] U8G_FONT_SECTION("fontpage_358_128_128") = {
  0x00,0x0B,0x0D,0x00,0xFD,0x00,0x00,0x00,0x00,0x00,0x80,0x80,0x00,0x09,0xFE,0x00,
  0x00,0x08,0x0B,0x0B,0x0A,0x01,0xFE,0xF5,0x85,0x85,0x85,0x87,0x85,0x85,0xFD,0x05,
  0x05,0x05};
const u8g_fntpgm_uint8_t fontpage_358_212_212[34] U8G_FONT_SECTION("fontpage_358_212_212") = {
  0x00,0x0B,0x0D,0x00,0xFD,0x00,0x00,0x00,0x00,0x00,0xD4,0xD4,0x00,0x09,0xFE,0x00,
  0x00,0x08,0x0B,0x0B,0x0A,0x01,0xFE,0xF9,0x81,0x81,0x8F,0x81,0x81,0x81,0xFD,0x01,
  0x01,0x01};
const u8g_fntpgm_uint8_t fontpage_358_240_241[51] U8G_FONT_SECTION("fontpage_358_240_241") = {
  0x00,0x0B,0x0D,0x00,0xFD,0x00,0x00,0x00,0x00,0x00,0xF0,0xF1,0x00,0x09,0xFE,0x00,
  0x00,0x08,0x0B,0x0B,0x0A,0x01,0xFE,0xF5,0x85,0x85,0x9D,0x85,0x85,0x85,0xFD,0x05,
  0x05,0x05,0x08,0x0B,0x0B,0x0A,0x01,0xFE,0xF5,0x85,0x9D,0x85,0x85,0xFD,0x00,0x7F,
  0x01,0x01,0x01};
const u8g_fntpgm_uint8_t fontpage_358_248_248[34] U8G_FONT_SECTION("fontpage_358_248_248") = {
  0x00,0x0B,0x0D,0x00,0xFD,0x00,0x00,0x00,0x00,0x00,0xF8,0xF8,0x00,0x09,0xFE,0x00,
  0x00,0x08,0x0B,0x0B,0x0A,0x01,0xFE,0xF5,0x85,0x9D,0x85,0xFD,0x00,0x3F,0x01,0x3F,
  0x40,0x3F};
const u8g_fntpgm_uint8_t fontpage_359_196_196[41] U8G_FONT_SECTION("fontpage_359_196_196") = {
  0x00,0x0B,0x0D,0x00,0xFD,0x00,0x00,0x00,0x00,0x00,0xC4,0xC4,0x00,0x09,0x00,0x00,
  0x00,0x0A,0x09,0x12,0x0A,0x00,0x00,0x3F,0x80,0x20,0x00,0x20,0x00,0x20,0x00,0x3F,
  0x80,0x04,0x00,0x04,0x00,0x04,0x00,0xFF,0xC0};
const u8g_fntpgm_uint8_t fontpage_359_204_204[45] U8G_FONT_SECTION("fontpage_359_204_204") = {
  0x00,0x0B,0x0D,0x00,0xFD,0x00,0x00,0x00,0x00,0x00,0xCC,0xCC,0x00,0x09,0xFE,0x00,
  0x00,0x0A,0x0B,0x16,0x0A,0x00,0xFE,0x3F,0x00,0x20,0x00,0x3F,0x80,0x04,0x00,0xFF,
  0xC0,0x00,0x00,0x3F,0x00,0x00,0x80,0x3F,0x00,0x20,0x00,0x3F,0x80};
const u8g_fntpgm_uint8_t fontpage_359_217_217[45] U8G_FONT_SECTION("fontpage_359_217_217") = {
  0x00,0x0B,0x0D,0x00,0xFD,0x00,0x00,0x00,0x00,0x00,0xD9,0xD9,0x00,0x09,0xFE,0x00,
  0x00,0x0A,0x0B,0x16,0x0A,0x00,0xFE,0x3F,0x00,0x20,0x00,0x20,0x00,0x3F,0x80,0x04,
  0x00,0xFF,0xC0,0x00,0x00,0x1F,0x00,0x20,0x80,0x20,0x80,0x1F,0x00};
const u8g_fntpgm_uint8_t fontpage_360_152_152[45] U8G_FONT_SECTION("fontpage_360_152_152") = {
  0x00,0x0B,0x0D,0x00,0xFD,0x00,0x00,0x00,0x00,0x00,0x98,0x98,0x00,0x09,0xFE,0x00,
  0x00,0x09,0x0B,0x16,0x0A,0x00,0xFE,0x7C,0x80,0x40,0x80,0x40,0x80,0x40,0x80,0x7E,
  0x80,0x10,0x80,0x10,0x80,0xFF,0x80,0x00,0x80,0x00,0x80,0x00,0x80};
const u8g_fntpgm_uint8_t fontpage_360_156_156[45] U8G_FONT_SECTION("fontpage_360_156_156") = {
  0x00,0x0B,0x0D,0x00,0xFD,0x00,0x00,0x00,0x00,0x00,0x9C,0x9C,0x00,0x09,0xFE,0x00,
  0x00,0x09,0x0B,0x16,0x0A,0x00,0xFE,0x7C,0x80,0x40,0x80,0x40,0x80,0x7C,0x80,0x10,
  0x80,0x10,0x80,0xFF,0x80,0x00,0x80,0x20,0x00,0x20,0x00,0x3F,0x80};
const u8g_fntpgm_uint8_t fontpage_360_168_168[34] U8G_FONT_SECTION("fontpage_360_168_168") = {
  0x00,0x0B,0x0D,0x00,0xFD,0x00,0x00,0x00,0x00,0x00,0xA8,0xA8,0x00,0x09,0xFE,0x00,
  0x00,0x08,0x0B,0x0B,0x0A,0x01,0xFE,0xF9,0x81,0x81,0xF9,0x21,0xFF,0x00,0x7F,0x41,
  0x41,0x7F};
const u8g_fntpgm_uint8_t fontpage_360_208_208[43] U8G_FONT_SECTION("fontpage_360_208_208") = {
  0x00,0x0B,0x0D,0x00,0xFD,0x00,0x00,0x00,0x00,0x00,0xD0,0xD0,0x00,0x09,0xFF,0x00,
  0x00,0x0A,0x0A,0x14,0x0A,0x00,0xFF,0x3F,0x80,0x20,0x00,0x20,0x00,0x20,0x00,0x3F,
  0x80,0x00,0x00,0xFF,0xC0,0x04,0x00,0x04,0x00,0x04,0x00};
const u8g_fntpgm_uint8_t fontpage_361_164_164[45] U8G_FONT_SECTION("fontpage_361_164_164") = {
  0x00,0x0B,0x0D,0x00,0xFD,0x00,0x00,0x00,0x00,0x00,0xA4,0xA4,0x00,0x09,0xFE,0x00,
  0x00,0x09,0x0B,0x16,0x0A,0x00,0xFE,0x7C,0x80,0x40,0x80,0x40,0x80,0x40,0x80,0x7C,
  0x80,0x00,0x80,0xFE,0x80,0x10,0x80,0x10,0x80,0x10,0x80,0x10,0x80};
const u8g_fntpgm_uint8_t fontpage_361_220_221[69] U8G_FONT_SECTION("fontpage_361_220_221") = {
  0x00,0x0B,0x0D,0x00,0xFD,0x00,0x00,0x00,0x00,0x00,0xDC,0xDD,0x00,0x09,0xFE,0x00,
  0x00,0x0A,0x09,0x12,0x0A,0x00,0x00,0x3F,0x80,0x20,0x00,0x20,0x00,0x20,0x00,0x20,
  0x00,0x3F,0x80,0x00,0x00,0x00,0x00,0xFF,0xC0,0x0A,0x0B,0x16,0x0A,0x00,0xFE,0x3F,
  0x00,0x20,0x00,0x20,0x00,0x3F,0x80,0x00,0x00,0xFF,0xC0,0x00,0x00,0x3F,0x00,0x00,
  0x80,0x00,0x80,0x00,0x80};
const u8g_fntpgm_uint8_t fontpage_361_228_228[45] U8G_FONT_SECTION("fontpage_361_228_228") = {
  0x00,0x0B,0x0D,0x00,0xFD,0x00,0x00,0x00,0x00,0x00,0xE4,0xE4,0x00,0x09,0xFE,0x00,
  0x00,0x0A,0x0B,0x16,0x0A,0x00,0xFE,0x3F,0x00,0x20,0x00,0x3F,0x80,0x00,0x00,0xFF,
  0xC0,0x00,0x00,0x3F,0x00,0x00,0x80,0x3F,0x00,0x20,0x00,0x3F,0x80};
const u8g_fntpgm_uint8_t fontpage_362_148_148[34] U8G_FONT_SECTION("fontpage_362_148_148") = {
  0x00,0x0B,0x0D,0x00,0xFD,0x00,0x00,0x00,0x00,0x00,0x94,0x94,0x00,0x09,0xFE,0x00,
  0x00,0x08,0x0B,0x0B,0x0A,0x01,0xFE,0xF9,0x81,0x81,0x81,0x81,0x81,0x81,0xFD,0x01,
  0x01,0x01};
const u8g_fntpgm_uint8_t fontpage_362_169_169[34] U8G_FONT_SECTION("fontpage_362_169_169") = {
  0x00,0x0B,0x0D,0x00,0xFD,0x00,0x00,0x00,0x00,0x00,0xA9,0xA9,0x00,0x09,0xFE,0x00,
  0x00,0x08,0x0B,0x0B,0x0A,0x01,0xFE,0xF9,0x81,0x81,0x81,0x81,0xFD,0x01,0x1E,0x21,
  0x21,0x1E};
const u8g_fntpgm_uint8_t fontpage_364_144_144[41] U8G_FONT_SECTION("fontpage_364_144_144") = {
  0x00,0x0B,0x0D,0x00,0xFD,0x00,0x00,0x00,0x00,0x00,0x90,0x90,0x00,0x09,0x00,0x00,
  0x00,0x0A,0x09,0x12,0x0A,0x00,0x00,0x7F,0x80,0x44,0x00,0x44,0x00,0x44,0x00,0x3F,
  0x80,0x04,0x00,0x04,0x00,0x04,0x00,0xFF,0xC0};
const u8g_fntpgm_uint8_t fontpage_365_240_240[45] U8G_FONT_SECTION("fontpage_365_240_240") = {
  0x00,0x0B,0x0D,0x00,0xFD,0x00,0x00,0x00,0x00,0x00,0xF0,0xF0,0x00,0x09,0xFE,0x00,
  0x00,0x09,0x0B,0x16,0x0A,0x00,0xFE,0x7E,0x80,0x48,0x80,0x48,0x80,0x48,0x80,0x7E,
  0x80,0x00,0x80,0xFE,0x80,0x10,0x80,0x10,0x80,0x10,0x80,0x10,0x80};
const u8g_fntpgm_uint8_t fontpage_366_252_253[73] U8G_FONT_SECTION("fontpage_366_252_253") = {
  0x00,0x0B,0x0D,0x00,0xFD,0x00,0x00,0x00,0x00,0x00,0xFC,0xFD,0x00,0x09,0xFE,0x00,
  0x00,0x09,0x0B,0x16,0x0A,0x01,0xFE,0xF9,0x00,0x09,0x00,0x09,0x00,0xF9,0x00,0x81,
  0x80,0x81,0x00,0x81,0x00,0xFD,0x00,0x01,0x00,0x01,0x00,0x01,0x00,0x09,0x0B,0x16,
  0x0A,0x01,0xFE,0xF9,0x00,0x09,0x00,0xF9,0x00,0x81,0x80,0x81,0x00,0xFD,0x00,0x00,
  0x00,0x7E,0x00,0x01,0x00,0x01,0x00,0x01,0x00};
const u8g_fntpgm_uint8_t fontpage_367_145_145[45] U8G_FONT_SECTION("fontpage_367_145_145") = {
  0x00,0x0B,0x0D,0x00,0xFD,0x00,0x00,0x00,0x00,0x00,0x91,0x91,0x00,0x09,0xFE,0x00,
  0x00,0x09,0x0B,0x16,0x0A,0x01,0xFE,0xF9,0x00,0x09,0x00,0xF9,0x00,0x81,0x80,0x81,
  0x00,0xFD,0x00,0x00,0x00,0x3E,0x00,0x41,0x00,0x41,0x00,0x3E,0x00};
const u8g_fntpgm_uint8_t fontpage_367_152_153[51] U8G_FONT_SECTION("fontpage_367_152_153") = {
  0x00,0x0B,0x0D,0x00,0xFD,0x00,0x00,0x00,0x00,0x00,0x98,0x99,0x00,0x09,0xFE,0x00,
  0x00,0x08,0x0B,0x0B,0x0A,0x01,0xFE,0xF5,0x15,0x15,0xF5,0x87,0x85,0x85,0xFD,0x05,
  0x05,0x05,0x08,0x0B,0x0B,0x0A,0x01,0xFE,0xF5,0x15,0xF5,0x87,0x85,0xFD,0x00,0x7F,
  0x01,0x01,0x01};
const u8g_fntpgm_uint8_t fontpage_367_201_201[45] U8G_FONT_SECTION("fontpage_367_201_201") = {
  0x00,0x0B,0x0D,0x00,0xFD,0x00,0x00,0x00,0x00,0x00,0xC9,0xC9,0x00,0x09,0xFE,0x00,
  0x00,0x09,0x0B,0x16,0x0A,0x01,0xFE,0xF9,0x00,0x09,0x00,0xF9,0x80,0x81,0x00,0x81,
  0x80,0xFD,0x00,0x00,0x00,0x3E,0x00,0x41,0x00,0x41,0x00,0x3E,0x00};
const u8g_fntpgm_uint8_t fontpage_367_236_236[34] U8G_FONT_SECTION("fontpage_367_236_236") = {
  0x00,0x0B,0x0D,0x00,0xFD,0x00,0x00,0x00,0x00,0x00,0xEC,0xEC,0x00,0x09,0xFE,0x00,
  0x00,0x08,0x0B,0x0B,0x0A,0x01,0xFE,0xF1,0x09,0x09,0xF1,0x87,0x81,0x81,0xF9,0x01,
  0x01,0x01};
const u8g_fntpgm_uint8_t fontpage_367_240_240[34] U8G_FONT_SECTION("fontpage_367_240_240") = {
  0x00,0x0B,0x0D,0x00,0xFD,0x00,0x00,0x00,0x00,0x00,0xF0,0xF0,0x00,0x09,0xFE,0x00,
  0x00,0x08,0x0B,0x0B,0x0A,0x01,0xFE,0xF1,0x11,0x11,0xF7,0x81,0x81,0xF9,0x01,0x20,
  0x20,0x3F};
const u8g_fntpgm_uint8_t fontpage_368_136_137[51] U8G_FONT_SECTION("fontpage_368_136_137") = {
  0x00,0x0B,0x0D,0x00,0xFD,0x00,0x00,0x00,0x00,0x00,0x88,0x89,0x00,0x09,0xFE,0x00,
  0x00,0x08,0x0B,0x0B,0x0A,0x01,0xFE,0xF5,0x15,0x15,0xF5,0x8D,0x85,0x85,0xFD,0x05,
  0x05,0x05,0x08,0x0B,0x0B,0x0A,0x01,0xFE,0xF5,0x15,0xF5,0x8D,0x85,0xFD,0x00,0x7F,
  0x01,0x01,0x01};
const u8g_fntpgm_uint8_t fontpage_368_165_165[34] U8G_FONT_SECTION("fontpage_368_165_165") = {
  0x00,0x0B,0x0D,0x00,0xFD,0x00,0x00,0x00,0x00,0x00,0xA5,0xA5,0x00,0x09,0xFE,0x00,
  0x00,0x08,0x0B,0x0B,0x0A,0x01,0xFE,0xF1,0x17,0xF1,0x87,0x81,0xF9,0x00,0x7F,0x01,
  0x01,0x01};
const u8g_fntpgm_uint8_t fontpage_368_172_172[34] U8G_FONT_SECTION("fontpage_368_172_172") = {
  0x00,0x0B,0x0D,0x00,0xFD,0x00,0x00,0x00,0x00,0x00,0xAC,0xAC,0x00,0x09,0xFE,0x00,
  0x00,0x08,0x0B,0x0B,0x0A,0x01,0xFE,0xF1,0x17,0xF1,0x87,0xF9,0x00,0x3F,0x01,0x3F,
  0x40,0x3F};
const u8g_fntpgm_uint8_t fontpage_368_185_185[34] U8G_FONT_SECTION("fontpage_368_185_185") = {
  0x00,0x0B,0x0D,0x00,0xFD,0x00,0x00,0x00,0x00,0x00,0xB9,0xB9,0x00,0x09,0xFE,0x00,
  0x00,0x08,0x0B,0x0B,0x0A,0x01,0xFE,0xF1,0x17,0xF1,0x87,0x81,0xF9,0x00,0x3E,0x21,
  0x21,0x3E};
const u8g_fntpgm_uint8_t fontpage_368_220_221[69] U8G_FONT_SECTION("fontpage_368_220_221") = {
  0x00,0x0B,0x0D,0x00,0xFD,0x00,0x00,0x00,0x00,0x00,0xDC,0xDD,0x00,0x09,0xFE,0x00,
  0x00,0x0A,0x09,0x12,0x0A,0x00,0x00,0x3F,0x80,0x00,0x80,0x3F,0x80,0x20,0x00,0x20,
  0x00,0x3F,0x80,0x04,0x00,0x04,0x00,0xFF,0xC0,0x0A,0x0B,0x16,0x0A,0x00,0xFE,0x3F,
  0x00,0x00,0x80,0x3F,0x00,0x20,0x00,0x3F,0x80,0x04,0x00,0xFF,0xC0,0x00,0x00,0x3F,
  0x00,0x00,0x80,0x00,0x80};
const u8g_fntpgm_uint8_t fontpage_368_228_228[45] U8G_FONT_SECTION("fontpage_368_228_228") = {
  0x00,0x0B,0x0D,0x00,0xFD,0x00,0x00,0x00,0x00,0x00,0xE4,0xE4,0x00,0x09,0xFE,0x00,
  0x00,0x0A,0x0B,0x16,0x0A,0x00,0xFE,0x3F,0x00,0x00,0x80,0x3F,0x00,0x20,0x00,0x3F,
  0x80,0x04,0x00,0xFF,0xC0,0x00,0x80,0x3F,0x00,0x20,0x00,0x3F,0x80};
const u8g_fntpgm_uint8_t fontpage_368_239_239[45] U8G_FONT_SECTION("fontpage_368_239_239") = {
  0x00,0x0B,0x0D,0x00,0xFD,0x00,0x00,0x00,0x00,0x00,0xEF,0xEF,0x00,0x09,0xFE,0x00,
  0x00,0x0A,0x0B,0x16,0x0A,0x00,0xFE,0x3F,0x00,0x00,0x80,0x3F,0x00,0x20,0x00,0x3F,
  0x80,0x04,0x00,0xFF,0xC0,0x04,0x00,0x0C,0x00,0x1B,0x00,0x61,0x80};
const u8g_fntpgm_uint8_t fontpage_369_204_204[41] U8G_FONT_SECTION("fontpage_369_204_204") = {
  0x00,0x0B,0x0D,0x00,0xFD,0x00,0x00,0x00,0x00,0x00,0xCC,0xCC,0x00,0x09,0x00,0x00,
  0x00,0x0A,0x09,0x12,0x0A,0x00,0x00,0x3F,0x80,0x00,0x80,0x3F,0x80,0x20,0x00,0x20,
  0x00,0x3F,0x80,0x12,0x00,0x12,0x00,0xFF,0xC0};
const u8g_fntpgm_uint8_t fontpage_369_232_232[43] U8G_FONT_SECTION("fontpage_369_232_232") = {
  0x00,0x0B,0x0D,0x00,0xFD,0x00,0x00,0x00,0x00,0x00,0xE8,0xE8,0x00,0x09,0xFF,0x00,
  0x00,0x0A,0x0A,0x14,0x0A,0x00,0xFF,0x3F,0x80,0x00,0x80,0x3F,0x80,0x20,0x00,0x3F,
  0x80,0x00,0x00,0xFF,0xC0,0x04,0x00,0x04,0x00,0x04,0x00};
const u8g_fntpgm_uint8_t fontpage_370_216_216[43] U8G_FONT_SECTION("fontpage_370_216_216") = {
  0x00,0x0B,0x0D,0x00,0xFD,0x00,0x00,0x00,0x00,0x00,0xD8,0xD8,0x00,0x09,0xFF,0x00,
  0x00,0x0A,0x0A,0x14,0x0A,0x00,0xFF,0x3F,0x80,0x00,0x80,0x3F,0x80,0x20,0x00,0x3F,
  0x80,0x00,0x00,0xFF,0xC0,0x12,0x00,0x12,0x00,0x12,0x00};
const u8g_fntpgm_uint8_t fontpage_370_244_244[41] U8G_FONT_SECTION("fontpage_370_244_244") = {
  0x00,0x0B,0x0D,0x00,0xFD,0x00,0x00,0x00,0x00,0x00,0xF4,0xF4,0x00,0x09,0x00,0x00,
  0x00,0x0A,0x09,0x12,0x0A,0x00,0x00,0x3F,0x80,0x00,0x80,0x3F,0x80,0x20,0x00,0x20,
  0x00,0x3F,0x80,0x00,0x00,0x00,0x00,0xFF,0xC0};
const u8g_fntpgm_uint8_t fontpage_370_248_248[45] U8G_FONT_SECTION("fontpage_370_248_248") = {
  0x00,0x0B,0x0D,0x00,0xFD,0x00,0x00,0x00,0x00,0x00,0xF8,0xF8,0x00,0x09,0xFE,0x00,
  0x00,0x0A,0x0B,0x16,0x0A,0x00,0xFE,0x3F,0x00,0x00,0x80,0x3F,0x00,0x20,0x00,0x3F,
  0x80,0x00,0x00,0xFF,0xC0,0x00,0x00,0x20,0x00,0x20,0x00,0x3F,0x80};
const u8g_fntpgm_uint8_t fontpage_370_252_252[45] U8G_FONT_SECTION("fontpage_370_252_252") = {
  0x00,0x0B,0x0D,0x00,0xFD,0x00,0x00,0x00,0x00,0x00,0xFC,0xFC,0x00,0x09,0xFE,0x00,
  0x00,0x0A,0x0B,0x16,0x0A,0x00,0xFE,0x3F,0x00,0x00,0x80,0x3F,0x00,0x20,0x00,0xFF,
  0xC0,0x00,0x00,0x3F,0x00,0x00,0x80,0x3F,0x00,0x20,0x00,0x3F,0x80};
const u8g_fntpgm_uint8_t fontpage_371_132_132[45] U8G_FONT_SECTION("fontpage_371_132_132") = {
  0x00,0x0B,0x0D,0x00,0xFD,0x00,0x00,0x00,0x00,0x00,0x84,0x84,0x00,0x09,0xFE,0x00,
  0x00,0x0A,0x0B,0x16,0x0A,0x00,0xFE,0x3F,0x00,0x00,0x80,0x3F,0x00,0x20,0x00,0x3F,
  0x80,0x00,0x00,0xFF,0xC0,0x00,0x00,0x3F,0x00,0x20,0x80,0x3F,0x00};
const u8g_fntpgm_uint8_t fontpage_371_172_172[34] U8G_FONT_SECTION("fontpage_371_172_172") = {
  0x00,0x0B,0x0D,0x00,0xFD,0x00,0x00,0x00,0x00,0x00,0xAC,0xAC,0x00,0x09,0xFE,0x00,
  0x00,0x08,0x0B,0x0B,0x0A,0x01,0xFE,0xF9,0x09,0x09,0xF9,0x81,0x81,0x81,0xFD,0x01,
  0x01,0x01};
const u8g_fntpgm_uint8_t fontpage_371_176_176[34] U8G_FONT_SECTION("fontpage_371_176_176") = {
  0x00,0x0B,0x0D,0x00,0xFD,0x00,0x00,0x00,0x00,0x00,0xB0,0xB0,0x00,0x09,0xFE,0x00,
  0x00,0x08,0x0B,0x0B,0x0A,0x01,0xFE,0xF9,0x09,0x09,0xF9,0x81,0x81,0xFD,0x01,0x20,
  0x20,0x3F};
const u8g_fntpgm_uint8_t fontpage_371_188_189[51] U8G_FONT_SECTION("fontpage_371_188_189") = {
  0x00,0x0B,0x0D,0x00,0xFD,0x00,0x00,0x00,0x00,0x00,0xBC,0xBD,0x00,0x09,0xFE,0x00,
  0x00,0x08,0x0B,0x0B,0x0A,0x01,0xFE,0xF9,0x09,0xF9,0x81,0x81,0xFD,0x00,0x3F,0x41,
  0x41,0x3F,0x08,0x0B,0x0B,0x0A,0x01,0xFE,0xF9,0x09,0xF9,0x81,0x81,0xFD,0x00,0x41,
  0x3F,0x41,0x3F};
const u8g_fntpgm_uint8_t fontpage_371_193_193[34] U8G_FONT_SECTION("fontpage_371_193_193") = {
  0x00,0x0B,0x0D,0x00,0xFD,0x00,0x00,0x00,0x00,0x00,0xC1,0xC1,0x00,0x09,0xFE,0x00,
  0x00,0x08,0x0B,0x0B,0x0A,0x01,0xFE,0xF9,0x09,0xF9,0x81,0x81,0xFD,0x01,0x3E,0x21,
  0x21,0x3E};
const u8g_fntpgm_uint8_t fontpage_371_200_201[73] U8G_FONT_SECTION("fontpage_371_200_201") = {
  0x00,0x0B,0x0D,0x00,0xFD,0x00,0x00,0x00,0x00,0x00,0xC8,0xC9,0x00,0x09,0xFE,0x00,
  0x00,0x09,0x0B,0x16,0x0A,0x01,0xFE,0xF9,0x00,0x89,0x00,0x89,0x00,0x89,0x00,0x89,
  0x80,0x89,0x00,0x89,0x00,0xF9,0x00,0x01,0x00,0x01,0x00,0x01,0x00,0x09,0x0B,0x16,
  0x0A,0x01,0xFE,0xF9,0x00,0x89,0x00,0x89,0x80,0x89,0x00,0x89,0x00,0xF9,0x00,0x00,
  0x00,0x7E,0x00,0x01,0x00,0x01,0x00,0x01,0x00};
const u8g_fntpgm_uint8_t fontpage_371_245_245[34] U8G_FONT_SECTION("fontpage_371_245_245") = {
  0x00,0x0B,0x0D,0x00,0xFD,0x00,0x00,0x00,0x00,0x00,0xF5,0xF5,0x00,0x09,0xFE,0x00,
  0x00,0x08,0x0B,0x0B,0x0A,0x01,0xFE,0xF5,0x95,0x95,0x97,0x95,0xF5,0x00,0x21,0x3F,
  0x21,0x3F};
const u8g_fntpgm_uint8_t fontpage_372_188_188[34] U8G_FONT_SECTION("fontpage_372_188_188") = {
  0x00,0x0B,0x0D,0x00,0xFD,0x00,0x00,0x00,0x00,0x00,0xBC,0xBC,0x00,0x09,0xFE,0x00,
  0x00,0x08,0x0B,0x0B,0x0A,0x01,0xFE,0xF9,0x89,0x8F,0x89,0x89,0xF9,0x01,0x21,0x20,
  0x20,0x3F};
const u8g_fntpgm_uint8_t fontpage_372_194_194[34] U8G_FONT_SECTION("fontpage_372_194_194") = {
  0x00,0x0B,0x0D,0x00,0xFD,0x00,0x00,0x00,0x00,0x00,0xC2,0xC2,0x00,0x09,0xFE,0x00,
  0x00,0x08,0x0B,0x0B,0x0A,0x01,0xFE,0xF9,0x89,0x8F,0x89,0xF9,0x00,0x77,0x15,0x75,
  0x45,0x77};
const u8g_fntpgm_uint8_t fontpage_372_200_200[34] U8G_FONT_SECTION("fontpage_372_200_200") = {
  0x00,0x0B,0x0D,0x00,0xFD,0x00,0x00,0x00,0x00,0x00,0xC8,0xC8,0x00,0x09,0xFE,0x00,
  0x00,0x08,0x0B,0x0B,0x0A,0x01,0xFE,0xF9,0x89,0x89,0x8F,0x89,0xF9,0x00,0x3F,0x41,
  0x41,0x3F};
const u8g_fntpgm_uint8_t fontpage_372_212_212[34] U8G_FONT_SECTION("fontpage_372_212_212") = {
  0x00,0x0B,0x0D,0x00,0xFD,0x00,0x00,0x00,0x00,0x00,0xD4,0xD4,0x00,0x09,0xFE,0x00,
  0x00,0x08,0x0B,0x0B,0x0A,0x01,0xFE,0xF5,0x95,0x95,0x9D,0x95,0x95,0x95,0xF5,0x05,
  0x05,0x05};
const u8g_fntpgm_uint8_t fontpage_372_216_216[45] U8G_FONT_SECTION("fontpage_372_216_216") = {
  0x00,0x0B,0x0D,0x00,0xFD,0x00,0x00,0x00,0x00,0x00,0xD8,0xD8,0x00,0x09,0xFE,0x00,
  0x00,0x09,0x0B,0x16,0x0A,0x01,0xFE,0xF5,0x00,0x95,0x00,0x9D,0x00,0x95,0x00,0x95,
  0x00,0xF5,0x00,0x05,0x00,0x25,0x00,0x20,0x00,0x20,0x00,0x3F,0x80};
const u8g_fntpgm_uint8_t fontpage_372_244_244[34] U8G_FONT_SECTION("fontpage_372_244_244") = {
  0x00,0x0B,0x0D,0x00,0xFD,0x00,0x00,0x00,0x00,0x00,0xF4,0xF4,0x00,0x09,0xFE,0x00,
  0x00,0x08,0x0B,0x0B,0x0A,0x01,0xFE,0xF9,0x89,0x8F,0x89,0x8F,0xF9,0x01,0x21,0x20,
  0x20,0x3F};
const u8g_fntpgm_uint8_t fontpage_373_133_133[34] U8G_FONT_SECTION("fontpage_373_133_133") = {
  0x00,0x0B,0x0D,0x00,0xFD,0x00,0x00,0x00,0x00,0x00,0x85,0x85,0x00,0x09,0xFE,0x00,
  0x00,0x08,0x0B,0x0B,0x0A,0x01,0xFE,0xF9,0x8F,0x89,0x8F,0x89,0xF9,0x01,0x1E,0x21,
  0x21,0x1E};
const u8g_fntpgm_uint8_t fontpage_373_168_168[41] U8G_FONT_SECTION("fontpage_373_168_168") = {
  0x00,0x0B,0x0D,0x00,0xFD,0x00,0x00,0x00,0x00,0x00,0xA8,0xA8,0x00,0x09,0x00,0x00,
  0x00,0x0A,0x09,0x12,0x0A,0x00,0x00,0x3F,0x80,0x20,0x80,0x20,0x80,0x20,0x80,0x3F,
  0x80,0x04,0x00,0x04,0x00,0x04,0x00,0xFF,0xC0};
const u8g_fntpgm_uint8_t fontpage_373_187_187[45] U8G_FONT_SECTION("fontpage_373_187_187") = {
  0x00,0x0B,0x0D,0x00,0xFD,0x00,0x00,0x00,0x00,0x00,0xBB,0xBB,0x00,0x09,0xFE,0x00,
  0x00,0x0A,0x0B,0x16,0x0A,0x00,0xFE,0x3F,0x00,0x20,0x80,0x20,0x80,0x3F,0x00,0x04,
  0x00,0xFF,0xC0,0x00,0x00,0x04,0x00,0x0C,0x00,0x1A,0x00,0x61,0x80};
const u8g_fntpgm_uint8_t fontpage_374_180_180[43] U8G_FONT_SECTION("fontpage_374_180_180") = {
  0x00,0x0B,0x0D,0x00,0xFD,0x00,0x00,0x00,0x00,0x00,0xB4,0xB4,0x00,0x09,0xFF,0x00,
  0x00,0x0A,0x0A,0x14,0x0A,0x00,0xFF,0x3F,0x80,0x20,0x80,0x20,0x80,0x20,0x80,0x3F,
  0x80,0x00,0x00,0xFF,0xC0,0x04,0x00,0x04,0x00,0x04,0x00};
const u8g_fntpgm_uint8_t fontpage_375_248_249[51] U8G_FONT_SECTION("fontpage_375_248_249") = {
  0x00,0x0B,0x0D,0x00,0xFD,0x00,0x00,0x00,0x00,0x00,0xF8,0xF9,0x00,0x09,0xFE,0x00,
  0x00,0x08,0x0B,0x0B,0x0A,0x01,0xFE,0xF9,0x89,0x89,0x89,0x89,0x89,0x89,0xF9,0x01,
  0x01,0x01,0x08,0x0B,0x0B,0x0A,0x01,0xFE,0xF9,0x89,0x89,0x89,0x89,0xF9,0x00,0x7F,
  0x01,0x01,0x01};
const u8g_fntpgm_uint8_t fontpage_376_128_128[34] U8G_FONT_SECTION("fontpage_376_128_128") = {
  0x00,0x0B,0x0D,0x00,0xFD,0x00,0x00,0x00,0x00,0x00,0x80,0x80,0x00,0x09,0xFE,0x00,
  0x00,0x08,0x0B,0x0B,0x0A,0x01,0xFE,0xF9,0x89,0x89,0x89,0xF9,0x00,0x3F,0x01,0x3F,
  0x40,0x3F};
const u8g_fntpgm_uint8_t fontpage_376_141_141[34] U8G_FONT_SECTION("fontpage_376_141_141") = {
  0x00,0x0B,0x0D,0x00,0xFD,0x00,0x00,0x00,0x00,0x00,0x8D,0x8D,0x00,0x09,0xFE,0x00,
  0x00,0x08,0x0B,0x0B,0x0A,0x01,0xFE,0xF9,0x89,0x89,0x89,0x89,0xF9,0x00,0x1E,0x21,
  0x21,0x1E};
const u8g_fntpgm_uint8_t fontpage_376_148_148[45] U8G_FONT_SECTION("fontpage_376_148_148") = {
  0x00,0x0B,0x0D,0x00,0xFD,0x00,0x00,0x00,0x00,0x00,0x94,0x94,0x00,0x09,0xFE,0x00,
  0x00,0x09,0x0B,0x16,0x0A,0x01,0xFE,0x89,0x00,0x89,0x00,0x89,0x00,0xF9,0x00,0x89,
  0x80,0x89,0x00,0x89,0x00,0xF9,0x00,0x01,0x00,0x01,0x00,0x01,0x00};
const u8g_fntpgm_uint8_t fontpage_376_152_152[45] U8G_FONT_SECTION("fontpage_376_152_152") = {
  0x00,0x0B,0x0D,0x00,0xFD,0x00,0x00,0x00,0x00,0x00,0x98,0x98,0x00,0x09,0xFE,0x00,
  0x00,0x09,0x0B,0x16,0x0A,0x01,0xFE,0x89,0x00,0x89,0x00,0xF9,0x00,0x89,0x80,0x89,
  0x00,0xF9,0x00,0x01,0x00,0x41,0x00,0x40,0x00,0x40,0x00,0x7F,0x00};
const u8g_fntpgm_uint8_t fontpage_376_156_157[73] U8G_FONT_SECTION("fontpage_376_156_157") = {
  0x00,0x0B,0x0D,0x00,0xFD,0x00,0x00,0x00,0x00,0x00,0x9C,0x9D,0x00,0x09,0xFE,0x00,
  0x00,0x09,0x0B,0x16,0x0A,0x01,0xFE,0x89,0x00,0x89,0x00,0xF9,0x80,0x89,0x00,0xF9,
  0x00,0x00,0x00,0x7E,0x00,0x01,0x00,0x7E,0x00,0x40,0x00,0x7F,0x00,0x09,0x0B,0x16,
  0x0A,0x01,0xFE,0x89,0x00,0x89,0x00,0xF9,0x80,0x89,0x00,0xF9,0x00,0x01,0x00,0x7F,
  0x00,0x11,0x00,0x71,0x00,0x41,0x00,0x71,0x00};
const u8g_fntpgm_uint8_t fontpage_376_169_169[45] U8G_FONT_SECTION("fontpage_376_169_169") = {
  0x00,0x0B,0x0D,0x00,0xFD,0x00,0x00,0x00,0x00,0x00,0xA9,0xA9,0x00,0x09,0xFE,0x00,
  0x00,0x09,0x0B,0x16,0x0A,0x01,0xFE,0x89,0x00,0x89,0x00,0xF9,0x00,0x89,0x80,0x89,
  0x00,0xF9,0x00,0x00,0x00,0x3E,0x00,0x41,0x00,0x41,0x00,0x3E,0x00};
const u8g_fntpgm_uint8_t fontpage_376_176_177[51] U8G_FONT_SECTION("fontpage_376_176_177") = {
  0x00,0x0B,0x0D,0x00,0xFD,0x00,0x00,0x00,0x00,0x00,0xB0,0xB1,0x00,0x09,0xFE,0x00,
  0x00,0x08,0x0B,0x0B,0x0A,0x01,0xFE,0x95,0x95,0x95,0xF5,0x97,0x95,0x95,0xF5,0x05,
  0x05,0x05,0x08,0x0B,0x0B,0x0A,0x01,0xFE,0x95,0x95,0xF7,0x95,0x95,0xF5,0x00,0x7F,
  0x01,0x01,0x01};
const u8g_fntpgm_uint8_t fontpage_377_132_132[34] U8G_FONT_SECTION("fontpage_377_132_132") = {
  0x00,0x0B,0x0D,0x00,0xFD,0x00,0x00,0x00,0x00,0x00,0x84,0x84,0x00,0x09,0xFE,0x00,
  0x00,0x08,0x0B,0x0B,0x0A,0x01,0xFE,0x89,0x89,0x89,0xFF,0x89,0x89,0x89,0xF9,0x01,
  0x01,0x01};
const u8g_fntpgm_uint8_t fontpage_377_136_136[34] U8G_FONT_SECTION("fontpage_377_136_136") = {
  0x00,0x0B,0x0D,0x00,0xFD,0x00,0x00,0x00,0x00,0x00,0x88,0x88,0x00,0x09,0xFE,0x00,
  0x00,0x08,0x0B,0x0B,0x0A,0x01,0xFE,0x89,0x89,0xF9,0x8F,0x89,0xF9,0x01,0x21,0x20,
  0x20,0x3F};
const u8g_fntpgm_uint8_t fontpage_377_148_149[51] U8G_FONT_SECTION("fontpage_377_148_149") = {
  0x00,0x0B,0x0D,0x00,0xFD,0x00,0x00,0x00,0x00,0x00,0x94,0x95,0x00,0x09,0xFE,0x00,
  0x00,0x08,0x0B,0x0B,0x0A,0x01,0xFE,0x89,0x89,0xF9,0x8F,0x89,0xF9,0x00,0x3F,0x41,
  0x41,0x3F,0x08,0x0B,0x0B,0x0A,0x01,0xFE,0x89,0x89,0xFF,0x89,0x89,0xF9,0x00,0x41,
  0x3F,0x41,0x3F};
const u8g_fntpgm_uint8_t fontpage_377_151_151[45] U8G_FONT_SECTION("fontpage_377_151_151") = {
  0x00,0x0B,0x0D,0x00,0xFD,0x00,0x00,0x00,0x00,0x00,0x97,0x97,0x00,0x09,0xFE,0x00,
  0x00,0x09,0x0B,0x16,0x0A,0x01,0xFE,0x89,0x00,0x89,0x00,0xF9,0x00,0x8F,0x00,0x89,
  0x00,0xF9,0x00,0x01,0x00,0x08,0x00,0x18,0x00,0x36,0x00,0x41,0x80};
const u8g_fntpgm_uint8_t fontpage_377_160_160[34] U8G_FONT_SECTION("fontpage_377_160_160") = {
  0x00,0x0B,0x0D,0x00,0xFD,0x00,0x00,0x00,0x00,0x00,0xA0,0xA0,0x00,0x09,0xFE,0x00,
  0x00,0x08,0x0B,0x0B,0x0A,0x01,0xFE,0x95,0x95,0x95,0xF5,0x9D,0x95,0x95,0xF5,0x05,
  0x05,0x05};
const u8g_fntpgm_uint8_t fontpage_377_168_168[34] U8G_FONT_SECTION("fontpage_377_168_168") = {
  0x00,0x0B,0x0D,0x00,0xFD,0x00,0x00,0x00,0x00,0x00,0xA8,0xA8,0x00,0x09,0xFE,0x00,
  0x00,0x08,0x0B,0x0B,0x0A,0x01,0xFE,0x95,0x95,0xFD,0x95,0xF5,0x00,0x3F,0x01,0x3F,
  0x40,0x3F};
const u8g_fntpgm_uint8_t fontpage_377_189_189[34] U8G_FONT_SECTION("fontpage_377_189_189") = {
  0x00,0x0B,0x0D,0x00,0xFD,0x00,0x00,0x00,0x00,0x00,0xBD,0xBD,0x00,0x09,0xFE,0x00,
  0x00,0x08,0x0B,0x0B,0x0A,0x01,0xFE,0x89,0x89,0xFF,0x89,0x8F,0xF9,0x00,0x7F,0x01,
  0x01,0x01};
const u8g_fntpgm_uint8_t fontpage_377_192_192[34] U8G_FONT_SECTION("fontpage_377_192_192") = {
  0x00,0x0B,0x0D,0x00,0xFD,0x00,0x00,0x00,0x00,0x00,0xC0,0xC0,0x00,0x09,0xFE,0x00,
  0x00,0x08,0x0B,0x0B,0x0A,0x01,0xFE,0x89,0x89,0xFF,0x89,0x8F,0xF9,0x01,0x21,0x20,
  0x20,0x3F};
const u8g_fntpgm_uint8_t fontpage_377_196_196[34] U8G_FONT_SECTION("fontpage_377_196_196") = {
  0x00,0x0B,0x0D,0x00,0xFD,0x00,0x00,0x00,0x00,0x00,0xC4,0xC4,0x00,0x09,0xFE,0x00,
  0x00,0x08,0x0B,0x0B,0x0A,0x01,0xFE,0x89,0x8F,0xF9,0x8F,0xF9,0x00,0x3F,0x01,0x3F,
  0x40,0x3F};
const u8g_fntpgm_uint8_t fontpage_377_244_245[69] U8G_FONT_SECTION("fontpage_377_244_245") = {
  0x00,0x0B,0x0D,0x00,0xFD,0x00,0x00,0x00,0x00,0x00,0xF4,0xF5,0x00,0x09,0xFE,0x00,
  0x00,0x0A,0x09,0x12,0x0A,0x00,0x00,0x20,0x80,0x20,0x80,0x3F,0x80,0x20,0x80,0x20,
  0x80,0x3F,0x80,0x04,0x00,0x04,0x00,0xFF,0xC0,0x0A,0x0B,0x16,0x0A,0x00,0xFE,0x20,
  0x80,0x3F,0x00,0x20,0x80,0x3F,0x00,0x04,0x00,0xFF,0xC0,0x00,0x00,0x3F,0x00,0x00,
  0x80,0x00,0x80,0x00,0x80};
const u8g_fntpgm_uint8_t fontpage_377_248_248[45] U8G_FONT_SECTION("fontpage_377_248_248") = {
  0x00,0x0B,0x0D,0x00,0xFD,0x00,0x00,0x00,0x00,0x00,0xF8,0xF8,0x00,0x09,0xFE,0x00,
  0x00,0x0A,0x0B,0x16,0x0A,0x00,0xFE,0x20,0x80,0x20,0x80,0x3F,0x00,0x20,0x80,0x3F,
  0x00,0x04,0x00,0xFF,0xC0,0x00,0x00,0x20,0x00,0x20,0x00,0x3F,0x80};
const u8g_fntpgm_uint8_t fontpage_379_128_128[43] U8G_FONT_SECTION("fontpage_379_128_128") = {
  0x00,0x0B,0x0D,0x00,0xFD,0x00,0x00,0x00,0x00,0x00,0x80,0x80,0x00,0x09,0xFF,0x00,
  0x00,0x0A,0x0A,0x14,0x0A,0x00,0xFF,0x20,0x80,0x20,0x80,0x3F,0x80,0x20,0x80,0x3F,
  0x80,0x00,0x00,0xFF,0xC0,0x04,0x00,0x04,0x00,0x04,0x00};
const u8g_fntpgm_uint8_t fontpage_379_132_132[45] U8G_FONT_SECTION("fontpage_379_132_132") = {
  0x00,0x0B,0x0D,0x00,0xFD,0x00,0x00,0x00,0x00,0x00,0x84,0x84,0x00,0x09,0xFE,0x00,
  0x00,0x0A,0x0B,0x16,0x0A,0x00,0xFE,0x20,0x80,0x20,0x80,0x3F,0x00,0x20,0x80,0x3F,
  0x00,0x00,0x00,0xFF,0xC0,0x04,0x00,0x24,0x00,0x20,0x00,0x3F,0x80};
const u8g_fntpgm_uint8_t fontpage_379_136_136[45] U8G_FONT_SECTION("fontpage_379_136_136") = {
  0x00,0x0B,0x0D,0x00,0xFD,0x00,0x00,0x00,0x00,0x00,0x88,0x88,0x00,0x09,0xFE,0x00,
  0x00,0x0A,0x0B,0x16,0x0A,0x00,0xFE,0x20,0x80,0x20,0x80,0x3F,0x00,0x20,0x80,0xFF,
  0xC0,0x04,0x00,0x3F,0x00,0x00,0x80,0x3F,0x00,0x20,0x00,0x3F,0x80};
const u8g_fntpgm_uint8_t fontpage_379_240_240[43] U8G_FONT_SECTION("fontpage_379_240_240") = {
  0x00,0x0B,0x0D,0x00,0xFD,0x00,0x00,0x00,0x00,0x00,0xF0,0xF0,0x00,0x09,0xFF,0x00,
  0x00,0x0A,0x0A,0x14,0x0A,0x00,0xFF,0x20,0x80,0x20,0x80,0x3F,0x80,0x20,0x80,0x3F,
  0x80,0x00,0x00,0xFF,0xC0,0x12,0x00,0x12,0x00,0x12,0x00};
const u8g_fntpgm_uint8_t fontpage_380_140_140[41] U8G_FONT_SECTION("fontpage_380_140_140") = {
  0x00,0x0B,0x0D,0x00,0xFD,0x00,0x00,0x00,0x00,0x00,0x8C,0x8C,0x00,0x09,0x00,0x00,
  0x00,0x0A,0x09,0x12,0x0A,0x00,0x00,0x20,0x80,0x20,0x80,0x3F,0x80,0x20,0x80,0x20,
  0x80,0x3F,0x80,0x00,0x00,0x00,0x00,0xFF,0xC0};
const u8g_fntpgm_uint8_t fontpage_380_148_148[45] U8G_FONT_SECTION("fontpage_380_148_148") = {
  0x00,0x0B,0x0D,0x00,0xFD,0x00,0x00,0x00,0x00,0x00,0x94,0x94,0x00,0x09,0xFE,0x00,
  0x00,0x0A,0x0B,0x16,0x0A,0x00,0xFE,0x20,0x80,0x20,0x80,0x3F,0x00,0x20,0x80,0xFF,
  0xC0,0x00,0x00,0x3F,0x00,0x00,0x80,0x3F,0x00,0x20,0x00,0x3F,0x80};
const u8g_fntpgm_uint8_t fontpage_380_196_196[34] U8G_FONT_SECTION("fontpage_380_196_196") = {
  0x00,0x0B,0x0D,0x00,0xFD,0x00,0x00,0x00,0x00,0x00,0xC4,0xC4,0x00,0x09,0xFE,0x00,
  0x00,0x08,0x0B,0x0B,0x0A,0x01,0xFE,0x89,0x89,0x89,0xF9,0x89,0x89,0x89,0xF9,0x01,
  0x01,0x01};
const u8g_fntpgm_uint8_t fontpage_380_204_204[34] U8G_FONT_SECTION("fontpage_380_204_204") = {
  0x00,0x0B,0x0D,0x00,0xFD,0x00,0x00,0x00,0x00,0x00,0xCC,0xCC,0x00,0x09,0xFE,0x00,
  0x00,0x08,0x0B,0x0B,0x0A,0x01,0xFE,0x89,0x89,0xF9,0x89,0xF9,0x00,0x3F,0x01,0x3F,
  0x40,0x3F};
const u8g_fntpgm_uint8_t fontpage_380_217_217[34] U8G_FONT_SECTION("fontpage_380_217_217") = {
  0x00,0x0B,0x0D,0x00,0xFD,0x00,0x00,0x00,0x00,0x00,0xD9,0xD9,0x00,0x09,0xFE,0x00,
  0x00,0x08,0x0B,0x0B,0x0A,0x01,0xFE,0x89,0x89,0xF9,0x89,0x89,0xF9,0x01,0x1E,0x21,
  0x21,0x1E};
const u8g_fntpgm_uint8_t fontpage_380_224_224[45] U8G_FONT_SECTION("fontpage_380_224_224") = {
  0x00,0x0B,0x0D,0x00,0xFD,0x00,0x00,0x00,0x00,0x00,0xE0,0xE0,0x00,0x09,0xFE,0x00,
  0x00,0x09,0x0B,0x16,0x0A,0x01,0xFE,0xD5,0x00,0xD5,0x00,0xD5,0x00,0xDD,0x00,0xD5,
  0x80,0xD5,0x00,0xD5,0x00,0xDD,0x00,0x01,0x00,0x01,0x00,0x01,0x00};
const u8g_fntpgm_uint8_t fontpage_380_232_232[45] U8G_FONT_SECTION("fontpage_380_232_232") = {
  0x00,0x0B,0x0D,0x00,0xFD,0x00,0x00,0x00,0x00,0x00,0xE8,0xE8,0x00,0x09,0xFE,0x00,
  0x00,0x09,0x0B,0x16,0x0A,0x01,0xFE,0xD5,0x00,0xD5,0x00,0xDD,0x80,0xD5,0x00,0xDD,
  0x00,0x00,0x00,0x7E,0x00,0x01,0x00,0x7E,0x00,0x40,0x00,0x7F,0x00};
const u8g_fntpgm_uint8_t fontpage_385_172_172[45] U8G_FONT_SECTION("fontpage_385_172_172") = {
  0x00,0x0B,0x0D,0x00,0xFD,0x00,0x00,0x00,0x00,0x00,0xAC,0xAC,0x00,0x09,0xFE,0x00,
  0x00,0x09,0x0B,0x16,0x0A,0x01,0xFE,0x21,0x00,0x21,0x00,0x21,0x00,0x21,0x00,0x61,
  0x80,0x51,0x00,0x99,0x00,0x89,0x00,0x01,0x00,0x01,0x00,0x01,0x00};
const u8g_fntpgm_uint8_t fontpage_385_176_176[45] U8G_FONT_SECTION("fontpage_385_176_176") = {
  0x00,0x0B,0x0D,0x00,0xFD,0x00,0x00,0x00,0x00,0x00,0xB0,0xB0,0x00,0x09,0xFE,0x00,
  0x00,0x09,0x0B,0x16,0x0A,0x01,0xFE,0x21,0x00,0x21,0x00,0x21,0x00,0x51,0x80,0xD9,
  0x00,0x89,0x00,0x01,0x00,0x41,0x00,0x40,0x00,0x40,0x00,0x7F,0x00};
const u8g_fntpgm_uint8_t fontpage_385_189_189[45] U8G_FONT_SECTION("fontpage_385_189_189") = {
  0x00,0x0B,0x0D,0x00,0xFD,0x00,0x00,0x00,0x00,0x00,0xBD,0xBD,0x00,0x09,0xFE,0x00,
  0x00,0x09,0x0B,0x16,0x0A,0x01,0xFE,0x21,0x00,0x21,0x00,0x21,0x00,0x51,0x80,0xD9,
  0x00,0x89,0x00,0x00,0x00,0x41,0x00,0x7E,0x00,0x41,0x00,0x7E,0x00};
const u8g_fntpgm_uint8_t fontpage_385_193_193[45] U8G_FONT_SECTION("fontpage_385_193_193") = {
  0x00,0x0B,0x0D,0x00,0xFD,0x00,0x00,0x00,0x00,0x00,0xC1,0xC1,0x00,0x09,0xFE,0x00,
  0x00,0x09,0x0B,0x16,0x0A,0x01,0xFE,0x21,0x00,0x21,0x00,0x21,0x00,0x51,0x80,0xD9,
  0x00,0x89,0x00,0x00,0x00,0x3E,0x00,0x41,0x00,0x41,0x00,0x3E,0x00};
const u8g_fntpgm_uint8_t fontpage_385_200_201[51] U8G_FONT_SECTION("fontpage_385_200_201") = {
  0x00,0x0B,0x0D,0x00,0xFD,0x00,0x00,0x00,0x00,0x00,0xC8,0xC9,0x00,0x09,0xFE,0x00,
  0x00,0x08,0x0B,0x0B,0x0A,0x01,0xFE,0x25,0x25,0x25,0x45,0x67,0x65,0x95,0x95,0x05,
  0x05,0x05,0x08,0x0B,0x0B,0x0A,0x01,0xFE,0x25,0x25,0x65,0x67,0x95,0x8D,0x00,0x7F,
  0x01,0x01,0x01};
const u8g_fntpgm_uint8_t fontpage_385_221_221[34] U8G_FONT_SECTION("fontpage_385_221_221") = {
  0x00,0x0B,0x0D,0x00,0xFD,0x00,0x00,0x00,0x00,0x00,0xDD,0xDD,0x00,0x09,0xFE,0x00,
  0x00,0x08,0x0B,0x0B,0x0A,0x01,0xFE,0x25,0x25,0x65,0x67,0xD5,0x8D,0x00,0x3E,0x21,
  0x21,0x3E};
const u8g_fntpgm_uint8_t fontpage_386_156_156[34] U8G_FONT_SECTION("fontpage_386_156_156") = {
  0x00,0x0B,0x0D,0x00,0xFD,0x00,0x00,0x00,0x00,0x00,0x9C,0x9C,0x00,0x09,0xFE,0x00,
  0x00,0x08,0x0B,0x0B,0x0A,0x01,0xFE,0x21,0x21,0x21,0x27,0x61,0x51,0x99,0x89,0x01,
  0x01,0x01};
const u8g_fntpgm_uint8_t fontpage_386_160_160[34] U8G_FONT_SECTION("fontpage_386_160_160") = {
  0x00,0x0B,0x0D,0x00,0xFD,0x00,0x00,0x00,0x00,0x00,0xA0,0xA0,0x00,0x09,0xFE,0x00,
  0x00,0x08,0x0B,0x0B,0x0A,0x01,0xFE,0x21,0x21,0x27,0x51,0xD9,0x89,0x01,0x21,0x20,
  0x20,0x3F};
const u8g_fntpgm_uint8_t fontpage_386_164_164[34] U8G_FONT_SECTION("fontpage_386_164_164") = {
  0x00,0x0B,0x0D,0x00,0xFD,0x00,0x00,0x00,0x00,0x00,0xA4,0xA4,0x00,0x09,0xFE,0x00,
  0x00,0x08,0x0B,0x0B,0x0A,0x01,0xFE,0x21,0x21,0x27,0x51,0x89,0x00,0x3F,0x01,0x3F,
  0x40,0x3F};
const u8g_fntpgm_uint8_t fontpage_386_177_177[34] U8G_FONT_SECTION("fontpage_386_177_177") = {
  0x00,0x0B,0x0D,0x00,0xFD,0x00,0x00,0x00,0x00,0x00,0xB1,0xB1,0x00,0x09,0xFE,0x00,
  0x00,0x08,0x0B,0x0B,0x0A,0x01,0xFE,0x21,0x21,0x27,0x51,0xD9,0x89,0x00,0x1E,0x21,
  0x21,0x1E};
const u8g_fntpgm_uint8_t fontpage_386_184_184[34] U8G_FONT_SECTION("fontpage_386_184_184") = {
  0x00,0x0B,0x0D,0x00,0xFD,0x00,0x00,0x00,0x00,0x00,0xB8,0xB8,0x00,0x09,0xFE,0x00,
  0x00,0x08,0x0B,0x0B,0x0A,0x01,0xFE,0x25,0x25,0x25,0x4D,0x65,0x65,0x95,0x95,0x05,
  0x05,0x05};
const u8g_fntpgm_uint8_t fontpage_386_188_188[45] U8G_FONT_SECTION("fontpage_386_188_188") = {
  0x00,0x0B,0x0D,0x00,0xFD,0x00,0x00,0x00,0x00,0x00,0xBC,0xBC,0x00,0x09,0xFE,0x00,
  0x00,0x09,0x0B,0x16,0x0A,0x01,0xFE,0x25,0x00,0x25,0x00,0x6D,0x00,0x65,0x00,0x95,
  0x00,0x8D,0x00,0x05,0x00,0x25,0x00,0x20,0x00,0x20,0x00,0x3F,0x80};
const u8g_fntpgm_uint8_t fontpage_386_192_192[34] U8G_FONT_SECTION("fontpage_386_192_192") = {
  0x00,0x0B,0x0D,0x00,0xFD,0x00,0x00,0x00,0x00,0x00,0xC0,0xC0,0x00,0x09,0xFE,0x00,
  0x00,0x08,0x0B,0x0B,0x0A,0x01,0xFE,0x25,0x25,0x6D,0xD5,0x9D,0x00,0x3F,0x01,0x3F,
  0x40,0x3F};
const u8g_fntpgm_uint8_t fontpage_386_203_203[45] U8G_FONT_SECTION("fontpage_386_203_203") = {
  0x00,0x0B,0x0D,0x00,0xFD,0x00,0x00,0x00,0x00,0x00,0xCB,0xCB,0x00,0x09,0xFE,0x00,
  0x00,0x09,0x0B,0x16,0x0A,0x01,0xFE,0x25,0x00,0x25,0x00,0x6D,0x00,0x65,0x00,0x95,
  0x00,0x8D,0x00,0x01,0x00,0x08,0x00,0x0C,0x00,0x36,0x00,0x61,0x80};
const u8g_fntpgm_uint8_t fontpage_386_216_216[34] U8G_FONT_SECTION("fontpage_386_216_216") = {
  0x00,0x0B,0x0D,0x00,0xFD,0x00,0x00,0x00,0x00,0x00,0xD8,0xD8,0x00,0x09,0xFE,0x00,
  0x00,0x08,0x0B,0x0B,0x0A,0x01,0xFE,0x21,0x27,0x21,0x67,0xD1,0x89,0x01,0x21,0x20,
  0x20,0x3F};
const u8g_fntpgm_uint8_t fontpage_387_140_141[69] U8G_FONT_SECTION("fontpage_387_140_141") = {
  0x00,0x0B,0x0D,0x00,0xFD,0x00,0x00,0x00,0x00,0x00,0x8C,0x8D,0x00,0x09,0xFE,0x00,
  0x00,0x0A,0x09,0x12,0x0A,0x00,0x00,0x04,0x00,0x0C,0x00,0x0C,0x00,0x12,0x00,0x31,
  0x00,0x44,0x80,0x04,0x00,0x04,0x00,0xFF,0xC0,0x0A,0x0B,0x16,0x0A,0x00,0xFE,0x04,
  0x00,0x0C,0x00,0x13,0x00,0x65,0x80,0x04,0x00,0xFF,0xC0,0x00,0x00,0x3F,0x00,0x00,
  0x80,0x00,0x80,0x00,0x80};
const u8g_fntpgm_uint8_t fontpage_387_144_144[45] U8G_FONT_SECTION("fontpage_387_144_144") = {
  0x00,0x0B,0x0D,0x00,0xFD,0x00,0x00,0x00,0x00,0x00,0x90,0x90,0x00,0x09,0xFE,0x00,
  0x00,0x0A,0x0B,0x16,0x0A,0x00,0xFE,0x04,0x00,0x0C,0x00,0x13,0x00,0x61,0x80,0x04,
  0x00,0x04,0x00,0xFF,0xC0,0x00,0x00,0x20,0x00,0x20,0x00,0x3F,0x80};
const u8g_fntpgm_uint8_t fontpage_387_161_161[45] U8G_FONT_SECTION("fontpage_387_161_161") = {
  0x00,0x0B,0x0D,0x00,0xFD,0x00,0x00,0x00,0x00,0x00,0xA1,0xA1,0x00,0x09,0xFE,0x00,
  0x00,0x0A,0x0B,0x16,0x0A,0x00,0xFE,0x04,0x00,0x0C,0x00,0x12,0x00,0x65,0x80,0x04,
  0x00,0xFF,0xC0,0x00,0x00,0x1F,0x00,0x20,0x80,0x20,0x80,0x1F,0x00};
const u8g_fntpgm_uint8_t fontpage_387_224_224[45] U8G_FONT_SECTION("fontpage_387_224_224") = {
  0x00,0x0B,0x0D,0x00,0xFD,0x00,0x00,0x00,0x00,0x00,0xE0,0xE0,0x00,0x09,0xFE,0x00,
  0x00,0x09,0x0B,0x16,0x0A,0x00,0xFE,0x10,0x80,0x10,0x80,0x18,0x80,0x24,0x80,0x42,
  0x80,0x10,0x80,0x10,0x80,0xFF,0x80,0x00,0x80,0x00,0x80,0x00,0x80};
const u8g_fntpgm_uint8_t fontpage_388_152_152[43] U8G_FONT_SECTION("fontpage_388_152_152") = {
  0x00,0x0B,0x0D,0x00,0xFD,0x00,0x00,0x00,0x00,0x00,0x98,0x98,0x00,0x09,0xFF,0x00,
  0x00,0x0A,0x0A,0x14,0x0A,0x00,0xFF,0x04,0x00,0x0C,0x00,0x0E,0x00,0x33,0x00,0x40,
  0x80,0x00,0x00,0xFF,0xC0,0x04,0x00,0x04,0x00,0x04,0x00};
const u8g_fntpgm_uint8_t fontpage_388_156_156[45] U8G_FONT_SECTION("fontpage_388_156_156") = {
  0x00,0x0B,0x0D,0x00,0xFD,0x00,0x00,0x00,0x00,0x00,0x9C,0x9C,0x00,0x09,0xFE,0x00,
  0x00,0x0A,0x0B,0x16,0x0A,0x00,0xFE,0x04,0x00,0x0C,0x00,0x12,0x00,0x61,0x80,0x00,
  0x00,0xFF,0xC0,0x04,0x00,0x24,0x00,0x24,0x00,0x20,0x00,0x3F,0x80};
const u8g_fntpgm_uint8_t fontpage_388_171_171[45] U8G_FONT_SECTION("fontpage_388_171_171") = {
  0x00,0x0B,0x0D,0x00,0xFD,0x00,0x00,0x00,0x00,0x00,0xAB,0xAB,0x00,0x09,0xFE,0x00,
  0x00,0x0A,0x0B,0x16,0x0A,0x00,0xFE,0x04,0x00,0x0C,0x00,0x13,0x00,0x61,0x80,0x00,
  0x00,0xFF,0xC0,0x04,0x00,0x04,0x00,0x0C,0x00,0x12,0x00,0x61,0x80};
const u8g_fntpgm_uint8_t fontpage_388_208_208[45] U8G_FONT_SECTION("fontpage_388_208_208") = {
  0x00,0x0B,0x0D,0x00,0xFD,0x00,0x00,0x00,0x00,0x00,0xD0,0xD0,0x00,0x09,0xFE,0x00,
  0x00,0x09,0x0B,0x16,0x0A,0x00,0xFE,0x12,0x80,0x32,0x80,0x3A,0x80,0x4A,0x80,0x02,
  0x80,0xFE,0x80,0x12,0x80,0x1E,0x80,0x12,0x80,0x12,0x80,0x02,0x80};
const u8g_fntpgm_uint8_t fontpage_389_136_136[43] U8G_FONT_SECTION("fontpage_389_136_136") = {
  0x00,0x0B,0x0D,0x00,0xFD,0x00,0x00,0x00,0x00,0x00,0x88,0x88,0x00,0x09,0xFF,0x00,
  0x00,0x0A,0x0A,0x14,0x0A,0x00,0xFF,0x04,0x00,0x0C,0x00,0x0A,0x00,0x33,0x00,0x40,
  0x80,0x00,0x00,0xFF,0xC0,0x12,0x00,0x12,0x00,0x12,0x00};
const u8g_fntpgm_uint8_t fontpage_389_164_164[41] U8G_FONT_SECTION("fontpage_389_164_164") = {
  0x00,0x0B,0x0D,0x00,0xFD,0x00,0x00,0x00,0x00,0x00,0xA4,0xA4,0x00,0x09,0x00,0x00,
  0x00,0x0A,0x09,0x12,0x0A,0x00,0x00,0x04,0x00,0x0C,0x00,0x0C,0x00,0x12,0x00,0x31,
  0x00,0x40,0x80,0x00,0x00,0x00,0x00,0xFF,0xC0};
const u8g_fntpgm_uint8_t fontpage_389_172_172[45] U8G_FONT_SECTION("fontpage_389_172_172") = {
  0x00,0x0B,0x0D,0x00,0xFD,0x00,0x00,0x00,0x00,0x00,0xAC,0xAC,0x00,0x09,0xFE,0x00,
  0x00,0x0A,0x0B,0x16,0x0A,0x00,0xFE,0x04,0x00,0x1A,0x00,0x61,0x80,0x00,0x00,0xFF,
  0xC0,0x00,0x00,0x3F,0x00,0x00,0x80,0x3F,0x00,0x20,0x00,0x3F,0x80};
const u8g_fntpgm_uint8_t fontpage_389_181_181[45] U8G_FONT_SECTION("fontpage_389_181_181") = {
  0x00,0x0B,0x0D,0x00,0xFD,0x00,0x00,0x00,0x00,0x00,0xB5,0xB5,0x00,0x09,0xFE,0x00,
  0x00,0x0A,0x0B,0x16,0x0A,0x00,0xFE,0x04,0x00,0x0C,0x00,0x13,0x00,0x61,0x80,0x00,
  0x00,0xFF,0xC0,0x00,0x00,0x20,0x80,0x3F,0x00,0x20,0x80,0x3F,0x00};
const u8g_fntpgm_uint8_t fontpage_389_185_185[45] U8G_FONT_SECTION("fontpage_389_185_185") = {
  0x00,0x0B,0x0D,0x00,0xFD,0x00,0x00,0x00,0x00,0x00,0xB9,0xB9,0x00,0x09,0xFE,0x00,
  0x00,0x0A,0x0B,0x16,0x0A,0x00,0xFE,0x04,0x00,0x0C,0x00,0x13,0x00,0x61,0x80,0x00,
  0x00,0xFF,0xC0,0x00,0x00,0x1F,0x00,0x21,0x00,0x21,0x00,0x1F,0x00};
const u8g_fntpgm_uint8_t fontpage_389_220_221[51] U8G_FONT_SECTION("fontpage_389_220_221") = {
  0x00,0x0B,0x0D,0x00,0xFD,0x00,0x00,0x00,0x00,0x00,0xDC,0xDD,0x00,0x09,0xFE,0x00,
  0x00,0x08,0x0B,0x0B,0x0A,0x01,0xFE,0x21,0x21,0x21,0x21,0x21,0x51,0xC9,0x89,0x01,
  0x01,0x01,0x08,0x0B,0x0B,0x0A,0x01,0xFE,0x21,0x21,0x21,0x51,0xD9,0x89,0x00,0x7F,
  0x01,0x01,0x01};
const u8g_fntpgm_uint8_t fontpage_389_224_224[34] U8G_FONT_SECTION("fontpage_389_224_224") = {
  0x00,0x0B,0x0D,0x00,0xFD,0x00,0x00,0x00,0x00,0x00,0xE0,0xE0,0x00,0x09,0xFE,0x00,
  0x00,0x08,0x0B,0x0B,0x0A,0x01,0xFE,0x21,0x21,0x21,0x51,0xD9,0x89,0x01,0x21,0x20,
  0x20,0x3F};
const u8g_fntpgm_uint8_t fontpage_389_228_228[34] U8G_FONT_SECTION("fontpage_389_228_228") = {
  0x00,0x0B,0x0D,0x00,0xFD,0x00,0x00,0x00,0x00,0x00,0xE4,0xE4,0x00,0x09,0xFE,0x00,
  0x00,0x08,0x0B,0x0B,0x0A,0x01,0xFE,0x21,0x21,0x21,0xD1,0x89,0x00,0x3F,0x01,0x3F,
  0x40,0x3F};
const u8g_fntpgm_uint8_t fontpage_389_236_236[34] U8G_FONT_SECTION("fontpage_389_236_236") = {
  0x00,0x0B,0x0D,0x00,0xFD,0x00,0x00,0x00,0x00,0x00,0xEC,0xEC,0x00,0x09,0xFE,0x00,
  0x00,0x08,0x0B,0x0B,0x0A,0x01,0xFE,0x21,0x21,0x21,0x51,0xD9,0x89,0x00,0x3F,0x41,
  0x41,0x3F};
const u8g_fntpgm_uint8_t fontpage_390_141_141[45] U8G_FONT_SECTION("fontpage_390_141_141") = {
  0x00,0x0B,0x0D,0x00,0xFD,0x00,0x00,0x00,0x00,0x00,0x8D,0x8D,0x00,0x09,0xFE,0x00,
  0x00,0x0A,0x0B,0x16,0x0A,0x00,0xFE,0x24,0x80,0x24,0x80,0x2C,0x80,0x5E,0xC0,0x92,
  0x80,0x10,0x80,0x00,0x00,0x1F,0x00,0x20,0x80,0x20,0x80,0x1F,0x00};
const u8g_fntpgm_uint8_t fontpage_393_240_240[41] U8G_FONT_SECTION("fontpage_393_240_240") = {
  0x00,0x0B,0x0D,0x00,0xFD,0x00,0x00,0x00,0x00,0x00,0xF0,0xF0,0x00,0x09,0x00,0x00,
  0x00,0x0A,0x09,0x12,0x0A,0x00,0x00,0x12,0x00,0x12,0x00,0x13,0x00,0x2B,0x00,0x44,
  0x80,0x48,0x40,0x00,0x00,0x00,0x00,0xFF,0xC0};
const u8g_fntpgm_uint8_t fontpage_394_196_196[45] U8G_FONT_SECTION("fontpage_394_196_196") = {
  0x00,0x0B,0x0D,0x00,0xFD,0x00,0x00,0x00,0x00,0x00,0xC4,0xC4,0x00,0x09,0xFE,0x00,
  0x00,0x09,0x0B,0x16,0x0A,0x01,0xFE,0x71,0x00,0x89,0x00,0x89,0x00,0x89,0x00,0x89,
  0x80,0x89,0x00,0x89,0x00,0x71,0x00,0x01,0x00,0x01,0x00,0x01,0x00};
const u8g_fntpgm_uint8_t fontpage_394_200_200[45] U8G_FONT_SECTION("fontpage_394_200_200") = {
  0x00,0x0B,0x0D,0x00,0xFD,0x00,0x00,0x00,0x00,0x00,0xC8,0xC8,0x00,0x09,0xFE,0x00,
  0x00,0x09,0x0B,0x16,0x0A,0x01,0xFE,0x71,0x00,0x89,0x00,0x89,0x00,0x89,0x80,0x89,
  0x00,0x71,0x00,0x01,0x00,0x41,0x00,0x40,0x00,0x40,0x00,0x7F,0x00};
const u8g_fntpgm_uint8_t fontpage_394_202_202[45] U8G_FONT_SECTION("fontpage_394_202_202") = {
  0x00,0x0B,0x0D,0x00,0xFD,0x00,0x00,0x00,0x00,0x00,0xCA,0xCA,0x00,0x09,0xFE,0x00,
  0x00,0x09,0x0B,0x16,0x0A,0x01,0xFE,0x71,0x00,0x89,0x00,0x89,0x80,0x89,0x00,0x71,
  0x00,0x00,0x00,0x06,0x00,0x40,0x00,0x4F,0x00,0x49,0x00,0x77,0x00};
const u8g_fntpgm_uint8_t fontpage_394_204_204[45] U8G_FONT_SECTION("fontpage_394_204_204") = {
  0x00,0x0B,0x0D,0x00,0xFD,0x00,0x00,0x00,0x00,0x00,0xCC,0xCC,0x00,0x09,0xFE,0x00,
  0x00,0x09,0x0B,0x16,0x0A,0x01,0xFE,0x71,0x00,0x89,0x00,0x89,0x80,0x89,0x00,0x71,
  0x00,0x00,0x00,0x7E,0x00,0x01,0x00,0x7E,0x00,0x40,0x00,0x7F,0x00};
const u8g_fntpgm_uint8_t fontpage_394_212_213[73] U8G_FONT_SECTION("fontpage_394_212_213") = {
  0x00,0x0B,0x0D,0x00,0xFD,0x00,0x00,0x00,0x00,0x00,0xD4,0xD5,0x00,0x09,0xFE,0x00,
  0x00,0x09,0x0B,0x16,0x0A,0x01,0xFE,0x71,0x00,0x89,0x00,0x89,0x00,0x89,0x80,0x89,
  0x00,0x71,0x00,0x00,0x00,0x7E,0x00,0x41,0x00,0x41,0x00,0x7E,0x00,0x09,0x0B,0x16,
  0x0A,0x01,0xFE,0x71,0x00,0x89,0x00,0x89,0x80,0x89,0x00,0x89,0x00,0x71,0x00,0x00,
  0x00,0x41,0x00,0x7E,0x00,0x41,0x00,0x7E,0x00};
const u8g_fntpgm_uint8_t fontpage_394_216_217[73] U8G_FONT_SECTION("fontpage_394_216_217") = {
  0x00,0x0B,0x0D,0x00,0xFD,0x00,0x00,0x00,0x00,0x00,0xD8,0xD9,0x00,0x09,0xFE,0x00,
  0x00,0x09,0x0B,0x16,0x0A,0x01,0xFE,0x71,0x00,0x89,0x00,0x89,0x00,0x89,0x80,0x89,
  0x00,0x71,0x00,0x00,0x00,0x22,0x00,0x22,0x00,0x55,0x00,0x89,0x80,0x09,0x0B,0x16,
  0x0A,0x01,0xFE,0x71,0x00,0x89,0x00,0x89,0x00,0x89,0x80,0x89,0x00,0x71,0x00,0x00,
  0x00,0x3E,0x00,0x41,0x00,0x41,0x00,0x3E,0x00};
const u8g_fntpgm_uint8_t fontpage_394_222_222[45] U8G_FONT_SECTION("fontpage_394_222_222") = {
  0x00,0x0B,0x0D,0x00,0xFD,0x00,0x00,0x00,0x00,0x00,0xDE,0xDE,0x00,0x09,0xFE,0x00,
  0x00,0x09,0x0B,0x16,0x0A,0x01,0xFE,0x71,0x00,0x89,0x00,0x89,0x00,0x89,0x80,0x89,
  0x00,0x71,0x00,0x00,0x00,0x7F,0x00,0x22,0x00,0x22,0x00,0x7F,0x00};
const u8g_fntpgm_uint8_t fontpage_395_145_145[45] U8G_FONT_SECTION("fontpage_395_145_145") = {
  0x00,0x0B,0x0D,0x00,0xFD,0x00,0x00,0x00,0x00,0x00,0x91,0x91,0x00,0x09,0xFE,0x00,
  0x00,0x09,0x0B,0x16,0x0A,0x01,0xFE,0x71,0x00,0x89,0x00,0x89,0x80,0x89,0x00,0x89,
  0x80,0x71,0x00,0x00,0x00,0x3E,0x00,0x41,0x00,0x41,0x00,0x3E,0x00};
const u8g_fntpgm_uint8_t fontpage_395_180_180[34] U8G_FONT_SECTION("fontpage_395_180_180") = {
  0x00,0x0B,0x0D,0x00,0xFD,0x00,0x00,0x00,0x00,0x00,0xB4,0xB4,0x00,0x09,0xFE,0x00,
  0x00,0x08,0x0B,0x0B,0x0A,0x01,0xFE,0x71,0x89,0x89,0x8F,0x89,0x89,0x89,0x71,0x01,
  0x01,0x01};
const u8g_fntpgm_uint8_t fontpage_395_184_184[34] U8G_FONT_SECTION("fontpage_395_184_184") = {
  0x00,0x0B,0x0D,0x00,0xFD,0x00,0x00,0x00,0x00,0x00,0xB8,0xB8,0x00,0x09,0xFE,0x00,
  0x00,0x08,0x0B,0x0B,0x0A,0x01,0xFE,0x71,0x89,0x89,0x8F,0x89,0x71,0x01,0x21,0x20,
  0x20,0x3F};
const u8g_fntpgm_uint8_t fontpage_395_197_198[62] U8G_FONT_SECTION("fontpage_395_197_198") = {
  0x00,0x0B,0x0D,0x00,0xFD,0x00,0x00,0x00,0x00,0x00,0xC5,0xC6,0x00,0x09,0xFE,0x00,
  0x00,0x08,0x0B,0x0B,0x0A,0x01,0xFE,0x71,0x89,0x8F,0x89,0x89,0x71,0x00,0x41,0x3F,
  0x41,0x3F,0x09,0x0B,0x16,0x0A,0x01,0xFE,0x71,0x00,0x89,0x00,0x8F,0x00,0x89,0x00,
  0x89,0x00,0x71,0x00,0x00,0x00,0x4A,0x00,0x72,0x00,0x4D,0x00,0x74,0x80};
const u8g_fntpgm_uint8_t fontpage_395_200_200[45] U8G_FONT_SECTION("fontpage_395_200_200") = {
  0x00,0x0B,0x0D,0x00,0xFD,0x00,0x00,0x00,0x00,0x00,0xC8,0xC8,0x00,0x09,0xFE,0x00,
  0x00,0x09,0x0B,0x16,0x0A,0x01,0xFE,0x71,0x00,0x89,0x00,0x8F,0x00,0x89,0x00,0x89,
  0x00,0x71,0x00,0x00,0x00,0x12,0x00,0x12,0x00,0x33,0x00,0x4C,0x80};
const u8g_fntpgm_uint8_t fontpage_395_208_208[34] U8G_FONT_SECTION("fontpage_395_208_208") = {
  0x00,0x0B,0x0D,0x00,0xFD,0x00,0x00,0x00,0x00,0x00,0xD0,0xD0,0x00,0x09,0xFE,0x00,
  0x00,0x08,0x0B,0x0B,0x0A,0x01,0xFE,0x65,0x95,0x95,0x8D,0x95,0x95,0x95,0x65,0x05,
  0x05,0x05};
const u8g_fntpgm_uint8_t fontpage_395_212_212[45] U8G_FONT_SECTION("fontpage_395_212_212") = {
  0x00,0x0B,0x0D,0x00,0xFD,0x00,0x00,0x00,0x00,0x00,0xD4,0xD4,0x00,0x09,0xFE,0x00,
  0x00,0x09,0x0B,0x16,0x0A,0x01,0xFE,0x65,0x00,0x95,0x00,0x95,0x00,0x9D,0x00,0x95,
  0x00,0x65,0x00,0x05,0x00,0x25,0x00,0x20,0x00,0x20,0x00,0x3F,0x80};
const u8g_fntpgm_uint8_t fontpage_395_236_237[51] U8G_FONT_SECTION("fontpage_395_236_237") = {
  0x00,0x0B,0x0D,0x00,0xFD,0x00,0x00,0x00,0x00,0x00,0xEC,0xED,0x00,0x09,0xFE,0x00,
  0x00,0x08,0x0B,0x0B,0x0A,0x01,0xFE,0x71,0x89,0x8F,0x89,0x89,0x8F,0x89,0x71,0x01,
  0x01,0x01,0x08,0x0B,0x0B,0x0A,0x01,0xFE,0x71,0x8F,0x89,0x89,0x8F,0x71,0x00,0x7F,
  0x01,0x01,0x01};
const u8g_fntpgm_uint8_t fontpage_395_240_240[34] U8G_FONT_SECTION("fontpage_395_240_240") = {
  0x00,0x0B,0x0D,0x00,0xFD,0x00,0x00,0x00,0x00,0x00,0xF0,0xF0,0x00,0x09,0xFE,0x00,
  0x00,0x08,0x0B,0x0B,0x0A,0x01,0xFE,0x71,0x8F,0x89,0x89,0x8F,0x71,0x01,0x20,0x20,
  0x20,0x3F};
const u8g_fntpgm_uint8_t fontpage_395_244_244[34] U8G_FONT_SECTION("fontpage_395_244_244") = {
  0x00,0x0B,0x0D,0x00,0xFD,0x00,0x00,0x00,0x00,0x00,0xF4,0xF4,0x00,0x09,0xFE,0x00,
  0x00,0x08,0x0B,0x0B,0x0A,0x01,0xFE,0x71,0x8F,0x89,0x8F,0x71,0x00,0x3F,0x01,0x3F,
  0x40,0x3F};
const u8g_fntpgm_uint8_t fontpage_396_129_129[34] U8G_FONT_SECTION("fontpage_396_129_129") = {
  0x00,0x0B,0x0D,0x00,0xFD,0x00,0x00,0x00,0x00,0x00,0x81,0x81,0x00,0x09,0xFE,0x00,
  0x00,0x08,0x0B,0x0B,0x0A,0x01,0xFE,0x71,0x8F,0x89,0x89,0x8F,0x71,0x01,0x1E,0x21,
  0x21,0x1E};
const u8g_fntpgm_uint8_t fontpage_396_136_136[34] U8G_FONT_SECTION("fontpage_396_136_136") = {
  0x00,0x0B,0x0D,0x00,0xFD,0x00,0x00,0x00,0x00,0x00,0x88,0x88,0x00,0x09,0xFE,0x00,
  0x00,0x08,0x0B,0x0B,0x0A,0x01,0xFE,0x65,0x95,0x9D,0x95,0x95,0x9D,0x95,0x65,0x05,
  0x05,0x05};
const u8g_fntpgm_uint8_t fontpage_396_164_164[41] U8G_FONT_SECTION("fontpage_396_164_164") = {
  0x00,0x0B,0x0D,0x00,0xFD,0x00,0x00,0x00,0x00,0x00,0xA4,0xA4,0x00,0x09,0x00,0x00,
  0x00,0x0A,0x09,0x12,0x0A,0x00,0x00,0x1E,0x00,0x21,0x00,0x20,0x80,0x20,0x80,0x21,
  0x00,0x1E,0x00,0x04,0x00,0x04,0x00,0xFF,0xC0};
const u8g_fntpgm_uint8_t fontpage_396_168_168[45] U8G_FONT_SECTION("fontpage_396_168_168") = {
  0x00,0x0B,0x0D,0x00,0xFD,0x00,0x00,0x00,0x00,0x00,0xA8,0xA8,0x00,0x09,0xFE,0x00,
  0x00,0x0A,0x0B,0x16,0x0A,0x00,0xFE,0x1F,0x00,0x20,0x80,0x20,0x80,0x1F,0x00,0x04,
  0x00,0x04,0x00,0xFF,0xC0,0x00,0x00,0x20,0x00,0x20,0x00,0x3F,0x80};
const u8g_fntpgm_uint8_t fontpage_396_172_172[45] U8G_FONT_SECTION("fontpage_396_172_172") = {
  0x00,0x0B,0x0D,0x00,0xFD,0x00,0x00,0x00,0x00,0x00,0xAC,0xAC,0x00,0x09,0xFE,0x00,
  0x00,0x0A,0x0B,0x16,0x0A,0x00,0xFE,0x3F,0x00,0x20,0x80,0x3F,0x00,0x04,0x00,0xFF,
  0xC0,0x00,0x00,0x3F,0x00,0x00,0x80,0x3F,0x00,0x20,0x00,0x3F,0x80};
const u8g_fntpgm_uint8_t fontpage_396_181_181[45] U8G_FONT_SECTION("fontpage_396_181_181") = {
  0x00,0x0B,0x0D,0x00,0xFD,0x00,0x00,0x00,0x00,0x00,0xB5,0xB5,0x00,0x09,0xFE,0x00,
  0x00,0x0A,0x0B,0x16,0x0A,0x00,0xFE,0x1F,0x00,0x20,0x80,0x20,0x80,0x1F,0x00,0x04,
  0x00,0xFF,0xC0,0x00,0x00,0x20,0x80,0x3F,0x00,0x20,0x80,0x3F,0x00};
const u8g_fntpgm_uint8_t fontpage_396_192_192[45] U8G_FONT_SECTION("fontpage_396_192_192") = {
  0x00,0x0B,0x0D,0x00,0xFD,0x00,0x00,0x00,0x00,0x00,0xC0,0xC0,0x00,0x09,0xFE,0x00,
  0x00,0x0A,0x0B,0x16,0x0A,0x00,0xFE,0x38,0x80,0x44,0x80,0x44,0x80,0x44,0x80,0x38,
  0xC0,0x10,0x80,0x10,0x80,0xFE,0x80,0x00,0x80,0x00,0x80,0x00,0x80};
const u8g_fntpgm_uint8_t fontpage_396_196_196[45] U8G_FONT_SECTION("fontpage_396_196_196") = {
  0x00,0x0B,0x0D,0x00,0xFD,0x00,0x00,0x00,0x00,0x00,0xC4,0xC4,0x00,0x09,0xFE,0x00,
  0x00,0x0A,0x0B,0x16,0x0A,0x00,0xFE,0x38,0x80,0x44,0x80,0x44,0x80,0x44,0x80,0x38,
  0xC0,0x10,0x80,0xFE,0x80,0x00,0x80,0x20,0x00,0x20,0x00,0x3F,0x80};
const u8g_fntpgm_uint8_t fontpage_396_248_248[45] U8G_FONT_SECTION("fontpage_396_248_248") = {
  0x00,0x0B,0x0D,0x00,0xFD,0x00,0x00,0x00,0x00,0x00,0xF8,0xF8,0x00,0x09,0xFE,0x00,
  0x00,0x09,0x0B,0x16,0x0A,0x00,0xFE,0x38,0x80,0x44,0x80,0x44,0x80,0x44,0x80,0x38,
  0x80,0x10,0x80,0x10,0x80,0xFF,0x80,0x00,0x80,0x00,0x80,0x00,0x80};
const u8g_fntpgm_uint8_t fontpage_396_252_252[34] U8G_FONT_SECTION("fontpage_396_252_252") = {
  0x00,0x0B,0x0D,0x00,0xFD,0x00,0x00,0x00,0x00,0x00,0xFC,0xFC,0x00,0x09,0xFE,0x00,
  0x00,0x08,0x0B,0x0B,0x0A,0x01,0xFE,0x71,0x49,0x85,0x49,0x71,0x21,0xFF,0x01,0x41,
  0x40,0x7F};
const u8g_fntpgm_uint8_t fontpage_397_148_148[41] U8G_FONT_SECTION("fontpage_397_148_148") = {
  0x00,0x0B,0x0D,0x00,0xFD,0x00,0x00,0x00,0x00,0x00,0x94,0x94,0x00,0x09,0x00,0x00,
  0x00,0x0A,0x09,0x12,0x0A,0x00,0x00,0x1E,0x00,0x21,0x00,0x20,0x80,0x21,0x00,0x1E,
  0x00,0x00,0x00,0x11,0x00,0x11,0x00,0xFF,0xC0};
const u8g_fntpgm_uint8_t fontpage_397_169_169[45] U8G_FONT_SECTION("fontpage_397_169_169") = {
  0x00,0x0B,0x0D,0x00,0xFD,0x00,0x00,0x00,0x00,0x00,0xA9,0xA9,0x00,0x09,0xFE,0x00,
  0x00,0x0A,0x0B,0x16,0x0A,0x00,0xFE,0x1F,0x00,0x20,0x80,0x20,0x80,0x1F,0x00,0x12,
  0x00,0xFF,0xC0,0x00,0x00,0x1F,0x00,0x20,0x80,0x20,0x80,0x1F,0x00};
const u8g_fntpgm_uint8_t fontpage_397_176_176[43] U8G_FONT_SECTION("fontpage_397_176_176") = {
  0x00,0x0B,0x0D,0x00,0xFD,0x00,0x00,0x00,0x00,0x00,0xB0,0xB0,0x00,0x09,0xFF,0x00,
  0x00,0x0A,0x0A,0x14,0x0A,0x00,0xFF,0x1E,0x00,0x21,0x00,0x20,0x80,0x21,0x00,0x1E,
  0x00,0x00,0x00,0xFF,0xC0,0x04,0x00,0x04,0x00,0x04,0x00};
const u8g_fntpgm_uint8_t fontpage_397_184_184[45] U8G_FONT_SECTION("fontpage_397_184_184") = {
  0x00,0x0B,0x0D,0x00,0xFD,0x00,0x00,0x00,0x00,0x00,0xB8,0xB8,0x00,0x09,0xFE,0x00,
  0x00,0x0A,0x0B,0x16,0x0A,0x00,0xFE,0x3F,0x00,0x20,0x80,0x3F,0x00,0x00,0x00,0xFF,
  0xC0,0x04,0x00,0x3F,0x00,0x00,0x80,0x3F,0x00,0x20,0x00,0x3F,0x80};
const u8g_fntpgm_uint8_t fontpage_397_192_192[45] U8G_FONT_SECTION("fontpage_397_192_192") = {
  0x00,0x0B,0x0D,0x00,0xFD,0x00,0x00,0x00,0x00,0x00,0xC0,0xC0,0x00,0x09,0xFE,0x00,
  0x00,0x0A,0x0B,0x16,0x0A,0x00,0xFE,0x1F,0x00,0x20,0x80,0x20,0x80,0x1F,0x00,0x00,
  0x00,0xFF,0xC0,0x04,0x00,0x3F,0x00,0x20,0x80,0x20,0x80,0x3F,0x00};
const u8g_fntpgm_uint8_t fontpage_397_195_195[45] U8G_FONT_SECTION("fontpage_397_195_195") = {
  0x00,0x0B,0x0D,0x00,0xFD,0x00,0x00,0x00,0x00,0x00,0xC3,0xC3,0x00,0x09,0xFE,0x00,
  0x00,0x0A,0x0B,0x16,0x0A,0x00,0xFE,0x1F,0x00,0x20,0x80,0x20,0x80,0x1F,0x00,0x00,
  0x00,0xFF,0xC0,0x04,0x00,0x04,0x00,0x0C,0x00,0x12,0x00,0x61,0x80};
const u8g_fntpgm_uint8_t fontpage_397_204_204[45] U8G_FONT_SECTION("fontpage_397_204_204") = {
  0x00,0x0B,0x0D,0x00,0xFD,0x00,0x00,0x00,0x00,0x00,0xCC,0xCC,0x00,0x09,0xFE,0x00,
  0x00,0x09,0x0B,0x16,0x0A,0x00,0xFE,0x38,0x80,0x44,0x80,0x44,0x80,0x38,0x80,0x00,
  0x80,0xFE,0x80,0x10,0x80,0x13,0x80,0x10,0x80,0x10,0x80,0x00,0x80};
const u8g_fntpgm_uint8_t fontpage_397_208_208[34] U8G_FONT_SECTION("fontpage_397_208_208") = {
  0x00,0x0B,0x0D,0x00,0xFD,0x00,0x00,0x00,0x00,0x00,0xD0,0xD0,0x00,0x09,0xFE,0x00,
  0x00,0x08,0x0B,0x0B,0x0A,0x01,0xFE,0x71,0x89,0x89,0x71,0x01,0xFF,0x21,0x27,0x41,
  0x40,0x7F};
const u8g_fntpgm_uint8_t fontpage_397_232_232[45] U8G_FONT_SECTION("fontpage_397_232_232") = {
  0x00,0x0B,0x0D,0x00,0xFD,0x00,0x00,0x00,0x00,0x00,0xE8,0xE8,0x00,0x09,0xFE,0x00,
  0x00,0x09,0x0B,0x16,0x0A,0x00,0xFE,0x7A,0x80,0x4A,0x80,0x4A,0x80,0x7A,0x80,0x02,
  0x80,0xFE,0x80,0x12,0x80,0x16,0x80,0x12,0x80,0x12,0x80,0x02,0x80};
const u8g_fntpgm_uint8_t fontpage_398_132_132[45] U8G_FONT_SECTION("fontpage_398_132_132") = {
  0x00,0x0B,0x0D,0x00,0xFD,0x00,0x00,0x00,0x00,0x00,0x84,0x84,0x00,0x09,0xFE,0x00,
  0x00,0x09,0x0B,0x16,0x0A,0x00,0xFE,0x38,0x80,0x44,0x80,0x42,0x80,0x44,0x80,0x38,
  0x80,0x00,0x80,0xFE,0x80,0x10,0x80,0x10,0x80,0x10,0x80,0x10,0x80};
const u8g_fntpgm_uint8_t fontpage_398_160_160[43] U8G_FONT_SECTION("fontpage_398_160_160") = {
  0x00,0x0B,0x0D,0x00,0xFD,0x00,0x00,0x00,0x00,0x00,0xA0,0xA0,0x00,0x09,0xFF,0x00,
  0x00,0x0A,0x0A,0x14,0x0A,0x00,0xFF,0x1E,0x00,0x21,0x00,0x20,0x80,0x21,0x00,0x1E,
  0x00,0x00,0x00,0xFF,0xC0,0x12,0x00,0x12,0x00,0x12,0x00};
const u8g_fntpgm_uint8_t fontpage_398_168_168[45] U8G_FONT_SECTION("fontpage_398_168_168") = {
  0x00,0x0B,0x0D,0x00,0xFD,0x00,0x00,0x00,0x00,0x00,0xA8,0xA8,0x00,0x09,0xFE,0x00,
  0x00,0x0A,0x0B,0x16,0x0A,0x00,0xFE,0x3F,0x00,0x20,0x80,0x3F,0x00,0x00,0x00,0xFF,
  0xC0,0x12,0x00,0x3F,0x00,0x00,0x80,0x3F,0x00,0x20,0x00,0x3F,0x80};
const u8g_fntpgm_uint8_t fontpage_398_188_188[41] U8G_FONT_SECTION("fontpage_398_188_188") = {
  0x00,0x0B,0x0D,0x00,0xFD,0x00,0x00,0x00,0x00,0x00,0xBC,0xBC,0x00,0x09,0x00,0x00,
  0x00,0x0A,0x09,0x12,0x0A,0x00,0x00,0x1E,0x00,0x21,0x00,0x20,0x80,0x20,0x80,0x21,
  0x00,0x1E,0x00,0x00,0x00,0x00,0x00,0xFF,0xC0};
const u8g_fntpgm_uint8_t fontpage_398_192_192[45] U8G_FONT_SECTION("fontpage_398_192_192") = {
  0x00,0x0B,0x0D,0x00,0xFD,0x00,0x00,0x00,0x00,0x00,0xC0,0xC0,0x00,0x09,0xFE,0x00,
  0x00,0x0A,0x0B,0x16,0x0A,0x00,0xFE,0x1F,0x00,0x20,0x80,0x20,0x80,0x1F,0x00,0x00,
  0x00,0xFF,0xC0,0x00,0x00,0x20,0x00,0x20,0x00,0x20,0x00,0x3F,0x80};
const u8g_fntpgm_uint8_t fontpage_398_196_196[45] U8G_FONT_SECTION("fontpage_398_196_196") = {
  0x00,0x0B,0x0D,0x00,0xFD,0x00,0x00,0x00,0x00,0x00,0xC4,0xC4,0x00,0x09,0xFE,0x00,
  0x00,0x0A,0x0B,0x16,0x0A,0x00,0xFE,0x3F,0x00,0x20,0x80,0x3F,0x00,0x00,0x00,0xFF,
  0xC0,0x00,0x00,0x3F,0x00,0x00,0x80,0x3F,0x00,0x20,0x00,0x3F,0x80};
const u8g_fntpgm_uint8_t fontpage_398_204_204[45] U8G_FONT_SECTION("fontpage_398_204_204") = {
  0x00,0x0B,0x0D,0x00,0xFD,0x00,0x00,0x00,0x00,0x00,0xCC,0xCC,0x00,0x09,0xFE,0x00,
  0x00,0x0A,0x0B,0x16,0x0A,0x00,0xFE,0x1E,0x00,0x21,0x00,0x21,0x00,0x1E,0x00,0x00,
  0x00,0xFF,0xC0,0x00,0x00,0x3F,0x00,0x20,0x80,0x20,0x80,0x3F,0x00};
const u8g_fntpgm_uint8_t fontpage_398_209_209[45] U8G_FONT_SECTION("fontpage_398_209_209") = {
  0x00,0x0B,0x0D,0x00,0xFD,0x00,0x00,0x00,0x00,0x00,0xD1,0xD1,0x00,0x09,0xFE,0x00,
  0x00,0x0A,0x0B,0x16,0x0A,0x00,0xFE,0x1E,0x00,0x21,0x00,0x21,0x00,0x1E,0x00,0x00,
  0x00,0xFF,0xC0,0x00,0x00,0x1F,0x00,0x21,0x00,0x21,0x00,0x1F,0x00};
const u8g_fntpgm_uint8_t fontpage_398_216_216[45] U8G_FONT_SECTION("fontpage_398_216_216") = {
  0x00,0x0B,0x0D,0x00,0xFD,0x00,0x00,0x00,0x00,0x00,0xD8,0xD8,0x00,0x09,0xFE,0x00,
  0x00,0x09,0x0B,0x16,0x0A,0x00,0xFE,0x38,0x80,0x44,0x80,0x44,0x80,0x44,0x80,0x38,
  0x80,0x00,0x80,0x00,0x80,0xFF,0x80,0x00,0x80,0x00,0x80,0x00,0x80};
const u8g_fntpgm_uint8_t fontpage_398_244_245[51] U8G_FONT_SECTION("fontpage_398_244_245") = {
  0x00,0x0B,0x0D,0x00,0xFD,0x00,0x00,0x00,0x00,0x00,0xF4,0xF5,0x00,0x09,0xFE,0x00,
  0x00,0x08,0x0B,0x0B,0x0A,0x01,0xFE,0x71,0x49,0x89,0x89,0x89,0x89,0x49,0x71,0x01,
  0x01,0x01,0x08,0x0B,0x0B,0x0A,0x01,0xFE,0x71,0x89,0x89,0x89,0x89,0x71,0x00,0x7F,
  0x01,0x01,0x01};
const u8g_fntpgm_uint8_t fontpage_398_248_248[34] U8G_FONT_SECTION("fontpage_398_248_248") = {
  0x00,0x0B,0x0D,0x00,0xFD,0x00,0x00,0x00,0x00,0x00,0xF8,0xF8,0x00,0x09,0xFE,0x00,
  0x00,0x08,0x0B,0x0B,0x0A,0x01,0xFE,0x71,0x89,0x89,0x89,0x89,0x71,0x01,0x21,0x20,
  0x20,0x3F};
const u8g_fntpgm_uint8_t fontpage_398_252_253[51] U8G_FONT_SECTION("fontpage_398_252_253") = {
  0x00,0x0B,0x0D,0x00,0xFD,0x00,0x00,0x00,0x00,0x00,0xFC,0xFD,0x00,0x09,0xFE,0x00,
  0x00,0x08,0x0B,0x0B,0x0A,0x01,0xFE,0x71,0x89,0x89,0x89,0x71,0x00,0x3F,0x01,0x3F,
  0x40,0x3F,0x08,0x0B,0x0B,0x0A,0x01,0xFE,0x71,0x89,0x89,0x89,0x71,0x00,0x77,0x11,
  0x71,0x41,0x79};
const u8g_fntpgm_uint8_t fontpage_399_132_133[51] U8G_FONT_SECTION("fontpage_399_132_133") = {
  0x00,0x0B,0x0D,0x00,0xFD,0x00,0x00,0x00,0x00,0x00,0x84,0x85,0x00,0x09,0xFE,0x00,
  0x00,0x08,0x0B,0x0B,0x0A,0x01,0xFE,0x71,0x89,0x89,0x89,0x89,0x71,0x00,0x3F,0x41,
  0x41,0x3F,0x08,0x0B,0x0B,0x0A,0x01,0xFE,0x71,0x89,0x89,0x89,0x89,0x71,0x00,0x41,
  0x3F,0x41,0x3F};
const u8g_fntpgm_uint8_t fontpage_399_136_136[45] U8G_FONT_SECTION("fontpage_399_136_136") = {
  0x00,0x0B,0x0D,0x00,0xFD,0x00,0x00,0x00,0x00,0x00,0x88,0x88,0x00,0x09,0xFE,0x00,
  0x00,0x09,0x0B,0x16,0x0A,0x01,0xFE,0x71,0x00,0x89,0x00,0x89,0x00,0x89,0x00,0x89,
  0x00,0x71,0x00,0x00,0x00,0x12,0x00,0x32,0x00,0x35,0x00,0x4C,0x80};
const u8g_fntpgm_uint8_t fontpage_399_138_138[45] U8G_FONT_SECTION("fontpage_399_138_138") = {
  0x00,0x0B,0x0D,0x00,0xFD,0x00,0x00,0x00,0x00,0x00,0x8A,0x8A,0x00,0x09,0xFE,0x00,
  0x00,0x09,0x0B,0x16,0x0A,0x01,0xFE,0x71,0x00,0x89,0x00,0x89,0x00,0x89,0x00,0x89,
  0x00,0x71,0x00,0x00,0x00,0x3F,0x00,0x02,0x00,0x0E,0x00,0x31,0x80};
const u8g_fntpgm_uint8_t fontpage_399_144_145[73] U8G_FONT_SECTION("fontpage_399_144_145") = {
  0x00,0x0B,0x0D,0x00,0xFD,0x00,0x00,0x00,0x00,0x00,0x90,0x91,0x00,0x09,0xFE,0x00,
  0x00,0x09,0x0B,0x16,0x0A,0x01,0xFE,0xF9,0x00,0x09,0x00,0x11,0x00,0x11,0x00,0x21,
  0x80,0x71,0x00,0xC9,0x00,0x85,0x00,0x01,0x00,0x01,0x00,0x01,0x00,0x09,0x0B,0x16,
  0x0A,0x01,0xFE,0xF9,0x00,0x09,0x00,0x11,0x00,0x31,0x80,0x49,0x00,0x85,0x00,0x00,
  0x00,0x7E,0x00,0x01,0x00,0x01,0x00,0x01,0x00};
const u8g_fntpgm_uint8_t fontpage_399_152_152[45] U8G_FONT_SECTION("fontpage_399_152_152") = {
  0x00,0x0B,0x0D,0x00,0xFD,0x00,0x00,0x00,0x00,0x00,0x98,0x98,0x00,0x09,0xFE,0x00,
  0x00,0x09,0x0B,0x16,0x0A,0x01,0xFE,0xF9,0x00,0x11,0x00,0x11,0x80,0x79,0x00,0x85,
  0x00,0x00,0x00,0x7E,0x00,0x01,0x00,0x7E,0x00,0x40,0x00,0x7F,0x00};
const u8g_fntpgm_uint8_t fontpage_399_160_160[45] U8G_FONT_SECTION("fontpage_399_160_160") = {
  0x00,0x0B,0x0D,0x00,0xFD,0x00,0x00,0x00,0x00,0x00,0xA0,0xA0,0x00,0x09,0xFE,0x00,
  0x00,0x09,0x0B,0x16,0x0A,0x01,0xFE,0xF9,0x00,0x09,0x00,0x11,0x00,0x11,0x80,0x79,
  0x00,0x85,0x00,0x00,0x00,0x7E,0x00,0x41,0x00,0x41,0x00,0x7E,0x00};
const u8g_fntpgm_uint8_t fontpage_399_165_165[45] U8G_FONT_SECTION("fontpage_399_165_165") = {
  0x00,0x0B,0x0D,0x00,0xFD,0x00,0x00,0x00,0x00,0x00,0xA5,0xA5,0x00,0x09,0xFE,0x00,
  0x00,0x09,0x0B,0x16,0x0A,0x01,0xFE,0xF9,0x00,0x09,0x00,0x11,0x00,0x31,0x80,0x79,
  0x00,0x85,0x00,0x00,0x00,0x3E,0x00,0x41,0x00,0x41,0x00,0x3E,0x00};
const u8g_fntpgm_uint8_t fontpage_399_172_172[45] U8G_FONT_SECTION("fontpage_399_172_172") = {
  0x00,0x0B,0x0D,0x00,0xFD,0x00,0x00,0x00,0x00,0x00,0xAC,0xAC,0x00,0x09,0xFE,0x00,
  0x00,0x09,0x0B,0x16,0x0A,0x00,0xFE,0x7A,0x80,0x0A,0x80,0x0A,0x80,0x12,0x80,0x13,
  0x80,0x2A,0x80,0x6A,0x80,0xC6,0x80,0x02,0x80,0x02,0x80,0x02,0x80};
const u8g_fntpgm_uint8_t fontpage_400_128_129[51] U8G_FONT_SECTION("fontpage_400_128_129") = {
  0x00,0x0B,0x0D,0x00,0xFD,0x00,0x00,0x00,0x00,0x00,0x80,0x81,0x00,0x09,0xFE,0x00,
  0x00,0x08,0x0B,0x0B,0x0A,0x01,0xFE,0xF9,0x09,0x11,0x17,0x31,0x71,0xC9,0x85,0x01,
  0x01,0x01,0x08,0x0B,0x0B,0x0A,0x01,0xFE,0xF9,0x09,0x17,0x31,0x49,0x85,0x00,0x7F,
  0x01,0x01,0x01};
const u8g_fntpgm_uint8_t fontpage_400_132_132[34] U8G_FONT_SECTION("fontpage_400_132_132") = {
  0x00,0x0B,0x0D,0x00,0xFD,0x00,0x00,0x00,0x00,0x00,0x84,0x84,0x00,0x09,0xFE,0x00,
  0x00,0x08,0x0B,0x0B,0x0A,0x01,0xFE,0xF9,0x09,0x17,0x31,0x49,0x85,0x01,0x21,0x20,
  0x20,0x3F};
const u8g_fntpgm_uint8_t fontpage_400_136_136[34] U8G_FONT_SECTION("fontpage_400_136_136") = {
  0x00,0x0B,0x0D,0x00,0xFD,0x00,0x00,0x00,0x00,0x00,0x88,0x88,0x00,0x09,0xFE,0x00,
  0x00,0x08,0x0B,0x0B,0x0A,0x01,0xFE,0xF9,0x09,0x17,0x79,0x85,0x00,0x3F,0x01,0x3F,
  0x40,0x3F};
const u8g_fntpgm_uint8_t fontpage_400_144_145[51] U8G_FONT_SECTION("fontpage_400_144_145") = {
  0x00,0x0B,0x0D,0x00,0xFD,0x00,0x00,0x00,0x00,0x00,0x90,0x91,0x00,0x09,0xFE,0x00,
  0x00,0x08,0x0B,0x0B,0x0A,0x01,0xFE,0xF9,0x09,0x17,0x11,0x69,0x85,0x00,0x3F,0x41,
  0x41,0x3F,0x08,0x0B,0x0B,0x0A,0x01,0xFE,0xF9,0x09,0x17,0x31,0x69,0x85,0x00,0x41,
  0x3F,0x41,0x3F};
const u8g_fntpgm_uint8_t fontpage_400_149_149[34] U8G_FONT_SECTION("fontpage_400_149_149") = {
  0x00,0x0B,0x0D,0x00,0xFD,0x00,0x00,0x00,0x00,0x00,0x95,0x95,0x00,0x09,0xFE,0x00,
  0x00,0x08,0x0B,0x0B,0x0A,0x01,0xFE,0xF9,0x09,0x17,0x31,0x49,0x85,0x00,0x3E,0x21,
  0x21,0x3E};
const u8g_fntpgm_uint8_t fontpage_400_156_156[45] U8G_FONT_SECTION("fontpage_400_156_156") = {
  0x00,0x0B,0x0D,0x00,0xFD,0x00,0x00,0x00,0x00,0x00,0x9C,0x9C,0x00,0x09,0xFE,0x00,
  0x00,0x09,0x0B,0x16,0x0A,0x00,0xFE,0x7A,0x80,0x0A,0x80,0x0A,0x80,0x16,0x80,0x12,
  0x80,0x2A,0x80,0x4A,0x80,0x86,0x80,0x02,0x80,0x02,0x80,0x02,0x80};
const u8g_fntpgm_uint8_t fontpage_400_184_184[34] U8G_FONT_SECTION("fontpage_400_184_184") = {
  0x00,0x0B,0x0D,0x00,0xFD,0x00,0x00,0x00,0x00,0x00,0xB8,0xB8,0x00,0x09,0xFE,0x00,
  0x00,0x08,0x0B,0x0B,0x0A,0x01,0xFE,0xF9,0x09,0x17,0x11,0x37,0x71,0xC9,0x85,0x01,
  0x01,0x01};
const u8g_fntpgm_uint8_t fontpage_400_240_240[41] U8G_FONT_SECTION("fontpage_400_240_240") = {
  0x00,0x0B,0x0D,0x00,0xFD,0x00,0x00,0x00,0x00,0x00,0xF0,0xF0,0x00,0x09,0x00,0x00,
  0x00,0x0A,0x09,0x12,0x0A,0x00,0x00,0x3F,0x00,0x01,0x00,0x02,0x00,0x0C,0x00,0x33,
  0x00,0x64,0x80,0x04,0x00,0x04,0x00,0xFF,0xC0};
const u8g_fntpgm_uint8_t fontpage_400_244_244[45] U8G_FONT_SECTION("fontpage_400_244_244") = {
  0x00,0x0B,0x0D,0x00,0xFD,0x00,0x00,0x00,0x00,0x00,0xF4,0xF4,0x00,0x09,0xFE,0x00,
  0x00,0x0A,0x0B,0x16,0x0A,0x00,0xFE,0x3F,0x00,0x03,0x00,0x0C,0x00,0x73,0x80,0x04,
  0x00,0x04,0x00,0xFF,0xC0,0x00,0x00,0x20,0x00,0x20,0x00,0x3F,0x80};
const u8g_fntpgm_uint8_t fontpage_401_133_133[45] U8G_FONT_SECTION("fontpage_401_133_133") = {
  0x00,0x0B,0x0D,0x00,0xFD,0x00,0x00,0x00,0x00,0x00,0x85,0x85,0x00,0x09,0xFE,0x00,
  0x00,0x0A,0x0B,0x16,0x0A,0x00,0xFE,0x3F,0x00,0x01,0x00,0x0E,0x00,0x71,0x80,0x04,
  0x00,0xFF,0xC0,0x00,0x00,0x1F,0x00,0x20,0x80,0x20,0x80,0x1F,0x00};
const u8g_fntpgm_uint8_t fontpage_401_252_252[43] U8G_FONT_SECTION("fontpage_401_252_252") = {
  0x00,0x0B,0x0D,0x00,0xFD,0x00,0x00,0x00,0x00,0x00,0xFC,0xFC,0x00,0x09,0xFF,0x00,
  0x00,0x0A,0x0A,0x14,0x0A,0x00,0xFF,0x3F,0x00,0x03,0x00,0x04,0x00,0x1B,0x00,0x60,
  0x80,0x00,0x00,0xFF,0xC0,0x04,0x00,0x04,0x00,0x04,0x00};
const u8g_fntpgm_uint8_t fontpage_402_128_128[45] U8G_FONT_SECTION("fontpage_402_128_128") = {
  0x00,0x0B,0x0D,0x00,0xFD,0x00,0x00,0x00,0x00,0x00,0x80,0x80,0x00,0x09,0xFE,0x00,
  0x00,0x0A,0x0B,0x16,0x0A,0x00,0xFE,0x3F,0x00,0x01,0x00,0x0E,0x00,0x71,0x80,0x00,
  0x00,0xFF,0xC0,0x04,0x00,0x24,0x00,0x24,0x00,0x20,0x00,0x3F,0x80};
const u8g_fntpgm_uint8_t fontpage_402_145_145[45] U8G_FONT_SECTION("fontpage_402_145_145") = {
  0x00,0x0B,0x0D,0x00,0xFD,0x00,0x00,0x00,0x00,0x00,0x91,0x91,0x00,0x09,0xFE,0x00,
  0x00,0x0A,0x0B,0x16,0x0A,0x00,0xFE,0x3F,0x00,0x01,0x00,0x0E,0x00,0x71,0x80,0x00,
  0x00,0xFF,0xC0,0x04,0x00,0x1F,0x00,0x20,0x80,0x20,0x80,0x1F,0x00};
const u8g_fntpgm_uint8_t fontpage_403_144_144[45] U8G_FONT_SECTION("fontpage_403_144_144") = {
  0x00,0x0B,0x0D,0x00,0xFD,0x00,0x00,0x00,0x00,0x00,0x90,0x90,0x00,0x09,0xFE,0x00,
  0x00,0x0A,0x0B,0x16,0x0A,0x00,0xFE,0x3F,0x00,0x0E,0x00,0x71,0x80,0x00,0x00,0xFF,
  0xC0,0x00,0x00,0x3F,0x00,0x00,0x80,0x3F,0x00,0x20,0x00,0x3F,0x80};
const u8g_fntpgm_uint8_t fontpage_403_157_157[45] U8G_FONT_SECTION("fontpage_403_157_157") = {
  0x00,0x0B,0x0D,0x00,0xFD,0x00,0x00,0x00,0x00,0x00,0x9D,0x9D,0x00,0x09,0xFE,0x00,
  0x00,0x0A,0x0B,0x16,0x0A,0x00,0xFE,0x3F,0x00,0x01,0x00,0x0E,0x00,0x71,0x80,0x00,
  0x00,0xFF,0xC0,0x00,0x00,0x1F,0x00,0x21,0x00,0x21,0x00,0x1F,0x00};
const u8g_fntpgm_uint8_t fontpage_403_192_193[51] U8G_FONT_SECTION("fontpage_403_192_193") = {
  0x00,0x0B,0x0D,0x00,0xFD,0x00,0x00,0x00,0x00,0x00,0xC0,0xC1,0x00,0x09,0xFE,0x00,
  0x00,0x08,0x0B,0x0B,0x0A,0x01,0xFE,0xF9,0x09,0x09,0x11,0x31,0x31,0xC9,0x85,0x01,
  0x01,0x01,0x08,0x0B,0x0B,0x0A,0x01,0xFE,0xF9,0x09,0x11,0x31,0x49,0x85,0x00,0x7F,
  0x01,0x01,0x01};
const u8g_fntpgm_uint8_t fontpage_403_196_196[34] U8G_FONT_SECTION("fontpage_403_196_196") = {
  0x00,0x0B,0x0D,0x00,0xFD,0x00,0x00,0x00,0x00,0x00,0xC4,0xC4,0x00,0x09,0xFE,0x00,
  0x00,0x08,0x0B,0x0B,0x0A,0x01,0xFE,0xF9,0x09,0x11,0x31,0x49,0x85,0x01,0x20,0x20,
  0x20,0x3F};
const u8g_fntpgm_uint8_t fontpage_403_200_200[34] U8G_FONT_SECTION("fontpage_403_200_200") = {
  0x00,0x0B,0x0D,0x00,0xFD,0x00,0x00,0x00,0x00,0x00,0xC8,0xC8,0x00,0x09,0xFE,0x00,
  0x00,0x08,0x0B,0x0B,0x0A,0x01,0xFE,0xF9,0x09,0x11,0x69,0x85,0x00,0x3F,0x01,0x3F,
  0x40,0x3F};
const u8g_fntpgm_uint8_t fontpage_403_208_209[51] U8G_FONT_SECTION("fontpage_403_208_209") = {
  0x00,0x0B,0x0D,0x00,0xFD,0x00,0x00,0x00,0x00,0x00,0xD0,0xD1,0x00,0x09,0xFE,0x00,
  0x00,0x08,0x0B,0x0B,0x0A,0x01,0xFE,0xF9,0x09,0x11,0x31,0x49,0x85,0x00,0x3F,0x41,
  0x41,0x3F,0x08,0x0B,0x0B,0x0A,0x01,0xFE,0xF9,0x09,0x11,0x31,0x49,0x85,0x00,0x41,
  0x3F,0x41,0x3F};
const u8g_fntpgm_uint8_t fontpage_403_248_248[45] U8G_FONT_SECTION("fontpage_403_248_248") = {
  0x00,0x0B,0x0D,0x00,0xFD,0x00,0x00,0x00,0x00,0x00,0xF8,0xF8,0x00,0x09,0xFE,0x00,
  0x00,0x09,0x0B,0x16,0x0A,0x00,0xFE,0x79,0x80,0x29,0x80,0x29,0x80,0x29,0x80,0x55,
  0x80,0x55,0x80,0x95,0x80,0x21,0x80,0x01,0x80,0x01,0x80,0x01,0x80};
const u8g_fntpgm_uint8_t fontpage_405_189_189[45] U8G_FONT_SECTION("fontpage_405_189_189") = {
  0x00,0x0B,0x0D,0x00,0xFD,0x00,0x00,0x00,0x00,0x00,0xBD,0xBD,0x00,0x09,0xFE,0x00,
  0x00,0x0A,0x0B,0x16,0x0A,0x00,0xFE,0x3F,0x00,0x09,0x00,0x3B,0x00,0x44,0x80,0x04,
  0x00,0xFF,0xC0,0x00,0x00,0x3F,0x00,0x00,0x80,0x00,0x80,0x00,0x80};
const u8g_fntpgm_uint8_t fontpage_408_141_141[34] U8G_FONT_SECTION("fontpage_408_141_141") = {
  0x00,0x0B,0x0D,0x00,0xFD,0x00,0x00,0x00,0x00,0x00,0x8D,0x8D,0x00,0x09,0xFE,0x00,
  0x00,0x08,0x0B,0x0B,0x0A,0x01,0xFE,0xF9,0x29,0x49,0xAD,0x95,0x21,0x00,0x7F,0x01,
  0x01,0x01};
const u8g_fntpgm_uint8_t fontpage_408_168_168[45] U8G_FONT_SECTION("fontpage_408_168_168") = {
  0x00,0x0B,0x0D,0x00,0xFD,0x00,0x00,0x00,0x00,0x00,0xA8,0xA8,0x00,0x09,0xFE,0x00,
  0x00,0x09,0x0B,0x16,0x0A,0x01,0xFE,0x71,0x00,0x01,0x00,0xF9,0x00,0x11,0x00,0x11,
  0x80,0x31,0x00,0x49,0x00,0x85,0x00,0x01,0x00,0x01,0x00,0x01,0x00};
const u8g_fntpgm_uint8_t fontpage_408_184_184[45] U8G_FONT_SECTION("fontpage_408_184_184") = {
  0x00,0x0B,0x0D,0x00,0xFD,0x00,0x00,0x00,0x00,0x00,0xB8,0xB8,0x00,0x09,0xFE,0x00,
  0x00,0x09,0x0B,0x16,0x0A,0x01,0xFE,0x71,0x00,0x01,0x00,0xF9,0x00,0x11,0x80,0x71,
  0x00,0x8D,0x00,0x00,0x00,0x7E,0x00,0x41,0x00,0x41,0x00,0x7E,0x00};
const u8g_fntpgm_uint8_t fontpage_408_196_196[34] U8G_FONT_SECTION("fontpage_408_196_196") = {
  0x00,0x0B,0x0D,0x00,0xFD,0x00,0x00,0x00,0x00,0x00,0xC4,0xC4,0x00,0x09,0xFE,0x00,
  0x00,0x08,0x0B,0x0B,0x0A,0x01,0xFE,0x65,0x05,0xF5,0x15,0x27,0x25,0x55,0x8D,0x05,
  0x05,0x05};
const u8g_fntpgm_uint8_t fontpage_408_212_212[34] U8G_FONT_SECTION("fontpage_408_212_212") = {
  0x00,0x0B,0x0D,0x00,0xFD,0x00,0x00,0x00,0x00,0x00,0xD4,0xD4,0x00,0x09,0xFE,0x00,
  0x00,0x08,0x0B,0x0B,0x0A,0x01,0xFE,0x65,0x05,0xF5,0x17,0x75,0x8D,0x00,0x3F,0x41,
  0x41,0x3F};
const u8g_fntpgm_uint8_t fontpage_409_152_152[34] U8G_FONT_SECTION("fontpage_409_152_152") = {
  0x00,0x0B,0x0D,0x00,0xFD,0x00,0x00,0x00,0x00,0x00,0x98,0x98,0x00,0x09,0xFE,0x00,
  0x00,0x08,0x0B,0x0B,0x0A,0x01,0xFE,0x71,0x01,0xF9,0x11,0x17,0x31,0x49,0x85,0x01,
  0x01,0x01};
const u8g_fntpgm_uint8_t fontpage_409_173_173[34] U8G_FONT_SECTION("fontpage_409_173_173") = {
  0x00,0x0B,0x0D,0x00,0xFD,0x00,0x00,0x00,0x00,0x00,0xAD,0xAD,0x00,0x09,0xFE,0x00,
  0x00,0x08,0x0B,0x0B,0x0A,0x01,0xFE,0x71,0x01,0xF9,0x17,0x71,0x8D,0x01,0x1E,0x21,
  0x21,0x1E};
const u8g_fntpgm_uint8_t fontpage_409_180_180[34] U8G_FONT_SECTION("fontpage_409_180_180") = {
  0x00,0x0B,0x0D,0x00,0xFD,0x00,0x00,0x00,0x00,0x00,0xB4,0xB4,0x00,0x09,0xFE,0x00,
  0x00,0x08,0x0B,0x0B,0x0A,0x01,0xFE,0x65,0x05,0xF5,0x15,0x2D,0x25,0xD5,0x8D,0x05,
  0x05,0x05};
const u8g_fntpgm_uint8_t fontpage_410_136_136[41] U8G_FONT_SECTION("fontpage_410_136_136") = {
  0x00,0x0B,0x0D,0x00,0xFD,0x00,0x00,0x00,0x00,0x00,0x88,0x88,0x00,0x09,0x00,0x00,
  0x00,0x0A,0x09,0x12,0x0A,0x00,0x00,0x1E,0x00,0x00,0x00,0x3F,0x00,0x02,0x00,0x0E,
  0x00,0x71,0x80,0x04,0x00,0x04,0x00,0xFF,0xC0};
const u8g_fntpgm_uint8_t fontpage_410_157_157[45] U8G_FONT_SECTION("fontpage_410_157_157") = {
  0x00,0x0B,0x0D,0x00,0xFD,0x00,0x00,0x00,0x00,0x00,0x9D,0x9D,0x00,0x09,0xFE,0x00,
  0x00,0x0A,0x0B,0x16,0x0A,0x00,0xFE,0x1E,0x00,0x00,0x00,0x3F,0x00,0x0C,0x00,0x73,
  0x80,0x04,0x00,0xFF,0xC0,0x00,0x00,0x3F,0x00,0x20,0x80,0x3F,0x00};
const u8g_fntpgm_uint8_t fontpage_410_220_220[45] U8G_FONT_SECTION("fontpage_410_220_220") = {
  0x00,0x0B,0x0D,0x00,0xFD,0x00,0x00,0x00,0x00,0x00,0xDC,0xDC,0x00,0x09,0xFE,0x00,
  0x00,0x09,0x0B,0x16,0x0A,0x00,0xFE,0x38,0x80,0x00,0x80,0x7C,0x80,0x04,0x80,0x18,
  0x80,0x66,0x80,0x10,0x80,0x10,0x80,0xFF,0x80,0x00,0x80,0x00,0x80};
const u8g_fntpgm_uint8_t fontpage_411_148_149[71] U8G_FONT_SECTION("fontpage_411_148_149") = {
  0x00,0x0B,0x0D,0x00,0xFD,0x00,0x00,0x00,0x00,0x00,0x94,0x95,0x00,0x09,0xFE,0x00,
  0x00,0x0A,0x0A,0x14,0x0A,0x00,0xFF,0x1E,0x00,0x00,0x00,0x3F,0x00,0x0C,0x00,0x73,
  0x80,0x00,0x00,0xFF,0xC0,0x04,0x00,0x04,0x00,0x04,0x00,0x0A,0x0B,0x16,0x0A,0x00,
  0xFE,0x1E,0x00,0x00,0x00,0x3F,0x00,0x0C,0x00,0x73,0x80,0x00,0x00,0xFF,0xC0,0x04,
  0x00,0x3F,0x00,0x00,0x80,0x00,0x80};
const u8g_fntpgm_uint8_t fontpage_411_156_156[47] U8G_FONT_SECTION("fontpage_411_156_156") = {
  0x00,0x0B,0x0D,0x00,0xFD,0x00,0x00,0x00,0x00,0x00,0x9C,0x9C,0x00,0x09,0xFD,0x00,
  0x00,0x0A,0x0C,0x18,0x0A,0x00,0xFD,0x1E,0x00,0x00,0x00,0x3F,0x00,0x1A,0x00,0x21,
  0x00,0xFF,0xC0,0x04,0x00,0x3F,0x00,0x00,0x80,0x3F,0x00,0x20,0x00,0x3F,0x80};
const u8g_fntpgm_uint8_t fontpage_411_164_164[45] U8G_FONT_SECTION("fontpage_411_164_164") = {
  0x00,0x0B,0x0D,0x00,0xFD,0x00,0x00,0x00,0x00,0x00,0xA4,0xA4,0x00,0x09,0xFE,0x00,
  0x00,0x0A,0x0B,0x16,0x0A,0x00,0xFE,0x1E,0x00,0x00,0x00,0x3F,0x00,0x0C,0x00,0x73,
  0x80,0x00,0x00,0xFF,0xC0,0x04,0x00,0x3F,0x00,0x20,0x80,0x3F,0x00};
const u8g_fntpgm_uint8_t fontpage_411_232_232[45] U8G_FONT_SECTION("fontpage_411_232_232") = {
  0x00,0x0B,0x0D,0x00,0xFD,0x00,0x00,0x00,0x00,0x00,0xE8,0xE8,0x00,0x09,0xFE,0x00,
  0x00,0x09,0x0B,0x16,0x0A,0x00,0xFE,0x38,0x80,0x00,0x80,0x7C,0x80,0x18,0x80,0x66,
  0x80,0x00,0x80,0xFE,0x80,0x10,0x80,0x10,0x80,0x10,0x80,0x10,0x80};
const u8g_fntpgm_uint8_t fontpage_412_161_161[45] U8G_FONT_SECTION("fontpage_412_161_161") = {
  0x00,0x0B,0x0D,0x00,0xFD,0x00,0x00,0x00,0x00,0x00,0xA1,0xA1,0x00,0x09,0xFE,0x00,
  0x00,0x0A,0x0B,0x16,0x0A,0x00,0xFE,0x1E,0x00,0x00,0x00,0x3F,0x00,0x0C,0x00,0x73,
  0x80,0x00,0x00,0xFF,0xC0,0x00,0x00,0x3F,0x00,0x00,0x80,0x00,0x80};
const u8g_fntpgm_uint8_t fontpage_412_216_216[34] U8G_FONT_SECTION("fontpage_412_216_216") = {
  0x00,0x0B,0x0D,0x00,0xFD,0x00,0x00,0x00,0x00,0x00,0xD8,0xD8,0x00,0x09,0xFE,0x00,
  0x00,0x08,0x0B,0x0B,0x0A,0x01,0xFE,0x71,0x01,0xF9,0x09,0x11,0x31,0x49,0x85,0x01,
  0x01,0x01};
const u8g_fntpgm_uint8_t fontpage_412_232_232[34] U8G_FONT_SECTION("fontpage_412_232_232") = {
  0x00,0x0B,0x0D,0x00,0xFD,0x00,0x00,0x00,0x00,0x00,0xE8,0xE8,0x00,0x09,0xFE,0x00,
  0x00,0x08,0x0B,0x0B,0x0A,0x01,0xFE,0x71,0x01,0xF9,0x09,0x31,0xCD,0x00,0x3F,0x41,
  0x41,0x3F};
const u8g_fntpgm_uint8_t fontpage_412_237_237[34] U8G_FONT_SECTION("fontpage_412_237_237") = {
  0x00,0x0B,0x0D,0x00,0xFD,0x00,0x00,0x00,0x00,0x00,0xED,0xED,0x00,0x09,0xFE,0x00,
  0x00,0x08,0x0B,0x0B,0x0A,0x01,0xFE,0x71,0x01,0xF9,0x11,0x31,0xCD,0x01,0x1E,0x21,
  0x21,0x1E};
const u8g_fntpgm_uint8_t fontpage_412_244_244[45] U8G_FONT_SECTION("fontpage_412_244_244") = {
  0x00,0x0B,0x0D,0x00,0xFD,0x00,0x00,0x00,0x00,0x00,0xF4,0xF4,0x00,0x09,0xFE,0x00,
  0x00,0x09,0x0B,0x16,0x0A,0x01,0xFE,0xF9,0x00,0x09,0x00,0x09,0x00,0xF1,0x00,0x11,
  0x80,0x21,0x00,0x41,0x00,0x81,0x00,0x01,0x00,0x01,0x00,0x01,0x00};
const u8g_fntpgm_uint8_t fontpage_413_152_152[34] U8G_FONT_SECTION("fontpage_413_152_152") = {
  0x00,0x0B,0x0D,0x00,0xFD,0x00,0x00,0x00,0x00,0x00,0x98,0x98,0x00,0x09,0xFE,0x00,
  0x00,0x08,0x0B,0x0B,0x0A,0x01,0xFE,0xF5,0x15,0xF7,0x25,0xC5,0x00,0x3F,0x01,0x3F,
  0x40,0x3F};
const u8g_fntpgm_uint8_t fontpage_413_228_228[34] U8G_FONT_SECTION("fontpage_413_228_228") = {
  0x00,0x0B,0x0D,0x00,0xFD,0x00,0x00,0x00,0x00,0x00,0xE4,0xE4,0x00,0x09,0xFE,0x00,
  0x00,0x08,0x0B,0x0B,0x0A,0x01,0xFE,0xF9,0x09,0x09,0xFF,0x11,0x21,0x41,0x81,0x01,
  0x01,0x01};
const u8g_fntpgm_uint8_t fontpage_413_232_232[34] U8G_FONT_SECTION("fontpage_413_232_232") = {
  0x00,0x0B,0x0D,0x00,0xFD,0x00,0x00,0x00,0x00,0x00,0xE8,0xE8,0x00,0x09,0xFE,0x00,
  0x00,0x08,0x0B,0x0B,0x0A,0x01,0xFE,0xF9,0x09,0x09,0xF7,0x11,0x61,0x81,0x01,0x20,
  0x20,0x3F};
const u8g_fntpgm_uint8_t fontpage_414_128_128[34] U8G_FONT_SECTION("fontpage_414_128_128") = {
  0x00,0x0B,0x0D,0x00,0xFD,0x00,0x00,0x00,0x00,0x00,0x80,0x80,0x00,0x09,0xFE,0x00,
  0x00,0x08,0x0B,0x0B,0x0A,0x01,0xFE,0xF5,0x15,0x15,0xFD,0x25,0x25,0x45,0x85,0x05,
  0x05,0x05};
const u8g_fntpgm_uint8_t fontpage_414_156_156[34] U8G_FONT_SECTION("fontpage_414_156_156") = {
  0x00,0x0B,0x0D,0x00,0xFD,0x00,0x00,0x00,0x00,0x00,0x9C,0x9C,0x00,0x09,0xFE,0x00,
  0x00,0x08,0x0B,0x0B,0x0A,0x01,0xFE,0xF9,0x09,0x0F,0xF1,0x11,0x2F,0x41,0x81,0x01,
  0x01,0x01};
const u8g_fntpgm_uint8_t fontpage_414_172_172[34] U8G_FONT_SECTION("fontpage_414_172_172") = {
  0x00,0x0B,0x0D,0x00,0xFD,0x00,0x00,0x00,0x00,0x00,0xAC,0xAC,0x00,0x09,0xFE,0x00,
  0x00,0x08,0x0B,0x0B,0x0A,0x01,0xFE,0xF9,0x0F,0xF1,0x1F,0x61,0x81,0x00,0x3F,0x41,
  0x41,0x3F};
const u8g_fntpgm_uint8_t fontpage_414_212_212[41] U8G_FONT_SECTION("fontpage_414_212_212") = {
  0x00,0x0B,0x0D,0x00,0xFD,0x00,0x00,0x00,0x00,0x00,0xD4,0xD4,0x00,0x09,0x00,0x00,
  0x00,0x0A,0x09,0x12,0x0A,0x00,0x00,0x3F,0x80,0x00,0x80,0x00,0x80,0x3F,0x80,0x00,
  0x80,0x08,0x80,0x09,0x00,0x08,0x00,0xFF,0xC0};
const u8g_fntpgm_uint8_t fontpage_414_220_220[45] U8G_FONT_SECTION("fontpage_414_220_220") = {
  0x00,0x0B,0x0D,0x00,0xFD,0x00,0x00,0x00,0x00,0x00,0xDC,0xDC,0x00,0x09,0xFE,0x00,
  0x00,0x0A,0x0B,0x16,0x0A,0x00,0xFE,0x3F,0x00,0x00,0x80,0x3F,0x00,0x09,0x00,0xFF,
  0xC0,0x00,0x00,0x3F,0x00,0x00,0x80,0x3F,0x00,0x20,0x00,0x3F,0x80};
const u8g_fntpgm_uint8_t fontpage_416_208_208[43] U8G_FONT_SECTION("fontpage_416_208_208") = {
  0x00,0x0B,0x0D,0x00,0xFD,0x00,0x00,0x00,0x00,0x00,0xD0,0xD0,0x00,0x09,0xFF,0x00,
  0x00,0x0A,0x0A,0x14,0x0A,0x00,0xFF,0x3F,0x00,0x00,0x80,0x3F,0x00,0x01,0x00,0x01,
  0x00,0xFF,0xC0,0x12,0x00,0x12,0x00,0x12,0x00,0x12,0x00};
const u8g_fntpgm_uint8_t fontpage_416_236_236[41] U8G_FONT_SECTION("fontpage_416_236_236") = {
  0x00,0x0B,0x0D,0x00,0xFD,0x00,0x00,0x00,0x00,0x00,0xEC,0xEC,0x00,0x09,0x00,0x00,
  0x00,0x0A,0x09,0x12,0x0A,0x00,0x00,0x3F,0x80,0x00,0x80,0x00,0x80,0x00,0x80,0x3F,
  0x00,0x00,0x80,0x01,0x00,0x01,0x00,0xFF,0xC0};
const u8g_fntpgm_uint8_t fontpage_416_244_244[45] U8G_FONT_SECTION("fontpage_416_244_244") = {
  0x00,0x0B,0x0D,0x00,0xFD,0x00,0x00,0x00,0x00,0x00,0xF4,0xF4,0x00,0x09,0xFE,0x00,
  0x00,0x0A,0x0B,0x16,0x0A,0x00,0xFE,0x3F,0x00,0x00,0x80,0x3F,0x00,0x01,0x00,0xFF,
  0xC0,0x00,0x00,0x3F,0x00,0x00,0x80,0x3F,0x00,0x20,0x00,0x3F,0x80};
const u8g_fntpgm_uint8_t fontpage_417_164_164[34] U8G_FONT_SECTION("fontpage_417_164_164") = {
  0x00,0x0B,0x0D,0x00,0xFD,0x00,0x00,0x00,0x00,0x00,0xA4,0xA4,0x00,0x09,0xFE,0x00,
  0x00,0x08,0x0B,0x0B,0x0A,0x01,0xFE,0xF9,0x09,0x09,0xF1,0x11,0x21,0x41,0x81,0x01,
  0x01,0x01};
const u8g_fntpgm_uint8_t fontpage_417_185_185[34] U8G_FONT_SECTION("fontpage_417_185_185") = {
  0x00,0x0B,0x0D,0x00,0xFD,0x00,0x00,0x00,0x00,0x00,0xB9,0xB9,0x00,0x09,0xFE,0x00,
  0x00,0x08,0x0B,0x0B,0x0A,0x01,0xFE,0xF9,0x09,0xF9,0x11,0x61,0x81,0x1E,0x21,0x41,
  0x21,0x1E};
const u8g_fntpgm_uint8_t fontpage_417_192_192[45] U8G_FONT_SECTION("fontpage_417_192_192") = {
  0x00,0x0B,0x0D,0x00,0xFD,0x00,0x00,0x00,0x00,0x00,0xC0,0xC0,0x00,0x09,0xFE,0x00,
  0x00,0x09,0x0B,0x16,0x0A,0x01,0xFE,0xF9,0x00,0x81,0x00,0x81,0x00,0xF9,0x00,0x81,
  0x80,0x81,0x00,0x81,0x00,0xFD,0x00,0x01,0x00,0x01,0x00,0x01,0x00};
const u8g_fntpgm_uint8_t fontpage_417_209_209[45] U8G_FONT_SECTION("fontpage_417_209_209") = {
  0x00,0x0B,0x0D,0x00,0xFD,0x00,0x00,0x00,0x00,0x00,0xD1,0xD1,0x00,0x09,0xFE,0x00,
  0x00,0x09,0x0B,0x16,0x0A,0x01,0xFE,0xF9,0x00,0x81,0x00,0xF9,0x80,0x81,0x00,0x81,
  0x00,0xFD,0x00,0x00,0x00,0x41,0x00,0x7E,0x00,0x41,0x00,0x7E,0x00};
const u8g_fntpgm_uint8_t fontpage_417_221_221[34] U8G_FONT_SECTION("fontpage_417_221_221") = {
  0x00,0x0B,0x0D,0x00,0xFD,0x00,0x00,0x00,0x00,0x00,0xDD,0xDD,0x00,0x09,0xFE,0x00,
  0x00,0x08,0x0B,0x0B,0x0A,0x01,0xFE,0xF5,0x85,0xF5,0x87,0x85,0xFD,0x00,0x7F,0x01,
  0x01,0x01};
const u8g_fntpgm_uint8_t fontpage_418_176_176[34] U8G_FONT_SECTION("fontpage_418_176_176") = {
  0x00,0x0B,0x0D,0x00,0xFD,0x00,0x00,0x00,0x00,0x00,0xB0,0xB0,0x00,0x09,0xFE,0x00,
  0x00,0x08,0x0B,0x0B,0x0A,0x01,0xFE,0xF9,0x81,0x81,0xF7,0x81,0x81,0x81,0xF9,0x01,
  0x01,0x01};
const u8g_fntpgm_uint8_t fontpage_418_204_204[34] U8G_FONT_SECTION("fontpage_418_204_204") = {
  0x00,0x0B,0x0D,0x00,0xFD,0x00,0x00,0x00,0x00,0x00,0xCC,0xCC,0x00,0x09,0xFE,0x00,
  0x00,0x08,0x0B,0x0B,0x0A,0x01,0xFE,0xF5,0x85,0x85,0xED,0x85,0x85,0x85,0xFD,0x05,
  0x05,0x05};
const u8g_fntpgm_uint8_t fontpage_418_221_221[34] U8G_FONT_SECTION("fontpage_418_221_221") = {
  0x00,0x0B,0x0D,0x00,0xFD,0x00,0x00,0x00,0x00,0x00,0xDD,0xDD,0x00,0x09,0xFE,0x00,
  0x00,0x08,0x0B,0x0B,0x0A,0x01,0xFE,0xF5,0x85,0xED,0x85,0x85,0xFD,0x00,0x21,0x3F,
  0x21,0x3F};
const u8g_fntpgm_uint8_t fontpage_419_160_160[41] U8G_FONT_SECTION("fontpage_419_160_160") = {
  0x00,0x0B,0x0D,0x00,0xFD,0x00,0x00,0x00,0x00,0x00,0xA0,0xA0,0x00,0x09,0x00,0x00,
  0x00,0x0A,0x09,0x12,0x0A,0x00,0x00,0x3F,0x80,0x20,0x00,0x3F,0x00,0x20,0x00,0x20,
  0x00,0x3F,0x80,0x04,0x00,0x04,0x00,0xFF,0xC0};
const u8g_fntpgm_uint8_t fontpage_419_181_181[45] U8G_FONT_SECTION("fontpage_419_181_181") = {
  0x00,0x0B,0x0D,0x00,0xFD,0x00,0x00,0x00,0x00,0x00,0xB5,0xB5,0x00,0x09,0xFE,0x00,
  0x00,0x0A,0x0B,0x16,0x0A,0x00,0xFE,0x3F,0x00,0x20,0x00,0x3F,0x00,0x20,0x00,0x3F,
  0x80,0x04,0x00,0xFF,0xC0,0x00,0x00,0x3F,0x00,0x20,0x80,0x3F,0x00};
const u8g_fntpgm_uint8_t fontpage_420_180_180[45] U8G_FONT_SECTION("fontpage_420_180_180") = {
  0x00,0x0B,0x0D,0x00,0xFD,0x00,0x00,0x00,0x00,0x00,0xB4,0xB4,0x00,0x09,0xFE,0x00,
  0x00,0x0A,0x0B,0x16,0x0A,0x00,0xFE,0x3F,0x00,0x20,0x00,0x3F,0x00,0x20,0x00,0xFF,
  0xC0,0x04,0x00,0x3F,0x00,0x00,0x80,0x3F,0x00,0x20,0x00,0x3F,0x80};
const u8g_fntpgm_uint8_t fontpage_421_156_156[43] U8G_FONT_SECTION("fontpage_421_156_156") = {
  0x00,0x0B,0x0D,0x00,0xFD,0x00,0x00,0x00,0x00,0x00,0x9C,0x9C,0x00,0x09,0xFF,0x00,
  0x00,0x0A,0x0A,0x14,0x0A,0x00,0xFF,0x3F,0x80,0x20,0x00,0x3F,0x00,0x20,0x00,0x3F,
  0x80,0x00,0x00,0xFF,0xC0,0x12,0x00,0x12,0x00,0x12,0x00};
const u8g_fntpgm_uint8_t fontpage_421_184_184[41] U8G_FONT_SECTION("fontpage_421_184_184") = {
  0x00,0x0B,0x0D,0x00,0xFD,0x00,0x00,0x00,0x00,0x00,0xB8,0xB8,0x00,0x09,0x00,0x00,
  0x00,0x0A,0x09,0x12,0x0A,0x00,0x00,0x3F,0x80,0x20,0x00,0x3F,0x00,0x20,0x00,0x20,
  0x00,0x3F,0x80,0x00,0x00,0x00,0x00,0xFF,0xC0};
const u8g_fntpgm_uint8_t fontpage_421_188_188[45] U8G_FONT_SECTION("fontpage_421_188_188") = {
  0x00,0x0B,0x0D,0x00,0xFD,0x00,0x00,0x00,0x00,0x00,0xBC,0xBC,0x00,0x09,0xFE,0x00,
  0x00,0x0A,0x0B,0x16,0x0A,0x00,0xFE,0x3F,0x00,0x20,0x00,0x3F,0x00,0x20,0x00,0x3F,
  0x80,0x00,0x00,0xFF,0xC0,0x00,0x00,0x20,0x00,0x20,0x00,0x3F,0x80};
const u8g_fntpgm_uint8_t fontpage_421_192_192[45] U8G_FONT_SECTION("fontpage_421_192_192") = {
  0x00,0x0B,0x0D,0x00,0xFD,0x00,0x00,0x00,0x00,0x00,0xC0,0xC0,0x00,0x09,0xFE,0x00,
  0x00,0x0A,0x0B,0x16,0x0A,0x00,0xFE,0x3F,0x00,0x20,0x00,0x3F,0x00,0x20,0x00,0x3F,
  0x80,0x00,0x00,0xFF,0xC0,0x00,0x80,0x3F,0x00,0x20,0x00,0x3F,0x80};
const u8g_fntpgm_uint8_t fontpage_421_241_241[34] U8G_FONT_SECTION("fontpage_421_241_241") = {
  0x00,0x0B,0x0D,0x00,0xFD,0x00,0x00,0x00,0x00,0x00,0xF1,0xF1,0x00,0x09,0xFE,0x00,
  0x00,0x08,0x0B,0x0B,0x0A,0x01,0xFE,0xF9,0x81,0xF9,0x81,0x81,0xFD,0x00,0x7F,0x01,
  0x01,0x01};
const u8g_fntpgm_uint8_t fontpage_422_133_133[34] U8G_FONT_SECTION("fontpage_422_133_133") = {
  0x00,0x0B,0x0D,0x00,0xFD,0x00,0x00,0x00,0x00,0x00,0x85,0x85,0x00,0x09,0xFE,0x00,
  0x00,0x08,0x0B,0x0B,0x0A,0x01,0xFE,0xF9,0x81,0xF9,0x81,0x81,0xFD,0x01,0x3E,0x21,
  0x21,0x3E};
const u8g_fntpgm_uint8_t fontpage_422_140_140[45] U8G_FONT_SECTION("fontpage_422_140_140") = {
  0x00,0x0B,0x0D,0x00,0xFD,0x00,0x00,0x00,0x00,0x00,0x8C,0x8C,0x00,0x09,0xFE,0x00,
  0x00,0x0A,0x0B,0x16,0x0A,0x00,0xFE,0x7C,0x80,0x24,0x80,0x24,0x80,0x24,0x80,0x24,
  0xC0,0x24,0x80,0x24,0x80,0xFE,0x80,0x00,0x80,0x00,0x80,0x00,0x80};
const u8g_fntpgm_uint8_t fontpage_422_168_168[45] U8G_FONT_SECTION("fontpage_422_168_168") = {
  0x00,0x0B,0x0D,0x00,0xFD,0x00,0x00,0x00,0x00,0x00,0xA8,0xA8,0x00,0x09,0xFE,0x00,
  0x00,0x09,0x0B,0x16,0x0A,0x00,0xFE,0xFA,0x80,0x4A,0x80,0x4A,0x80,0x4A,0x80,0x4B,
  0x80,0x4A,0x80,0x4A,0x80,0xFE,0x80,0x02,0x80,0x02,0x80,0x02,0x80};
const u8g_fntpgm_uint8_t fontpage_422_172_172[45] U8G_FONT_SECTION("fontpage_422_172_172") = {
  0x00,0x0B,0x0D,0x00,0xFD,0x00,0x00,0x00,0x00,0x00,0xAC,0xAC,0x00,0x09,0xFE,0x00,
  0x00,0x0A,0x0B,0x16,0x0A,0x00,0xFE,0xFA,0x80,0x4A,0x80,0x4A,0x80,0x4B,0x80,0x4A,
  0x80,0xFE,0x80,0x02,0x80,0x12,0x80,0x10,0x00,0x10,0x00,0x1F,0xC0};
const u8g_fntpgm_uint8_t fontpage_422_252_252[34] U8G_FONT_SECTION("fontpage_422_252_252") = {
  0x00,0x0B,0x0D,0x00,0xFD,0x00,0x00,0x00,0x00,0x00,0xFC,0xFC,0x00,0x09,0xFE,0x00,
  0x00,0x08,0x0B,0x0B,0x0A,0x01,0xFE,0xF9,0x49,0x49,0x4F,0x49,0x49,0x49,0xFD,0x01,
  0x01,0x01};
const u8g_fntpgm_uint8_t fontpage_423_132_132[34] U8G_FONT_SECTION("fontpage_423_132_132") = {
  0x00,0x0B,0x0D,0x00,0xFD,0x00,0x00,0x00,0x00,0x00,0x84,0x84,0x00,0x09,0xFE,0x00,
  0x00,0x08,0x0B,0x0B,0x0A,0x01,0xFE,0xF9,0x51,0x57,0x51,0xFD,0x00,0x3F,0x01,0x3F,
  0x40,0x3F};
const u8g_fntpgm_uint8_t fontpage_423_140_140[34] U8G_FONT_SECTION("fontpage_423_140_140") = {
  0x00,0x0B,0x0D,0x00,0xFD,0x00,0x00,0x00,0x00,0x00,0x8C,0x8C,0x00,0x09,0xFE,0x00,
  0x00,0x08,0x0B,0x0B,0x0A,0x01,0xFE,0xF9,0x51,0x57,0x51,0x51,0xFD,0x00,0x3F,0x41,
  0x41,0x3F};
const u8g_fntpgm_uint8_t fontpage_423_152_152[45] U8G_FONT_SECTION("fontpage_423_152_152") = {
  0x00,0x0B,0x0D,0x00,0xFD,0x00,0x00,0x00,0x00,0x00,0x98,0x98,0x00,0x09,0xFE,0x00,
  0x00,0x09,0x0B,0x16,0x0A,0x00,0xFE,0xFA,0x80,0x4A,0x80,0x4A,0x80,0x4E,0x80,0x4A,
  0x80,0x4A,0x80,0x4A,0x80,0xFE,0x80,0x02,0x80,0x02,0x80,0x02,0x80};
const u8g_fntpgm_uint8_t fontpage_423_156_156[45] U8G_FONT_SECTION("fontpage_423_156_156") = {
  0x00,0x0B,0x0D,0x00,0xFD,0x00,0x00,0x00,0x00,0x00,0x9C,0x9C,0x00,0x09,0xFE,0x00,
  0x00,0x0A,0x0B,0x16,0x0A,0x00,0xFE,0xFA,0x80,0x4A,0x80,0x4E,0x80,0x4A,0x80,0x4A,
  0x80,0xFE,0x80,0x02,0x80,0x12,0x80,0x10,0x00,0x10,0x00,0x1F,0xC0};
const u8g_fntpgm_uint8_t fontpage_423_184_184[34] U8G_FONT_SECTION("fontpage_423_184_184") = {
  0x00,0x0B,0x0D,0x00,0xFD,0x00,0x00,0x00,0x00,0x00,0xB8,0xB8,0x00,0x09,0xFE,0x00,
  0x00,0x08,0x0B,0x0B,0x0A,0x01,0xFE,0xF9,0x57,0x51,0x57,0x51,0xFD,0x01,0x21,0x20,
  0x20,0x3F};
const u8g_fntpgm_uint8_t fontpage_423_236_237[69] U8G_FONT_SECTION("fontpage_423_236_237") = {
  0x00,0x0B,0x0D,0x00,0xFD,0x00,0x00,0x00,0x00,0x00,0xEC,0xED,0x00,0x09,0xFE,0x00,
  0x00,0x0A,0x09,0x12,0x0A,0x00,0x00,0x3F,0x80,0x12,0x00,0x12,0x00,0x12,0x00,0x12,
  0x00,0x7F,0x80,0x04,0x00,0x04,0x00,0xFF,0xC0,0x0A,0x0B,0x16,0x0A,0x00,0xFE,0x3F,
  0x00,0x12,0x00,0x12,0x00,0x3F,0x80,0x04,0x00,0xFF,0xC0,0x00,0x00,0x3F,0x00,0x00,
  0x80,0x00,0x80,0x00,0x80};
const u8g_fntpgm_uint8_t fontpage_424_220_220[41] U8G_FONT_SECTION("fontpage_424_220_220") = {
  0x00,0x0B,0x0D,0x00,0xFD,0x00,0x00,0x00,0x00,0x00,0xDC,0xDC,0x00,0x09,0x00,0x00,
  0x00,0x0A,0x09,0x12,0x0A,0x00,0x00,0x3F,0x80,0x12,0x00,0x12,0x00,0x12,0x00,0x7F,
  0x80,0x12,0x00,0x12,0x00,0x12,0x00,0xFF,0xC0};
const u8g_fntpgm_uint8_t fontpage_425_128_128[45] U8G_FONT_SECTION("fontpage_425_128_128") = {
  0x00,0x0B,0x0D,0x00,0xFD,0x00,0x00,0x00,0x00,0x00,0x80,0x80,0x00,0x09,0xFE,0x00,
  0x00,0x0A,0x0B,0x16,0x0A,0x00,0xFE,0x3F,0x00,0x12,0x00,0x3F,0x80,0x00,0x00,0xFF,
  0xC0,0x04,0x00,0x3F,0x00,0x00,0x80,0x3F,0x00,0x20,0x00,0x3F,0x80};
const u8g_fntpgm_uint8_t fontpage_425_141_141[45] U8G_FONT_SECTION("fontpage_425_141_141") = {
  0x00,0x0B,0x0D,0x00,0xFD,0x00,0x00,0x00,0x00,0x00,0x8D,0x8D,0x00,0x09,0xFE,0x00,
  0x00,0x0A,0x0B,0x16,0x0A,0x00,0xFE,0x3F,0x00,0x12,0x00,0x12,0x00,0x3F,0x80,0x00,
  0x00,0xFF,0xC0,0x04,0x00,0x1F,0x00,0x20,0x80,0x20,0x80,0x1F,0x00};
const u8g_fntpgm_uint8_t fontpage_426_132_132[41] U8G_FONT_SECTION("fontpage_426_132_132") = {
  0x00,0x0B,0x0D,0x00,0xFD,0x00,0x00,0x00,0x00,0x00,0x84,0x84,0x00,0x09,0x00,0x00,
  0x00,0x0A,0x09,0x12,0x0A,0x00,0x00,0x3F,0x80,0x12,0x00,0x12,0x00,0x12,0x00,0x12,
  0x00,0x7F,0x80,0x00,0x00,0x00,0x00,0xFF,0xC0};
const u8g_fntpgm_uint8_t fontpage_426_140_140[45] U8G_FONT_SECTION("fontpage_426_140_140") = {
  0x00,0x0B,0x0D,0x00,0xFD,0x00,0x00,0x00,0x00,0x00,0x8C,0x8C,0x00,0x09,0xFE,0x00,
  0x00,0x0A,0x0B,0x16,0x0A,0x00,0xFE,0x3F,0x00,0x12,0x00,0x3F,0x80,0x00,0x00,0xFF,
  0xC0,0x00,0x00,0x3F,0x00,0x00,0x80,0x3F,0x00,0x20,0x00,0x3F,0x80};
const u8g_fntpgm_uint8_t fontpage_426_192_192[34] U8G_FONT_SECTION("fontpage_426_192_192") = {
  0x00,0x0B,0x0D,0x00,0xFD,0x00,0x00,0x00,0x00,0x00,0xC0,0xC0,0x00,0x09,0xFE,0x00,
  0x00,0x08,0x0B,0x0B,0x0A,0x01,0xFE,0xF9,0x51,0x51,0x51,0x51,0xFD,0x01,0x21,0x20,
  0x20,0x3F};
const u8g_fntpgm_uint8_t fontpage_426_196_196[34] U8G_FONT_SECTION("fontpage_426_196_196") = {
  0x00,0x0B,0x0D,0x00,0xFD,0x00,0x00,0x00,0x00,0x00,0xC4,0xC4,0x00,0x09,0xFE,0x00,
  0x00,0x08,0x0B,0x0B,0x0A,0x01,0xFE,0xF9,0x51,0x51,0x51,0xFD,0x00,0x3F,0x01,0x3F,
  0x40,0x3F};
const u8g_fntpgm_uint8_t fontpage_426_209_209[34] U8G_FONT_SECTION("fontpage_426_209_209") = {
  0x00,0x0B,0x0D,0x00,0xFD,0x00,0x00,0x00,0x00,0x00,0xD1,0xD1,0x00,0x09,0xFE,0x00,
  0x00,0x08,0x0B,0x0B,0x0A,0x01,0xFE,0xF9,0x51,0x51,0x51,0x51,0xFD,0x01,0x1E,0x21,
  0x21,0x1E};
const u8g_fntpgm_uint8_t fontpage_426_216_216[45] U8G_FONT_SECTION("fontpage_426_216_216") = {
  0x00,0x0B,0x0D,0x00,0xFD,0x00,0x00,0x00,0x00,0x00,0xD8,0xD8,0x00,0x09,0xFE,0x00,
  0x00,0x09,0x0B,0x16,0x0A,0x01,0xFE,0x71,0x00,0x01,0x00,0xFD,0x00,0x01,0x00,0x71,
  0x80,0x89,0x00,0x89,0x00,0x89,0x00,0x71,0x00,0x01,0x00,0x01,0x00};
const u8g_fntpgm_uint8_t fontpage_426_220_220[45] U8G_FONT_SECTION("fontpage_426_220_220") = {
  0x00,0x0B,0x0D,0x00,0xFD,0x00,0x00,0x00,0x00,0x00,0xDC,0xDC,0x00,0x09,0xFE,0x00,
  0x00,0x09,0x0B,0x16,0x0A,0x01,0xFE,0x71,0x00,0x01,0x00,0xFD,0x00,0x01,0x00,0x71,
  0x80,0x89,0x00,0x71,0x00,0x01,0x00,0x40,0x00,0x40,0x00,0x7F,0x00};
const u8g_fntpgm_uint8_t fontpage_426_224_224[45] U8G_FONT_SECTION("fontpage_426_224_224") = {
  0x00,0x0B,0x0D,0x00,0xFD,0x00,0x00,0x00,0x00,0x00,0xE0,0xE0,0x00,0x09,0xFE,0x00,
  0x00,0x09,0x0B,0x16,0x0A,0x01,0xFE,0x71,0x00,0x01,0x00,0xFD,0x80,0x89,0x00,0x79,
  0x00,0x00,0x00,0x7E,0x00,0x01,0x00,0x7E,0x00,0x40,0x00,0x7F,0x00};
const u8g_fntpgm_uint8_t fontpage_426_233_233[45] U8G_FONT_SECTION("fontpage_426_233_233") = {
  0x00,0x0B,0x0D,0x00,0xFD,0x00,0x00,0x00,0x00,0x00,0xE9,0xE9,0x00,0x09,0xFE,0x00,
  0x00,0x09,0x0B,0x16,0x0A,0x01,0xFE,0x71,0x00,0x01,0x00,0xFD,0x00,0x49,0x80,0x89,
  0x00,0x79,0x00,0x00,0x00,0x41,0x00,0x7E,0x00,0x41,0x00,0x7E,0x00};
const u8g_fntpgm_uint8_t fontpage_426_235_235[45] U8G_FONT_SECTION("fontpage_426_235_235") = {
  0x00,0x0B,0x0D,0x00,0xFD,0x00,0x00,0x00,0x00,0x00,0xEB,0xEB,0x00,0x09,0xFE,0x00,
  0x00,0x09,0x0B,0x16,0x0A,0x01,0xFE,0x71,0x00,0x01,0x00,0xFD,0x00,0x01,0x00,0x79,
  0x80,0x89,0x00,0x79,0x00,0x01,0x00,0x08,0x00,0x14,0x00,0x63,0x00};
const u8g_fntpgm_uint8_t fontpage_426_237_237[45] U8G_FONT_SECTION("fontpage_426_237_237") = {
  0x00,0x0B,0x0D,0x00,0xFD,0x00,0x00,0x00,0x00,0x00,0xED,0xED,0x00,0x09,0xFE,0x00,
  0x00,0x09,0x0B,0x16,0x0A,0x01,0xFE,0x71,0x00,0x01,0x00,0xFD,0x00,0x01,0x80,0x79,
  0x00,0x89,0x00,0x79,0x00,0x00,0x00,0x3E,0x00,0x41,0x00,0x3E,0x00};
const u8g_fntpgm_uint8_t fontpage_426_244_244[45] U8G_FONT_SECTION("fontpage_426_244_244") = {
  0x00,0x0B,0x0D,0x00,0xFD,0x00,0x00,0x00,0x00,0x00,0xF4,0xF4,0x00,0x09,0xFE,0x00,
  0x00,0x09,0x0B,0x16,0x0A,0x00,0xFE,0x3A,0x80,0x02,0x80,0xFE,0x80,0x02,0x80,0x3B,
  0x80,0x4A,0x80,0x4A,0x80,0x3A,0x80,0x02,0x80,0x02,0x80,0x02,0x80};
const u8g_fntpgm_uint8_t fontpage_427_136_137[62] U8G_FONT_SECTION("fontpage_427_136_137") = {
  0x00,0x0B,0x0D,0x00,0xFD,0x00,0x00,0x00,0x00,0x00,0x88,0x89,0x00,0x09,0xFE,0x00,
  0x00,0x09,0x0B,0x16,0x0A,0x01,0xFE,0x65,0x00,0x05,0x00,0xFD,0x00,0x07,0x00,0x75,
  0x00,0x95,0x00,0x75,0x00,0x00,0x00,0x12,0x00,0x33,0x00,0x4C,0x80,0x08,0x0B,0x0B,
  0x0A,0x01,0xFE,0x65,0x05,0xFD,0x07,0x75,0x95,0x75,0x00,0x3E,0x41,0x3E};
const u8g_fntpgm_uint8_t fontpage_427_165_165[45] U8G_FONT_SECTION("fontpage_427_165_165") = {
  0x00,0x0B,0x0D,0x00,0xFD,0x00,0x00,0x00,0x00,0x00,0xA5,0xA5,0x00,0x09,0xFE,0x00,
  0x00,0x09,0x0B,0x16,0x0A,0x01,0xFE,0x71,0x00,0x01,0x00,0xFD,0x80,0x01,0x00,0x79,
  0x80,0x89,0x00,0x79,0x00,0x00,0x00,0x3E,0x00,0x41,0x00,0x3E,0x00};
const u8g_fntpgm_uint8_t fontpage_427_200_200[34] U8G_FONT_SECTION("fontpage_427_200_200") = {
  0x00,0x0B,0x0D,0x00,0xFD,0x00,0x00,0x00,0x00,0x00,0xC8,0xC8,0x00,0x09,0xFE,0x00,
  0x00,0x08,0x0B,0x0B,0x0A,0x01,0xFE,0x71,0x01,0xFD,0x01,0x71,0x8F,0x89,0x89,0x71,
  0x01,0x01};
const u8g_fntpgm_uint8_t fontpage_427_216_216[34] U8G_FONT_SECTION("fontpage_427_216_216") = {
  0x00,0x0B,0x0D,0x00,0xFD,0x00,0x00,0x00,0x00,0x00,0xD8,0xD8,0x00,0x09,0xFE,0x00,
  0x00,0x08,0x0B,0x0B,0x0A,0x01,0xFE,0x71,0x01,0xFD,0x01,0x7F,0x89,0x79,0x00,0x3F,
  0x41,0x3F};
const u8g_fntpgm_uint8_t fontpage_427_228_228[45] U8G_FONT_SECTION("fontpage_427_228_228") = {
  0x00,0x0B,0x0D,0x00,0xFD,0x00,0x00,0x00,0x00,0x00,0xE4,0xE4,0x00,0x09,0xFE,0x00,
  0x00,0x09,0x0B,0x16,0x0A,0x00,0xFE,0x3A,0x80,0x02,0x80,0xFE,0x80,0x02,0x80,0x3A,
  0x80,0x4E,0x80,0x4A,0x80,0x4A,0x80,0x3A,0x80,0x02,0x80,0x02,0x80};
const u8g_fntpgm_uint8_t fontpage_428_132_132[34] U8G_FONT_SECTION("fontpage_428_132_132") = {
  0x00,0x0B,0x0D,0x00,0xFD,0x00,0x00,0x00,0x00,0x00,0x84,0x84,0x00,0x09,0xFE,0x00,
  0x00,0x08,0x0B,0x0B,0x0A,0x01,0xFE,0x71,0x01,0xFD,0x01,0x7B,0x89,0x7B,0x01,0x20,
  0x20,0x3F};
const u8g_fntpgm_uint8_t fontpage_428_149_149[34] U8G_FONT_SECTION("fontpage_428_149_149") = {
  0x00,0x0B,0x0D,0x00,0xFD,0x00,0x00,0x00,0x00,0x00,0x95,0x95,0x00,0x09,0xFE,0x00,
  0x00,0x08,0x0B,0x0B,0x0A,0x01,0xFE,0x71,0x01,0xFD,0x03,0x79,0x8B,0x79,0x00,0x3E,
  0x41,0x3E};
const u8g_fntpgm_uint8_t fontpage_428_184_184[41] U8G_FONT_SECTION("fontpage_428_184_184") = {
  0x00,0x0B,0x0D,0x00,0xFD,0x00,0x00,0x00,0x00,0x00,0xB8,0xB8,0x00,0x09,0x00,0x00,
  0x00,0x0A,0x09,0x12,0x0A,0x00,0x00,0x0E,0x00,0x00,0x00,0x7F,0x80,0x00,0x00,0x1E,
  0x00,0x21,0x00,0x1E,0x00,0x04,0x00,0xFF,0xC0};
const u8g_fntpgm_uint8_t fontpage_428_188_188[45] U8G_FONT_SECTION("fontpage_428_188_188") = {
  0x00,0x0B,0x0D,0x00,0xFD,0x00,0x00,0x00,0x00,0x00,0xBC,0xBC,0x00,0x09,0xFE,0x00,
  0x00,0x0A,0x0B,0x16,0x0A,0x00,0xFE,0x0E,0x00,0x00,0x00,0x7F,0x80,0x21,0x00,0x1E,
  0x00,0x04,0x00,0xFF,0xC0,0x00,0x00,0x20,0x00,0x20,0x00,0x3F,0x80};
const u8g_fntpgm_uint8_t fontpage_428_200_201[73] U8G_FONT_SECTION("fontpage_428_200_201") = {
  0x00,0x0B,0x0D,0x00,0xFD,0x00,0x00,0x00,0x00,0x00,0xC8,0xC9,0x00,0x09,0xFE,0x00,
  0x00,0x0A,0x0B,0x16,0x0A,0x00,0xFE,0x0E,0x00,0x00,0x00,0x7F,0x80,0x21,0x00,0x1E,
  0x00,0x04,0x00,0xFF,0xC0,0x00,0x00,0x3F,0x00,0x20,0x80,0x3F,0x00,0x0A,0x0B,0x16,
  0x0A,0x00,0xFE,0x0E,0x00,0x00,0x00,0x7F,0x80,0x21,0x00,0x1E,0x00,0x04,0x00,0xFF,
  0xC0,0x20,0x80,0x3F,0x00,0x20,0x80,0x3F,0x00};
const u8g_fntpgm_uint8_t fontpage_428_212_213[73] U8G_FONT_SECTION("fontpage_428_212_213") = {
  0x00,0x0B,0x0D,0x00,0xFD,0x00,0x00,0x00,0x00,0x00,0xD4,0xD5,0x00,0x09,0xFE,0x00,
  0x00,0x0A,0x0B,0x16,0x0A,0x00,0xFE,0x38,0x80,0x00,0x80,0x7E,0x80,0x00,0x80,0x38,
  0x80,0x44,0xC0,0x3C,0x80,0x10,0x80,0xFE,0x80,0x00,0x80,0x00,0x80,0x0A,0x0B,0x16,
  0x0A,0x00,0xFE,0x38,0x80,0x00,0x80,0x7E,0x80,0x44,0x80,0x3C,0xC0,0x10,0x80,0xFE,
  0x80,0x00,0x00,0x3F,0x00,0x00,0x80,0x00,0x80};
const u8g_fntpgm_uint8_t fontpage_428_216_216[45] U8G_FONT_SECTION("fontpage_428_216_216") = {
  0x00,0x0B,0x0D,0x00,0xFD,0x00,0x00,0x00,0x00,0x00,0xD8,0xD8,0x00,0x09,0xFE,0x00,
  0x00,0x0A,0x0B,0x16,0x0A,0x00,0xFE,0x38,0x80,0x00,0x80,0x7E,0x80,0x44,0x80,0x3C,
  0xC0,0x10,0x80,0xFE,0x80,0x00,0x80,0x20,0x00,0x20,0x00,0x3F,0x80};
const u8g_fntpgm_uint8_t fontpage_428_220_220[45] U8G_FONT_SECTION("fontpage_428_220_220") = {
  0x00,0x0B,0x0D,0x00,0xFD,0x00,0x00,0x00,0x00,0x00,0xDC,0xDC,0x00,0x09,0xFE,0x00,
  0x00,0x0A,0x0B,0x16,0x0A,0x00,0xFE,0x38,0x80,0x00,0x80,0x7E,0x80,0x44,0xC0,0x3C,
  0x80,0x10,0x00,0xFF,0x00,0x00,0x80,0x3F,0x00,0x20,0x00,0x3F,0x80};
const u8g_fntpgm_uint8_t fontpage_428_233_233[45] U8G_FONT_SECTION("fontpage_428_233_233") = {
  0x00,0x0B,0x0D,0x00,0xFD,0x00,0x00,0x00,0x00,0x00,0xE9,0xE9,0x00,0x09,0xFE,0x00,
  0x00,0x0A,0x0B,0x16,0x0A,0x00,0xFE,0x38,0x80,0x00,0x80,0x7E,0x80,0x44,0x80,0x3C,
  0xC0,0x10,0x80,0xFE,0x80,0x00,0x80,0x1F,0x00,0x20,0x80,0x1F,0x00};
const u8g_fntpgm_uint8_t fontpage_429_140_140[45] U8G_FONT_SECTION("fontpage_429_140_140") = {
  0x00,0x0B,0x0D,0x00,0xFD,0x00,0x00,0x00,0x00,0x00,0x8C,0x8C,0x00,0x09,0xFE,0x00,
  0x00,0x09,0x0B,0x16,0x0A,0x00,0xFE,0x38,0x80,0x00,0x80,0x7E,0x80,0x00,0x80,0x3C,
  0x80,0x44,0x80,0x3C,0x80,0x10,0x80,0xFF,0x80,0x00,0x80,0x00,0x80};
const u8g_fntpgm_uint8_t fontpage_429_159_159[45] U8G_FONT_SECTION("fontpage_429_159_159") = {
  0x00,0x0B,0x0D,0x00,0xFD,0x00,0x00,0x00,0x00,0x00,0x9F,0x9F,0x00,0x09,0xFE,0x00,
  0x00,0x09,0x0B,0x16,0x0A,0x01,0xFE,0x31,0x00,0x01,0x00,0xFD,0x00,0x89,0x00,0x79,
  0x00,0x21,0x00,0xFF,0x00,0x01,0x00,0x08,0x00,0x16,0x00,0x61,0x80};
const u8g_fntpgm_uint8_t fontpage_429_168_168[41] U8G_FONT_SECTION("fontpage_429_168_168") = {
  0x00,0x0B,0x0D,0x00,0xFD,0x00,0x00,0x00,0x00,0x00,0xA8,0xA8,0x00,0x09,0x00,0x00,
  0x00,0x0A,0x09,0x12,0x0A,0x00,0x00,0x0E,0x00,0x00,0x00,0x7F,0x80,0x00,0x00,0x1E,
  0x00,0x21,0x00,0x1E,0x00,0x11,0x00,0xFF,0xC0};
const u8g_fntpgm_uint8_t fontpage_429_196_196[43] U8G_FONT_SECTION("fontpage_429_196_196") = {
  0x00,0x0B,0x0D,0x00,0xFD,0x00,0x00,0x00,0x00,0x00,0xC4,0xC4,0x00,0x09,0xFF,0x00,
  0x00,0x0A,0x0A,0x14,0x0A,0x00,0xFF,0x0E,0x00,0x00,0x00,0x7F,0x80,0x11,0x00,0x21,
  0x00,0x1E,0x00,0x00,0x00,0xFF,0xC0,0x04,0x00,0x04,0x00};
const u8g_fntpgm_uint8_t fontpage_430_208_208[41] U8G_FONT_SECTION("fontpage_430_208_208") = {
  0x00,0x0B,0x0D,0x00,0xFD,0x00,0x00,0x00,0x00,0x00,0xD0,0xD0,0x00,0x09,0x00,0x00,
  0x00,0x0A,0x09,0x12,0x0A,0x00,0x00,0x0E,0x00,0x00,0x00,0x7F,0x80,0x00,0x00,0x1E,
  0x00,0x21,0x00,0x1E,0x00,0x00,0x00,0xFF,0xC0};
const u8g_fntpgm_uint8_t fontpage_430_240_240[34] U8G_FONT_SECTION("fontpage_430_240_240") = {
  0x00,0x0B,0x0D,0x00,0xFD,0x00,0x00,0x00,0x00,0x00,0xF0,0xF0,0x00,0x09,0xFE,0x00,
  0x00,0x08,0x0B,0x0B,0x0A,0x01,0xFE,0x31,0x01,0xFD,0x49,0x79,0x01,0xFD,0x01,0x40,
  0x40,0x7F};
const u8g_fntpgm_uint8_t fontpage_431_136_136[34] U8G_FONT_SECTION("fontpage_431_136_136") = {
  0x00,0x0B,0x0D,0x00,0xFD,0x00,0x00,0x00,0x00,0x00,0x88,0x88,0x00,0x09,0xFE,0x00,
  0x00,0x08,0x0B,0x0B,0x0A,0x01,0xFE,0x71,0x01,0xFD,0x01,0x71,0x49,0x89,0x49,0x71,
  0x01,0x01};

static const uxg_fontinfo_t g_fontinfo_ko_KR[] PROGMEM = {
  FONTDATA_ITEM(344, 128, 129, fontpage_344_128_129), // ' 가 ' - ' 각 '
  FONTDATA_ITEM(344, 132, 132, fontpage_344_132_132), // ' 간 ' - ' 간 '
  FONTDATA_ITEM(344, 136, 136, fontpage_344_136_136), // ' 갈 ' - ' 갈 '
  FONTDATA_ITEM(344, 144, 144, fontpage_344_144_144), // ' 감 ' - ' 감 '
  FONTDATA_ITEM(344, 146, 146, fontpage_344_146_146), // ' 값 ' - ' 값 '
  FONTDATA_ITEM(344, 149, 149, fontpage_344_149_149), // ' 강 ' - ' 강 '
  FONTDATA_ITEM(344, 156, 157, fontpage_344_156_157), // ' 개 ' - ' 객 '
  FONTDATA_ITEM(344, 240, 240, fontpage_344_240_240), // ' 거 ' - ' 거 '
  FONTDATA_ITEM(344, 244, 244, fontpage_344_244_244), // ' 건 ' - ' 건 '
  FONTDATA_ITEM(344, 248, 248, fontpage_344_248_248), // ' 걸 ' - ' 걸 '
  FONTDATA_ITEM(345, 128, 128, fontpage_345_128_128), // ' 검 ' - ' 검 '
  FONTDATA_ITEM(345, 131, 131, fontpage_345_131_131), // ' 것 ' - ' 것 '
  FONTDATA_ITEM(345, 140, 140, fontpage_345_140_140), // ' 게 ' - ' 게 '
  FONTDATA_ITEM(345, 169, 169, fontpage_345_169_169), // ' 격 ' - ' 격 '
  FONTDATA_ITEM(345, 176, 176, fontpage_345_176_176), // ' 결 ' - ' 결 '
  FONTDATA_ITEM(345, 189, 189, fontpage_345_189_189), // ' 경 ' - ' 경 '
  FONTDATA_ITEM(345, 196, 196, fontpage_345_196_196), // ' 계 ' - ' 계 '
  FONTDATA_ITEM(345, 224, 224, fontpage_345_224_224), // ' 고 ' - ' 고 '
  FONTDATA_ITEM(345, 245, 245, fontpage_345_245_245), // ' 공 ' - ' 공 '
  FONTDATA_ITEM(345, 252, 252, fontpage_345_252_252), // ' 과 ' - ' 과 '
  FONTDATA_ITEM(346, 128, 128, fontpage_346_128_128), // ' 관 ' - ' 관 '
  FONTDATA_ITEM(346, 208, 208, fontpage_346_208_208), // ' 교 ' - ' 교 '
  FONTDATA_ITEM(346, 236, 236, fontpage_346_236_236), // ' 구 ' - ' 구 '
  FONTDATA_ITEM(347, 164, 164, fontpage_347_164_164), // ' 궤 ' - ' 궤 '
  FONTDATA_ITEM(347, 192, 192, fontpage_347_192_192), // ' 귀 ' - ' 귀 '
  FONTDATA_ITEM(347, 248, 248, fontpage_347_248_248), // ' 그 ' - ' 그 '
  FONTDATA_ITEM(347, 252, 252, fontpage_347_252_252), // ' 근 ' - ' 근 '
  FONTDATA_ITEM(348, 136, 137, fontpage_348_136_137), // ' 금 ' - ' 급 '
  FONTDATA_ITEM(348, 176, 176, fontpage_348_176_176), // ' 기 ' - ' 기 '
  FONTDATA_ITEM(348, 184, 184, fontpage_348_184_184), // ' 길 ' - ' 길 '
  FONTDATA_ITEM(348, 192, 192, fontpage_348_192_192), // ' 김 ' - ' 김 '
  FONTDATA_ITEM(348, 197, 197, fontpage_348_197_197), // ' 깅 ' - ' 깅 '
  FONTDATA_ITEM(348, 204, 204, fontpage_348_204_204), // ' 까 ' - ' 까 '
  FONTDATA_ITEM(348, 232, 232, fontpage_348_232_232), // ' 깨 ' - ' 깨 '
  FONTDATA_ITEM(349, 188, 188, fontpage_349_188_188), // ' 꺼 ' - ' 꺼 '
  FONTDATA_ITEM(350, 180, 180, fontpage_350_180_180), // ' 꼴 ' - ' 꼴 '
  FONTDATA_ITEM(352, 196, 196, fontpage_352_196_196), // ' 끄 ' - ' 끄 '
  FONTDATA_ITEM(352, 212, 212, fontpage_352_212_212), // ' 끔 ' - ' 끔 '
  FONTDATA_ITEM(352, 221, 221, fontpage_352_221_221), // ' 끝 ' - ' 끝 '
  FONTDATA_ITEM(353, 152, 152, fontpage_353_152_152), // ' 나 ' - ' 나 '
  FONTDATA_ITEM(353, 168, 169, fontpage_353_168_169), // ' 남 ' - ' 납 '
  FONTDATA_ITEM(353, 174, 174, fontpage_353_174_174), // ' 낮 ' - ' 낮 '
  FONTDATA_ITEM(353, 180, 180, fontpage_353_180_180), // ' 내 ' - ' 내 '
  FONTDATA_ITEM(353, 201, 201, fontpage_353_201_201), // ' 냉 ' - ' 냉 '
  FONTDATA_ITEM(354, 136, 136, fontpage_354_136_136), // ' 너 ' - ' 너 '
  FONTDATA_ITEM(354, 144, 144, fontpage_354_144_144), // ' 널 ' - ' 널 '
  FONTDATA_ITEM(354, 163, 165, fontpage_354_163_165), // ' 넣 ' - ' 넥 '
  FONTDATA_ITEM(354, 248, 248, fontpage_354_248_248), // ' 노 ' - ' 노 '
  FONTDATA_ITEM(355, 146, 147, fontpage_355_146_147), // ' 높 ' - ' 놓 '
  FONTDATA_ITEM(356, 132, 132, fontpage_356_132_132), // ' 누 ' - ' 누 '
  FONTDATA_ITEM(356, 140, 140, fontpage_356_140_140), // ' 눌 ' - ' 눌 '
  FONTDATA_ITEM(356, 244, 244, fontpage_356_244_244), // ' 뉴 ' - ' 뉴 '
  FONTDATA_ITEM(357, 148, 148, fontpage_357_148_148), // ' 는 ' - ' 는 '
  FONTDATA_ITEM(357, 200, 200, fontpage_357_200_200), // ' 니 ' - ' 니 '
  FONTDATA_ITEM(357, 208, 208, fontpage_357_208_208), // ' 닐 ' - ' 닐 '
  FONTDATA_ITEM(357, 221, 221, fontpage_357_221_221), // ' 닝 ' - ' 닝 '
  FONTDATA_ITEM(357, 228, 228, fontpage_357_228_228), // ' 다 ' - ' 다 '
  FONTDATA_ITEM(357, 232, 232, fontpage_357_232_232), // ' 단 ' - ' 단 '
  FONTDATA_ITEM(357, 236, 236, fontpage_357_236_236), // ' 달 ' - ' 달 '
  FONTDATA_ITEM(357, 245, 245, fontpage_357_245_245), // ' 답 ' - ' 답 '
  FONTDATA_ITEM(357, 249, 249, fontpage_357_249_249), // ' 당 ' - ' 당 '
  FONTDATA_ITEM(358, 128, 128, fontpage_358_128_128), // ' 대 ' - ' 대 '
  FONTDATA_ITEM(358, 212, 212, fontpage_358_212_212), // ' 더 ' - ' 더 '
  FONTDATA_ITEM(358, 240, 241, fontpage_358_240_241), // ' 데 ' - ' 덱 '
  FONTDATA_ITEM(358, 248, 248, fontpage_358_248_248), // ' 델 ' - ' 델 '
  FONTDATA_ITEM(359, 196, 196, fontpage_359_196_196), // ' 도 ' - ' 도 '
  FONTDATA_ITEM(359, 204, 204, fontpage_359_204_204), // ' 돌 ' - ' 돌 '
  FONTDATA_ITEM(359, 217, 217, fontpage_359_217_217), // ' 동 ' - ' 동 '
  FONTDATA_ITEM(360, 152, 152, fontpage_360_152_152), // ' 되 ' - ' 되 '
  FONTDATA_ITEM(360, 156, 156, fontpage_360_156_156), // ' 된 ' - ' 된 '
  FONTDATA_ITEM(360, 168, 168, fontpage_360_168_168), // ' 됨 ' - ' 됨 '
  FONTDATA_ITEM(360, 208, 208, fontpage_360_208_208), // ' 두 ' - ' 두 '
  FONTDATA_ITEM(361, 164, 164, fontpage_361_164_164), // ' 뒤 ' - ' 뒤 '
  FONTDATA_ITEM(361, 220, 221, fontpage_361_220_221), // ' 드 ' - ' 득 '
  FONTDATA_ITEM(361, 228, 228, fontpage_361_228_228), // ' 들 ' - ' 들 '
  FONTDATA_ITEM(362, 148, 148, fontpage_362_148_148), // ' 디 ' - ' 디 '
  FONTDATA_ITEM(362, 169, 169, fontpage_362_169_169), // ' 딩 ' - ' 딩 '
  FONTDATA_ITEM(364, 144, 144, fontpage_364_144_144), // ' 또 ' - ' 또 '
  FONTDATA_ITEM(365, 240, 240, fontpage_365_240_240), // ' 뛰 ' - ' 뛰 '
  FONTDATA_ITEM(366, 252, 253, fontpage_366_252_253), // ' 라 ' - ' 락 '
  FONTDATA_ITEM(367, 145, 145, fontpage_367_145_145), // ' 랑 ' - ' 랑 '
  FONTDATA_ITEM(367, 152, 153, fontpage_367_152_153), // ' 래 ' - ' 랙 '
  FONTDATA_ITEM(367, 201, 201, fontpage_367_201_201), // ' 량 ' - ' 량 '
  FONTDATA_ITEM(367, 236, 236, fontpage_367_236_236), // ' 러 ' - ' 러 '
  FONTDATA_ITEM(367, 240, 240, fontpage_367_240_240), // ' 런 ' - ' 런 '
  FONTDATA_ITEM(368, 136, 137, fontpage_368_136_137), // ' 레 ' - ' 렉 '
  FONTDATA_ITEM(368, 165, 165, fontpage_368_165_165), // ' 력 ' - ' 력 '
  FONTDATA_ITEM(368, 172, 172, fontpage_368_172_172), // ' 렬 ' - ' 렬 '
  FONTDATA_ITEM(368, 185, 185, fontpage_368_185_185), // ' 령 ' - ' 령 '
  FONTDATA_ITEM(368, 220, 221, fontpage_368_220_221), // ' 로 ' - ' 록 '
  FONTDATA_ITEM(368, 228, 228, fontpage_368_228_228), // ' 롤 ' - ' 롤 '
  FONTDATA_ITEM(368, 239, 239, fontpage_368_239_239), // ' 롯 ' - ' 롯 '
  FONTDATA_ITEM(369, 204, 204, fontpage_369_204_204), // ' 료 ' - ' 료 '
  FONTDATA_ITEM(369, 232, 232, fontpage_369_232_232), // ' 루 ' - ' 루 '
  FONTDATA_ITEM(370, 216, 216, fontpage_370_216_216), // ' 류 ' - ' 류 '
  FONTDATA_ITEM(370, 244, 244, fontpage_370_244_244), // ' 르 ' - ' 르 '
  FONTDATA_ITEM(370, 248, 248, fontpage_370_248_248), // ' 른 ' - ' 른 '
  FONTDATA_ITEM(370, 252, 252, fontpage_370_252_252), // ' 를 ' - ' 를 '
  FONTDATA_ITEM(371, 132, 132, fontpage_371_132_132), // ' 름 ' - ' 름 '
  FONTDATA_ITEM(371, 172, 172, fontpage_371_172_172), // ' 리 ' - ' 리 '
  FONTDATA_ITEM(371, 176, 176, fontpage_371_176_176), // ' 린 ' - ' 린 '
  FONTDATA_ITEM(371, 188, 189, fontpage_371_188_189), // ' 림 ' - ' 립 '
  FONTDATA_ITEM(371, 193, 193, fontpage_371_193_193), // ' 링 ' - ' 링 '
  FONTDATA_ITEM(371, 200, 201, fontpage_371_200_201), // ' 마 ' - ' 막 '
  FONTDATA_ITEM(371, 245, 245, fontpage_371_245_245), // ' 맵 ' - ' 맵 '
  FONTDATA_ITEM(372, 188, 188, fontpage_372_188_188), // ' 먼 ' - ' 먼 '
  FONTDATA_ITEM(372, 194, 194, fontpage_372_194_194), // ' 멂 ' - ' 멂 '
  FONTDATA_ITEM(372, 200, 200, fontpage_372_200_200), // ' 멈 ' - ' 멈 '
  FONTDATA_ITEM(372, 212, 212, fontpage_372_212_212), // ' 메 ' - ' 메 '
  FONTDATA_ITEM(372, 216, 216, fontpage_372_216_216), // ' 멘 ' - ' 멘 '
  FONTDATA_ITEM(372, 244, 244, fontpage_372_244_244), // ' 면 ' - ' 면 '
  FONTDATA_ITEM(373, 133, 133, fontpage_373_133_133), // ' 명 ' - ' 명 '
  FONTDATA_ITEM(373, 168, 168, fontpage_373_168_168), // ' 모 ' - ' 모 '
  FONTDATA_ITEM(373, 187, 187, fontpage_373_187_187), // ' 못 ' - ' 못 '
  FONTDATA_ITEM(374, 180, 180, fontpage_374_180_180), // ' 무 ' - ' 무 '
  FONTDATA_ITEM(375, 248, 249, fontpage_375_248_249), // ' 미 ' - ' 믹 '
  FONTDATA_ITEM(376, 128, 128, fontpage_376_128_128), // ' 밀 ' - ' 밀 '
  FONTDATA_ITEM(376, 141, 141, fontpage_376_141_141), // ' 밍 ' - ' 밍 '
  FONTDATA_ITEM(376, 148, 148, fontpage_376_148_148), // ' 바 ' - ' 바 '
  FONTDATA_ITEM(376, 152, 152, fontpage_376_152_152), // ' 반 ' - ' 반 '
  FONTDATA_ITEM(376, 156, 157, fontpage_376_156_157), // ' 발 ' - ' 밝 '
  FONTDATA_ITEM(376, 169, 169, fontpage_376_169_169), // ' 방 ' - ' 방 '
  FONTDATA_ITEM(376, 176, 177, fontpage_376_176_177), // ' 배 ' - ' 백 '
  FONTDATA_ITEM(377, 132, 132, fontpage_377_132_132), // ' 버 ' - ' 버 '
  FONTDATA_ITEM(377, 136, 136, fontpage_377_136_136), // ' 번 ' - ' 번 '
  FONTDATA_ITEM(377, 148, 149, fontpage_377_148_149), // ' 범 ' - ' 법 '
  FONTDATA_ITEM(377, 151, 151, fontpage_377_151_151), // ' 벗 ' - ' 벗 '
  FONTDATA_ITEM(377, 160, 160, fontpage_377_160_160), // ' 베 ' - ' 베 '
  FONTDATA_ITEM(377, 168, 168, fontpage_377_168_168), // ' 벨 ' - ' 벨 '
  FONTDATA_ITEM(377, 189, 189, fontpage_377_189_189), // ' 벽 ' - ' 벽 '
  FONTDATA_ITEM(377, 192, 192, fontpage_377_192_192), // ' 변 ' - ' 변 '
  FONTDATA_ITEM(377, 196, 196, fontpage_377_196_196), // ' 별 ' - ' 별 '
  FONTDATA_ITEM(377, 244, 245, fontpage_377_244_245), // ' 보 ' - ' 복 '
  FONTDATA_ITEM(377, 248, 248, fontpage_377_248_248), // ' 본 ' - ' 본 '
  FONTDATA_ITEM(379, 128, 128, fontpage_379_128_128), // ' 부 ' - ' 부 '
  FONTDATA_ITEM(379, 132, 132, fontpage_379_132_132), // ' 분 ' - ' 분 '
  FONTDATA_ITEM(379, 136, 136, fontpage_379_136_136), // ' 불 ' - ' 불 '
  FONTDATA_ITEM(379, 240, 240, fontpage_379_240_240), // ' 뷰 ' - ' 뷰 '
  FONTDATA_ITEM(380, 140, 140, fontpage_380_140_140), // ' 브 ' - ' 브 '
  FONTDATA_ITEM(380, 148, 148, fontpage_380_148_148), // ' 블 ' - ' 블 '
  FONTDATA_ITEM(380, 196, 196, fontpage_380_196_196), // ' 비 ' - ' 비 '
  FONTDATA_ITEM(380, 204, 204, fontpage_380_204_204), // ' 빌 ' - ' 빌 '
  FONTDATA_ITEM(380, 217, 217, fontpage_380_217_217), // ' 빙 ' - ' 빙 '
  FONTDATA_ITEM(380, 224, 224, fontpage_380_224_224), // ' 빠 ' - ' 빠 '
  FONTDATA_ITEM(380, 232, 232, fontpage_380_232_232), // ' 빨 ' - ' 빨 '
  FONTDATA_ITEM(385, 172, 172, fontpage_385_172_172), // ' 사 ' - ' 사 '
  FONTDATA_ITEM(385, 176, 176, fontpage_385_176_176), // ' 산 ' - ' 산 '
  FONTDATA_ITEM(385, 189, 189, fontpage_385_189_189), // ' 삽 ' - ' 삽 '
  FONTDATA_ITEM(385, 193, 193, fontpage_385_193_193), // ' 상 ' - ' 상 '
  FONTDATA_ITEM(385, 200, 201, fontpage_385_200_201), // ' 새 ' - ' 색 '
  FONTDATA_ITEM(385, 221, 221, fontpage_385_221_221), // ' 생 ' - ' 생 '
  FONTDATA_ITEM(386, 156, 156, fontpage_386_156_156), // ' 서 ' - ' 서 '
  FONTDATA_ITEM(386, 160, 160, fontpage_386_160_160), // ' 선 ' - ' 선 '
  FONTDATA_ITEM(386, 164, 164, fontpage_386_164_164), // ' 설 ' - ' 설 '
  FONTDATA_ITEM(386, 177, 177, fontpage_386_177_177), // ' 성 ' - ' 성 '
  FONTDATA_ITEM(386, 184, 184, fontpage_386_184_184), // ' 세 ' - ' 세 '
  FONTDATA_ITEM(386, 188, 188, fontpage_386_188_188), // ' 센 ' - ' 센 '
  FONTDATA_ITEM(386, 192, 192, fontpage_386_192_192), // ' 셀 ' - ' 셀 '
  FONTDATA_ITEM(386, 203, 203, fontpage_386_203_203), // ' 셋 ' - ' 셋 '
  FONTDATA_ITEM(386, 216, 216, fontpage_386_216_216), // ' 션 ' - ' 션 '
  FONTDATA_ITEM(387, 140, 141, fontpage_387_140_141), // ' 소 ' - ' 속 '
  FONTDATA_ITEM(387, 144, 144, fontpage_387_144_144), // ' 손 ' - ' 손 '
  FONTDATA_ITEM(387, 161, 161, fontpage_387_161_161), // ' 송 ' - ' 송 '
  FONTDATA_ITEM(387, 224, 224, fontpage_387_224_224), // ' 쇠 ' - ' 쇠 '
  FONTDATA_ITEM(388, 152, 152, fontpage_388_152_152), // ' 수 ' - ' 수 '
  FONTDATA_ITEM(388, 156, 156, fontpage_388_156_156), // ' 순 ' - ' 순 '
  FONTDATA_ITEM(388, 171, 171, fontpage_388_171_171), // ' 숫 ' - ' 숫 '
  FONTDATA_ITEM(388, 208, 208, fontpage_388_208_208), // ' 쉐 ' - ' 쉐 '
  FONTDATA_ITEM(389, 136, 136, fontpage_389_136_136), // ' 슈 ' - ' 슈 '
  FONTDATA_ITEM(389, 164, 164, fontpage_389_164_164), // ' 스 ' - ' 스 '
  FONTDATA_ITEM(389, 172, 172, fontpage_389_172_172), // ' 슬 ' - ' 슬 '
  FONTDATA_ITEM(389, 181, 181, fontpage_389_181_181), // ' 습 ' - ' 습 '
  FONTDATA_ITEM(389, 185, 185, fontpage_389_185_185), // ' 승 ' - ' 승 '
  FONTDATA_ITEM(389, 220, 221, fontpage_389_220_221), // ' 시 ' - ' 식 '
  FONTDATA_ITEM(389, 224, 224, fontpage_389_224_224), // ' 신 ' - ' 신 '
  FONTDATA_ITEM(389, 228, 228, fontpage_389_228_228), // ' 실 ' - ' 실 '
  FONTDATA_ITEM(389, 236, 236, fontpage_389_236_236), // ' 심 ' - ' 심 '
  FONTDATA_ITEM(390, 141, 141, fontpage_390_141_141), // ' 쌍 ' - ' 쌍 '
  FONTDATA_ITEM(393, 240, 240, fontpage_393_240_240), // ' 쓰 ' - ' 쓰 '
  FONTDATA_ITEM(394, 196, 196, fontpage_394_196_196), // ' 아 ' - ' 아 '
  FONTDATA_ITEM(394, 200, 200, fontpage_394_200_200), // ' 안 ' - ' 안 '
  FONTDATA_ITEM(394, 202, 202, fontpage_394_202_202), // ' 않 ' - ' 않 '
  FONTDATA_ITEM(394, 204, 204, fontpage_394_204_204), // ' 알 ' - ' 알 '
  FONTDATA_ITEM(394, 212, 213, fontpage_394_212_213), // ' 암 ' - ' 압 '
  FONTDATA_ITEM(394, 216, 217, fontpage_394_216_217), // ' 았 ' - ' 앙 '
  FONTDATA_ITEM(394, 222, 222, fontpage_394_222_222), // ' 앞 ' - ' 앞 '
  FONTDATA_ITEM(395, 145, 145, fontpage_395_145_145), // ' 양 ' - ' 양 '
  FONTDATA_ITEM(395, 180, 180, fontpage_395_180_180), // ' 어 ' - ' 어 '
  FONTDATA_ITEM(395, 184, 184, fontpage_395_184_184), // ' 언 ' - ' 언 '
  FONTDATA_ITEM(395, 197, 198, fontpage_395_197_198), // ' 업 ' - ' 없 '
  FONTDATA_ITEM(395, 200, 200, fontpage_395_200_200), // ' 었 ' - ' 었 '
  FONTDATA_ITEM(395, 208, 208, fontpage_395_208_208), // ' 에 ' - ' 에 '
  FONTDATA_ITEM(395, 212, 212, fontpage_395_212_212), // ' 엔 ' - ' 엔 '
  FONTDATA_ITEM(395, 236, 237, fontpage_395_236_237), // ' 여 ' - ' 역 '
  FONTDATA_ITEM(395, 240, 240, fontpage_395_240_240), // ' 연 ' - ' 연 '
  FONTDATA_ITEM(395, 244, 244, fontpage_395_244_244), // ' 열 ' - ' 열 '
  FONTDATA_ITEM(396, 129, 129, fontpage_396_129_129), // ' 영 ' - ' 영 '
  FONTDATA_ITEM(396, 136, 136, fontpage_396_136_136), // ' 예 ' - ' 예 '
  FONTDATA_ITEM(396, 164, 164, fontpage_396_164_164), // ' 오 ' - ' 오 '
  FONTDATA_ITEM(396, 168, 168, fontpage_396_168_168), // ' 온 ' - ' 온 '
  FONTDATA_ITEM(396, 172, 172, fontpage_396_172_172), // ' 올 ' - ' 올 '
  FONTDATA_ITEM(396, 181, 181, fontpage_396_181_181), // ' 옵 ' - ' 옵 '
  FONTDATA_ITEM(396, 192, 192, fontpage_396_192_192), // ' 와 ' - ' 와 '
  FONTDATA_ITEM(396, 196, 196, fontpage_396_196_196), // ' 완 ' - ' 완 '
  FONTDATA_ITEM(396, 248, 248, fontpage_396_248_248), // ' 외 ' - ' 외 '
  FONTDATA_ITEM(396, 252, 252, fontpage_396_252_252), // ' 왼 ' - ' 왼 '
  FONTDATA_ITEM(397, 148, 148, fontpage_397_148_148), // ' 요 ' - ' 요 '
  FONTDATA_ITEM(397, 169, 169, fontpage_397_169_169), // ' 용 ' - ' 용 '
  FONTDATA_ITEM(397, 176, 176, fontpage_397_176_176), // ' 우 ' - ' 우 '
  FONTDATA_ITEM(397, 184, 184, fontpage_397_184_184), // ' 울 ' - ' 울 '
  FONTDATA_ITEM(397, 192, 192, fontpage_397_192_192), // ' 움 ' - ' 움 '
  FONTDATA_ITEM(397, 195, 195, fontpage_397_195_195), // ' 웃 ' - ' 웃 '
  FONTDATA_ITEM(397, 204, 204, fontpage_397_204_204), // ' 워 ' - ' 워 '
  FONTDATA_ITEM(397, 208, 208, fontpage_397_208_208), // ' 원 ' - ' 원 '
  FONTDATA_ITEM(397, 232, 232, fontpage_397_232_232), // ' 웨 ' - ' 웨 '
  FONTDATA_ITEM(398, 132, 132, fontpage_398_132_132), // ' 위 ' - ' 위 '
  FONTDATA_ITEM(398, 160, 160, fontpage_398_160_160), // ' 유 ' - ' 유 '
  FONTDATA_ITEM(398, 168, 168, fontpage_398_168_168), // ' 율 ' - ' 율 '
  FONTDATA_ITEM(398, 188, 188, fontpage_398_188_188), // ' 으 ' - ' 으 '
  FONTDATA_ITEM(398, 192, 192, fontpage_398_192_192), // ' 은 ' - ' 은 '
  FONTDATA_ITEM(398, 196, 196, fontpage_398_196_196), // ' 을 ' - ' 을 '
  FONTDATA_ITEM(398, 204, 204, fontpage_398_204_204), // ' 음 ' - ' 음 '
  FONTDATA_ITEM(398, 209, 209, fontpage_398_209_209), // ' 응 ' - ' 응 '
  FONTDATA_ITEM(398, 216, 216, fontpage_398_216_216), // ' 의 ' - ' 의 '
  FONTDATA_ITEM(398, 244, 245, fontpage_398_244_245), // ' 이 ' - ' 익 '
  FONTDATA_ITEM(398, 248, 248, fontpage_398_248_248), // ' 인 ' - ' 인 '
  FONTDATA_ITEM(398, 252, 253, fontpage_398_252_253), // ' 일 ' - ' 읽 '
  FONTDATA_ITEM(399, 132, 133, fontpage_399_132_133), // ' 임 ' - ' 입 '
  FONTDATA_ITEM(399, 136, 136, fontpage_399_136_136), // ' 있 ' - ' 있 '
  FONTDATA_ITEM(399, 138, 138, fontpage_399_138_138), // ' 잊 ' - ' 잊 '
  FONTDATA_ITEM(399, 144, 145, fontpage_399_144_145), // ' 자 ' - ' 작 '
  FONTDATA_ITEM(399, 152, 152, fontpage_399_152_152), // ' 잘 ' - ' 잘 '
  FONTDATA_ITEM(399, 160, 160, fontpage_399_160_160), // ' 잠 ' - ' 잠 '
  FONTDATA_ITEM(399, 165, 165, fontpage_399_165_165), // ' 장 ' - ' 장 '
  FONTDATA_ITEM(399, 172, 172, fontpage_399_172_172), // ' 재 ' - ' 재 '
  FONTDATA_ITEM(400, 128, 129, fontpage_400_128_129), // ' 저 ' - ' 적 '
  FONTDATA_ITEM(400, 132, 132, fontpage_400_132_132), // ' 전 ' - ' 전 '
  FONTDATA_ITEM(400, 136, 136, fontpage_400_136_136), // ' 절 ' - ' 절 '
  FONTDATA_ITEM(400, 144, 145, fontpage_400_144_145), // ' 점 ' - ' 접 '
  FONTDATA_ITEM(400, 149, 149, fontpage_400_149_149), // ' 정 ' - ' 정 '
  FONTDATA_ITEM(400, 156, 156, fontpage_400_156_156), // ' 제 ' - ' 제 '
  FONTDATA_ITEM(400, 184, 184, fontpage_400_184_184), // ' 져 ' - ' 져 '
  FONTDATA_ITEM(400, 240, 240, fontpage_400_240_240), // ' 조 ' - ' 조 '
  FONTDATA_ITEM(400, 244, 244, fontpage_400_244_244), // ' 존 ' - ' 존 '
  FONTDATA_ITEM(401, 133, 133, fontpage_401_133_133), // ' 종 ' - ' 종 '
  FONTDATA_ITEM(401, 252, 252, fontpage_401_252_252), // ' 주 ' - ' 주 '
  FONTDATA_ITEM(402, 128, 128, fontpage_402_128_128), // ' 준 ' - ' 준 '
  FONTDATA_ITEM(402, 145, 145, fontpage_402_145_145), // ' 중 ' - ' 중 '
  FONTDATA_ITEM(403, 144, 144, fontpage_403_144_144), // ' 즐 ' - ' 즐 '
  FONTDATA_ITEM(403, 157, 157, fontpage_403_157_157), // ' 증 ' - ' 증 '
  FONTDATA_ITEM(403, 192, 193, fontpage_403_192_193), // ' 지 ' - ' 직 '
  FONTDATA_ITEM(403, 196, 196, fontpage_403_196_196), // ' 진 ' - ' 진 '
  FONTDATA_ITEM(403, 200, 200, fontpage_403_200_200), // ' 질 ' - ' 질 '
  FONTDATA_ITEM(403, 208, 209, fontpage_403_208_209), // ' 짐 ' - ' 집 '
  FONTDATA_ITEM(403, 248, 248, fontpage_403_248_248), // ' 째 ' - ' 째 '
  FONTDATA_ITEM(405, 189, 189, fontpage_405_189_189), // ' 쪽 ' - ' 쪽 '
  FONTDATA_ITEM(408, 141, 141, fontpage_408_141_141), // ' 찍 ' - ' 찍 '
  FONTDATA_ITEM(408, 168, 168, fontpage_408_168_168), // ' 차 ' - ' 차 '
  FONTDATA_ITEM(408, 184, 184, fontpage_408_184_184), // ' 참 ' - ' 참 '
  FONTDATA_ITEM(408, 196, 196, fontpage_408_196_196), // ' 채 ' - ' 채 '
  FONTDATA_ITEM(408, 212, 212, fontpage_408_212_212), // ' 챔 ' - ' 챔 '
  FONTDATA_ITEM(409, 152, 152, fontpage_409_152_152), // ' 처 ' - ' 처 '
  FONTDATA_ITEM(409, 173, 173, fontpage_409_173_173), // ' 청 ' - ' 청 '
  FONTDATA_ITEM(409, 180, 180, fontpage_409_180_180), // ' 체 ' - ' 체 '
  FONTDATA_ITEM(410, 136, 136, fontpage_410_136_136), // ' 초 ' - ' 초 '
  FONTDATA_ITEM(410, 157, 157, fontpage_410_157_157), // ' 총 ' - ' 총 '
  FONTDATA_ITEM(410, 220, 220, fontpage_410_220_220), // ' 최 ' - ' 최 '
  FONTDATA_ITEM(411, 148, 149, fontpage_411_148_149), // ' 추 ' - ' 축 '
  FONTDATA_ITEM(411, 156, 156, fontpage_411_156_156), // ' 출 ' - ' 출 '
  FONTDATA_ITEM(411, 164, 164, fontpage_411_164_164), // ' 춤 ' - ' 춤 '
  FONTDATA_ITEM(411, 232, 232, fontpage_411_232_232), // ' 취 ' - ' 취 '
  FONTDATA_ITEM(412, 161, 161, fontpage_412_161_161), // ' 측 ' - ' 측 '
  FONTDATA_ITEM(412, 216, 216, fontpage_412_216_216), // ' 치 ' - ' 치 '
  FONTDATA_ITEM(412, 232, 232, fontpage_412_232_232), // ' 침 ' - ' 침 '
  FONTDATA_ITEM(412, 237, 237, fontpage_412_237_237), // ' 칭 ' - ' 칭 '
  FONTDATA_ITEM(412, 244, 244, fontpage_412_244_244), // ' 카 ' - ' 카 '
  FONTDATA_ITEM(413, 152, 152, fontpage_413_152_152), // ' 캘 ' - ' 캘 '
  FONTDATA_ITEM(413, 228, 228, fontpage_413_228_228), // ' 커 ' - ' 커 '
  FONTDATA_ITEM(413, 232, 232, fontpage_413_232_232), // ' 컨 ' - ' 컨 '
  FONTDATA_ITEM(414, 128, 128, fontpage_414_128_128), // ' 케 ' - ' 케 '
  FONTDATA_ITEM(414, 156, 156, fontpage_414_156_156), // ' 켜 ' - ' 켜 '
  FONTDATA_ITEM(414, 172, 172, fontpage_414_172_172), // ' 켬 ' - ' 켬 '
  FONTDATA_ITEM(414, 212, 212, fontpage_414_212_212), // ' 코 ' - ' 코 '
  FONTDATA_ITEM(414, 220, 220, fontpage_414_220_220), // ' 콜 ' - ' 콜 '
  FONTDATA_ITEM(416, 208, 208, fontpage_416_208_208), // ' 큐 ' - ' 큐 '
  FONTDATA_ITEM(416, 236, 236, fontpage_416_236_236), // ' 크 ' - ' 크 '
  FONTDATA_ITEM(416, 244, 244, fontpage_416_244_244), // ' 클 ' - ' 클 '
  FONTDATA_ITEM(417, 164, 164, fontpage_417_164_164), // ' 키 ' - ' 키 '
  FONTDATA_ITEM(417, 185, 185, fontpage_417_185_185), // ' 킹 ' - ' 킹 '
  FONTDATA_ITEM(417, 192, 192, fontpage_417_192_192), // ' 타 ' - ' 타 '
  FONTDATA_ITEM(417, 209, 209, fontpage_417_209_209), // ' 탑 ' - ' 탑 '
  FONTDATA_ITEM(417, 221, 221, fontpage_417_221_221), // ' 택 ' - ' 택 '
  FONTDATA_ITEM(418, 176, 176, fontpage_418_176_176), // ' 터 ' - ' 터 '
  FONTDATA_ITEM(418, 204, 204, fontpage_418_204_204), // ' 테 ' - ' 테 '
  FONTDATA_ITEM(418, 221, 221, fontpage_418_221_221), // ' 텝 ' - ' 텝 '
  FONTDATA_ITEM(419, 160, 160, fontpage_419_160_160), // ' 토 ' - ' 토 '
  FONTDATA_ITEM(419, 181, 181, fontpage_419_181_181), // ' 통 ' - ' 통 '
  FONTDATA_ITEM(420, 180, 180, fontpage_420_180_180), // ' 툴 ' - ' 툴 '
  FONTDATA_ITEM(421, 156, 156, fontpage_421_156_156), // ' 튜 ' - ' 튜 '
  FONTDATA_ITEM(421, 184, 184, fontpage_421_184_184), // ' 트 ' - ' 트 '
  FONTDATA_ITEM(421, 188, 188, fontpage_421_188_188), // ' 튼 ' - ' 튼 '
  FONTDATA_ITEM(421, 192, 192, fontpage_421_192_192), // ' 틀 ' - ' 틀 '
  FONTDATA_ITEM(421, 241, 241, fontpage_421_241_241), // ' 틱 ' - ' 틱 '
  FONTDATA_ITEM(422, 133, 133, fontpage_422_133_133), // ' 팅 ' - ' 팅 '
  FONTDATA_ITEM(422, 140, 140, fontpage_422_140_140), // ' 파 ' - ' 파 '
  FONTDATA_ITEM(422, 168, 168, fontpage_422_168_168), // ' 패 ' - ' 패 '
  FONTDATA_ITEM(422, 172, 172, fontpage_422_172_172), // ' 팬 ' - ' 팬 '
  FONTDATA_ITEM(422, 252, 252, fontpage_422_252_252), // ' 퍼 ' - ' 퍼 '
  FONTDATA_ITEM(423, 132, 132, fontpage_423_132_132), // ' 펄 ' - ' 펄 '
  FONTDATA_ITEM(423, 140, 140, fontpage_423_140_140), // ' 펌 ' - ' 펌 '
  FONTDATA_ITEM(423, 152, 152, fontpage_423_152_152), // ' 페 ' - ' 페 '
  FONTDATA_ITEM(423, 156, 156, fontpage_423_156_156), // ' 펜 ' - ' 펜 '
  FONTDATA_ITEM(423, 184, 184, fontpage_423_184_184), // ' 편 ' - ' 편 '
  FONTDATA_ITEM(423, 236, 237, fontpage_423_236_237), // ' 포 ' - ' 폭 '
  FONTDATA_ITEM(424, 220, 220, fontpage_424_220_220), // ' 표 ' - ' 표 '
  FONTDATA_ITEM(425, 128, 128, fontpage_425_128_128), // ' 풀 ' - ' 풀 '
  FONTDATA_ITEM(425, 141, 141, fontpage_425_141_141), // ' 풍 ' - ' 풍 '
  FONTDATA_ITEM(426, 132, 132, fontpage_426_132_132), // ' 프 ' - ' 프 '
  FONTDATA_ITEM(426, 140, 140, fontpage_426_140_140), // ' 플 ' - ' 플 '
  FONTDATA_ITEM(426, 192, 192, fontpage_426_192_192), // ' 핀 ' - ' 핀 '
  FONTDATA_ITEM(426, 196, 196, fontpage_426_196_196), // ' 필 ' - ' 필 '
  FONTDATA_ITEM(426, 209, 209, fontpage_426_209_209), // ' 핑 ' - ' 핑 '
  FONTDATA_ITEM(426, 216, 216, fontpage_426_216_216), // ' 하 ' - ' 하 '
  FONTDATA_ITEM(426, 220, 220, fontpage_426_220_220), // ' 한 ' - ' 한 '
  FONTDATA_ITEM(426, 224, 224, fontpage_426_224_224), // ' 할 ' - ' 할 '
  FONTDATA_ITEM(426, 233, 233, fontpage_426_233_233), // ' 합 ' - ' 합 '
  FONTDATA_ITEM(426, 235, 235, fontpage_426_235_235), // ' 핫 ' - ' 핫 '
  FONTDATA_ITEM(426, 237, 237, fontpage_426_237_237), // ' 항 ' - ' 항 '
  FONTDATA_ITEM(426, 244, 244, fontpage_426_244_244), // ' 해 ' - ' 해 '
  FONTDATA_ITEM(427, 136, 137, fontpage_427_136_137), // ' 했 ' - ' 행 '
  FONTDATA_ITEM(427, 165, 165, fontpage_427_165_165), // ' 향 ' - ' 향 '
  FONTDATA_ITEM(427, 200, 200, fontpage_427_200_200), // ' 허 ' - ' 허 '
  FONTDATA_ITEM(427, 216, 216, fontpage_427_216_216), // ' 험 ' - ' 험 '
  FONTDATA_ITEM(427, 228, 228, fontpage_427_228_228), // ' 헤 ' - ' 헤 '
  FONTDATA_ITEM(428, 132, 132, fontpage_428_132_132), // ' 현 ' - ' 현 '
  FONTDATA_ITEM(428, 149, 149, fontpage_428_149_149), // ' 형 ' - ' 형 '
  FONTDATA_ITEM(428, 184, 184, fontpage_428_184_184), // ' 호 ' - ' 호 '
  FONTDATA_ITEM(428, 188, 188, fontpage_428_188_188), // ' 혼 ' - ' 혼 '
  FONTDATA_ITEM(428, 200, 201, fontpage_428_200_201), // ' 홈 ' - ' 홉 '
  FONTDATA_ITEM(428, 212, 213, fontpage_428_212_213), // ' 화 ' - ' 확 '
  FONTDATA_ITEM(428, 216, 216, fontpage_428_216_216), // ' 환 ' - ' 환 '
  FONTDATA_ITEM(428, 220, 220, fontpage_428_220_220), // ' 활 ' - ' 활 '
  FONTDATA_ITEM(428, 233, 233, fontpage_428_233_233), // ' 황 ' - ' 황 '
  FONTDATA_ITEM(429, 140, 140, fontpage_429_140_140), // ' 회 ' - ' 회 '
  FONTDATA_ITEM(429, 159, 159, fontpage_429_159_159), // ' 횟 ' - ' 횟 '
  FONTDATA_ITEM(429, 168, 168, fontpage_429_168_168), // ' 효 ' - ' 효 '
  FONTDATA_ITEM(429, 196, 196, fontpage_429_196_196), // ' 후 ' - ' 후 '
  FONTDATA_ITEM(430, 208, 208, fontpage_430_208_208), // ' 흐 ' - ' 흐 '
  FONTDATA_ITEM(430, 240, 240, fontpage_430_240_240), // ' 흰 ' - ' 흰 '
  FONTDATA_ITEM(431, 136, 136, fontpage_431_136_136), // ' 히 ' - ' 히 '
};
